{
"type": "FeatureCollection",
"name": "comunidades",
"crs": { "type": "name", "properties": { "name": "urn:ogc:def:crs:OGC:1.3:CRS84" } },
"features": [
{ "type": "Feature", "properties": { "INSPIREID": "ES.IGN.BDDAE.34010000000", "COUNTRY": "ES", "NATLEV": "https://inspire.ec.europa.eu/codelist/AdministrativeHierarchyLevel/2ndOrder", "NATLEVNAME": "Comunidad autónoma", "NATCODE": "34010000000", "NAMEUNIT": "Andalucía", "CODNUT1": "ES6", "CODNUT2": "ES61", "CODNUT3": null }, "geometry": { "type": "MultiPolygon", "coordinates": [ [ [ [ -6.301325, 36.547988 ], [ -6.304354, 36.548281 ], [ -6.304626, 36.548691 ], [ -6.301325, 36.547988 ] ] ], [ [ [ -6.322776, 36.612964 ], [ -6.313978, 36.615899 ], [ -6.319607, 36.612022 ], [ -6.322776, 36.612964 ] ] ], [ [ [ -5.4645881, 36.050275895 ], [ -5.61028041, 36.000280537 ], [ -5.652500954, 36.05315588 ], [ -5.689289572, 36.067360446 ], [ -5.723817192, 36.060055423 ], [ -5.77633896, 36.087762571 ], [ -5.797243828, 36.078272698 ], [ -5.912691, 36.183272 ], [ -6.036032, 36.181716 ], [ -6.101017, 36.280205 ], [ -6.143192, 36.296399 ], [ -6.179787, 36.363786 ], [ -6.219802, 36.392071 ], [ -6.290926, 36.525551 ], [ -6.322194, 36.526304 ], [ -6.279647, 36.545405 ], [ -6.292262, 36.532855 ], [ -6.272582, 36.54067 ], [ -6.281983, 36.527416 ], [ -6.255702, 36.508642 ], [ -6.255497, 36.472225 ], [ -6.224588, 36.477824 ], [ -6.220556507, 36.46615313 ], [ -6.173173537, 36.521311892 ], [ -6.200530323, 36.528727087 ], [ -6.207867431, 36.509578904 ], [ -6.242061978, 36.506194453 ], [ -6.259110106, 36.52855237 ], [ -6.230245848, 36.524816978 ], [ -6.21952117, 36.527248161 ], [ -6.24886, 36.53381 ], [ -6.232135, 36.5408 ], [ -6.229727, 36.577348 ], [ -6.268324, 36.579512 ], [ -6.301826, 36.61796 ], [ -6.329352, 36.624853 ], [ -6.326197, 36.610186 ], [ -6.338768, 36.624766 ], [ -6.356838, 36.613513 ], [ -6.396116, 36.6281 ], [ -6.450292, 36.739726 ], [ -6.364207976, 36.788057867 ], [ -6.396566187, 36.806762108 ], [ -6.458442893, 36.919765213 ], [ -6.5820704, 37.014442336 ], [ -6.913401808, 37.173636719 ], [ -6.910883, 37.160469 ], [ -6.843417, 37.125754 ], [ -6.839325, 37.122034 ], [ -6.832135, 37.107921 ], [ -6.9505144, 37.177254748 ], [ -6.944038, 37.165635 ], [ -6.948699, 37.16398 ], [ -7.045687, 37.207663 ], [ -7.278742, 37.200445 ], [ -7.367278, 37.162756 ], [ -7.403128001, 37.174424291 ], [ -7.433532397, 37.249736243 ], [ -7.421691226, 37.273784889 ], [ -7.442177915, 37.311299886 ], [ -7.440476576, 37.391015323 ], [ -7.462706834, 37.408989103 ], [ -7.4455717, 37.418710914 ], [ -7.463478116, 37.485919686 ], [ -7.492164742, 37.522169242 ], [ -7.511721326, 37.524884184 ], [ -7.522601346, 37.55663798 ], [ -7.506651919, 37.557588508 ], [ -7.503874428, 37.604670174 ], [ -7.48874165, 37.604192169 ], [ -7.443807587, 37.664391803 ], [ -7.452575123, 37.677790761 ], [ -7.421372074, 37.758941807 ], [ -7.325134882, 37.815322982 ], [ -7.283469381, 37.868971159 ], [ -7.24826024, 37.954770845 ], [ -7.262441806, 37.979859801 ], [ -7.202272751, 38.003427701 ], [ -7.173454056, 37.99283289 ], [ -7.120667983, 38.004631481 ], [ -7.128376612, 38.02955405 ], [ -7.098709218, 38.043880846 ], [ -7.046784195, 38.014255251 ], [ -7.002020556, 38.022397301 ], [ -6.987802834, 38.101983801 ], [ -6.952175354, 38.152778331 ], [ -6.969144924, 38.166312802 ], [ -6.931561659, 38.208209793 ], [ -6.848429192, 38.177235851 ], [ -6.795092382, 38.178541084 ], [ -6.815814964, 38.120137858 ], [ -6.770054673, 38.112113215 ], [ -6.758216982, 38.092711225 ], [ -6.6221042, 38.097007665 ], [ -6.580525738, 38.052772427 ], [ -6.583580692, 38.021284687 ], [ -6.545693275, 38.028118782 ], [ -6.47656005, 38.007834378 ], [ -6.443608757, 38.046957243 ], [ -6.452439213, 38.055959065 ], [ -6.41390245, 38.058563047 ], [ -6.367246498, 38.048919014 ], [ -6.352706286, 38.007397723 ], [ -6.30362529, 37.97833676 ], [ -6.201516817, 37.962062337 ], [ -6.180239935, 37.941026032 ], [ -6.115306855, 37.98176708 ], [ -5.953688202, 37.995345805 ], [ -5.934224207, 38.04687453 ], [ -5.908981913, 38.062846221 ], [ -5.926377783, 38.105012754 ], [ -5.880664627, 38.132280839 ], [ -5.877376229, 38.155715082 ], [ -5.851523287, 38.171906065 ], [ -5.757280145, 38.180563795 ], [ -5.728162424, 38.197417261 ], [ -5.694730339, 38.186521405 ], [ -5.684242811, 38.157064005 ], [ -5.705785859, 38.169382044 ], [ -5.694710518, 38.150345898 ], [ -5.740737251, 38.12653906 ], [ -5.734900009, 38.086255384 ], [ -5.693631034, 38.083739753 ], [ -5.633432081, 38.138121522 ], [ -5.584788526, 38.131705555 ], [ -5.575859852, 38.149643284 ], [ -5.53967291, 38.160685407 ], [ -5.538707289, 38.200604581 ], [ -5.520426917, 38.207567135 ], [ -5.525957649, 38.264123677 ], [ -5.575647725, 38.329106382 ], [ -5.559247847, 38.366884858 ], [ -5.585065973, 38.385843234 ], [ -5.570337718, 38.430893459 ], [ -5.519723099, 38.463289004 ], [ -5.4846004, 38.462952425 ], [ -5.479518789, 38.484254013 ], [ -5.41861735, 38.512729653 ], [ -5.406931585, 38.543695408 ], [ -5.383168885, 38.540478195 ], [ -5.392720344, 38.55348346 ], [ -5.37174812, 38.583571725 ], [ -5.308513819, 38.577618609 ], [ -5.292237003, 38.610808025 ], [ -5.223775436, 38.656712102 ], [ -5.214745189, 38.648566919 ], [ -5.208484528, 38.667697042 ], [ -5.18423315, 38.659727776 ], [ -5.185763915, 38.6741698 ], [ -5.167321643, 38.680468897 ], [ -5.18450457, 38.719695492 ], [ -5.099189776, 38.707652776 ], [ -5.041794734, 38.728673006 ], [ -5.008025176, 38.715228922 ], [ -5.004599618, 38.695095074 ], [ -4.876969923, 38.686094111 ], [ -4.859623813, 38.614386675 ], [ -4.705238986, 38.571198109 ], [ -4.703124373, 38.553061021 ], [ -4.621962692, 38.523451023 ], [ -4.59366507, 38.485952157 ], [ -4.539427456, 38.482017064 ], [ -4.452779424, 38.401469952 ], [ -4.286484599, 38.342452539 ], [ -4.268467841, 38.347026716 ], [ -4.276302797, 38.390543238 ], [ -4.255491749, 38.401620331 ], [ -4.155670606, 38.38069807 ], [ -3.912792133, 38.367839669 ], [ -3.854987311, 38.37493378 ], [ -3.828639826, 38.414255105 ], [ -3.785612228, 38.425268665 ], [ -3.598236236, 38.398474084 ], [ -3.583075976, 38.451468907 ], [ -3.541888464, 38.44538493 ], [ -3.528442673, 38.408641044 ], [ -3.451698381, 38.400318431 ], [ -3.376684039, 38.43959599 ], [ -3.375012021, 38.475234969 ], [ -3.326492432, 38.482120862 ], [ -3.279423502, 38.460243874 ], [ -3.138288276, 38.438576821 ], [ -3.064966383, 38.478247721 ], [ -3.002580894, 38.40793415 ], [ -2.993591391, 38.449499693 ], [ -2.962666724, 38.471186178 ], [ -2.904507469, 38.469724133 ], [ -2.880138866, 38.452413666 ], [ -2.861021193, 38.475486684 ], [ -2.780328564, 38.508951309 ], [ -2.764555894, 38.532070728 ], [ -2.681253458, 38.496929277 ], [ -2.597279236, 38.512440346 ], [ -2.566598511, 38.490698643 ], [ -2.57251233, 38.414602506 ], [ -2.483416221, 38.397748 ], [ -2.485400657, 38.301480438 ], [ -2.435487728, 38.272348236 ], [ -2.454774358, 38.215661142 ], [ -2.446576137, 38.18499833 ], [ -2.54987054, 38.080541755 ], [ -2.42484152, 38.032923024 ], [ -2.341221583, 38.025832833 ], [ -2.298366711, 38.00280248 ], [ -2.247380503, 37.934219821 ], [ -2.172146789, 37.888651174 ], [ -2.124891676, 37.900277089 ], [ -2.097267915, 37.876895037 ], [ -2.021563137, 37.868200938 ], [ -1.994972286, 37.880280606 ], [ -1.974224062, 37.868471875 ], [ -1.995645136, 37.840234525 ], [ -2.008835887, 37.774951233 ], [ -1.99583233, 37.728047302 ], [ -2.012651247, 37.700600798 ], [ -2.011813734, 37.672248133 ], [ -1.976806956, 37.618727856 ], [ -1.845089965, 37.455015931 ], [ -1.808562686, 37.433533014 ], [ -1.811756354, 37.451556282 ], [ -1.737075099, 37.442633471 ], [ -1.630123743, 37.375231222 ], [ -1.677081286, 37.352845457 ], [ -1.689014822, 37.339242149 ], [ -1.708298727, 37.304112959 ], [ -1.710323092, 37.303179622 ], [ -1.712422791, 37.300471428 ], [ -1.721305321, 37.295628399 ], [ -1.723612567, 37.290614797 ], [ -1.725140738, 37.290306786 ], [ -1.726146139, 37.288217479 ], [ -1.727288798, 37.288022464 ], [ -1.728684374, 37.286874729 ], [ -1.729264064, 37.285943555 ], [ -1.731235914, 37.285405877 ], [ -1.730925093, 37.283762094 ], [ -1.737756893, 37.280626357 ], [ -1.744748699, 37.27530163 ], [ -1.749978295, 37.26668602 ], [ -1.758903506, 37.262994258 ], [ -1.762158221, 37.258449482 ], [ -1.761365483, 37.257278453 ], [ -1.76332612, 37.255991992 ], [ -1.763538281, 37.254741333 ], [ -1.763179714, 37.254602386 ], [ -1.764849118, 37.253880705 ], [ -1.767088993, 37.250230066 ], [ -1.768846396, 37.25023002 ], [ -1.771775155, 37.245365588 ], [ -1.771801599, 37.246540091 ], [ -1.772166577, 37.246567464 ], [ -1.772081987, 37.245921393 ], [ -1.773232139, 37.245695627 ], [ -1.774227084, 37.244378776 ], [ -1.77480194, 37.242996644 ], [ -1.774077624, 37.24006085 ], [ -1.79806, 37.228791 ], [ -1.819969, 37.183299 ], [ -1.833189, 37.119123 ], [ -1.849018, 37.096095 ], [ -1.849482, 37.068404 ], [ -1.900761362, 36.98775687 ], [ -1.90374226, 36.937369906 ], [ -1.940529293, 36.936522712 ], [ -1.967301617, 36.898862991 ], [ -1.99208332, 36.89373018 ], [ -1.999606778, 36.840023636 ], [ -2.060022374, 36.809722984 ], [ -2.060277184, 36.777822909 ], [ -2.106196259, 36.762653495 ], [ -2.124279732, 36.732003329 ], [ -2.193406132, 36.72109673 ], [ -2.193349931, 36.723259854 ], [ -2.195028466, 36.725524865 ], [ -2.250118735, 36.785029374 ], [ -2.291230242, 36.820068945 ], [ -2.361489231, 36.841597807 ], [ -2.426546776, 36.810739602 ], [ -2.475124553, 36.837025755 ], [ -2.46412219, 36.825852527 ], [ -2.481953043, 36.83557739 ], [ -2.561924545, 36.816130834 ], [ -2.561553393, 36.814371606 ], [ -2.568444482, 36.811115568 ], [ -2.584567574, 36.794306746 ], [ -2.599325897, 36.775688125 ], [ -2.619648611, 36.726958177 ], [ -2.700329809, 36.682998868 ], [ -2.763781595, 36.680852348 ], [ -2.815603161, 36.70629448 ], [ -2.849481509, 36.695470663 ], [ -2.926715618, 36.751781206 ], [ -2.977681347, 36.73832713 ], [ -3.25889583, 36.753406269 ], [ -3.338861398, 36.738284795 ], [ -3.419913177, 36.693889676 ], [ -3.482666476, 36.697274694 ], [ -3.525854736, 36.724119494 ], [ -3.514125196, 36.712443272 ], [ -3.55369704, 36.714950418 ], [ -3.60227401, 36.744678498 ], [ -3.657722072, 36.746554572 ], [ -3.727498101, 36.719174789 ], [ -3.74983085, 36.738012397 ], [ -3.767586391, 36.729227009 ], [ -3.835477909, 36.754038782 ], [ -3.957185846, 36.726087606 ], [ -4.06731381, 36.748779109 ], [ -4.107937767, 36.725674201 ], [ -4.184309803, 36.714553516 ], [ -4.396476169, 36.721985222 ], [ -4.414533648, 36.698688551 ], [ -4.413789251, 36.718430754 ], [ -4.418235535, 36.701075485 ], [ -4.426274336, 36.709879369 ], [ -4.441399931, 36.681069811 ], [ -4.481786568, 36.639382883 ], [ -4.504709326, 36.607357188 ], [ -4.507711059, 36.597489486 ], [ -4.511988486, 36.592816334 ], [ -4.603489627, 36.562942745 ], [ -4.638423484, 36.507017401 ], [ -4.740521888, 36.482647894 ], [ -4.912178947, 36.505565218 ], [ -5.005890921, 36.459530855 ], [ -5.081658494, 36.450388247 ], [ -5.176995176, 36.414333043 ], [ -5.220041017, 36.375406971 ], [ -5.246999648, 36.310973639 ], [ -5.28311975, 36.288406874 ], [ -5.28034153, 36.285982144 ], [ -5.275672332, 36.288736548 ], [ -5.271699724, 36.288899376 ], [ -5.27064135, 36.288135344 ], [ -5.3173635, 36.228633925 ], [ -5.33885249, 36.153450647 ], [ -5.36510398, 36.155079057 ], [ -5.35298938, 36.156974497 ], [ -5.385077426, 36.179960868 ], [ -5.42734796, 36.175471777 ], [ -5.447239103, 36.138711561 ], [ -5.435560987, 36.148331769 ], [ -5.44245928, 36.127782951 ], [ -5.431933292, 36.128013477 ], [ -5.430205477, 36.143624136 ], [ -5.428226218, 36.147650599 ], [ -5.427930564, 36.147554554 ], [ -5.422295515, 36.11991513 ], [ -5.441552143, 36.121291448 ], [ -5.431184688, 36.105672483 ], [ -5.443546452, 36.091606071 ], [ -5.425508901, 36.077128753 ], [ -5.4645881, 36.050275895 ] ] ], [ [ [ -6.445809, 36.72097 ], [ -6.447041, 36.719286 ], [ -6.446192, 36.722613 ], [ -6.445809, 36.72097 ] ] ], [ [ [ -6.469816, 36.736416 ], [ -6.473572, 36.736166 ], [ -6.473735, 36.737705 ], [ -6.469816, 36.736416 ] ] ], [ [ [ -6.456804, 36.735504 ], [ -6.456061, 36.736368 ], [ -6.455669, 36.7361 ], [ -6.456804, 36.735504 ] ] ], [ [ [ -6.006479404, 36.181526483 ], [ -6.005902002, 36.181252614 ], [ -6.006664756, 36.181431705 ], [ -6.006479404, 36.181526483 ] ] ], [ [ [ -6.008493308, 36.181574976 ], [ -6.008474623, 36.181377183 ], [ -6.009246077, 36.181492955 ], [ -6.008493308, 36.181574976 ] ] ], [ [ [ -6.216302574, 36.382319033 ], [ -6.21633582, 36.386271304 ], [ -6.213857282, 36.386337223 ], [ -6.214437365, 36.383499429 ], [ -6.216302574, 36.382319033 ] ] ], [ [ [ -6.218971, 36.386199 ], [ -6.220077, 36.385351 ], [ -6.221236, 36.386924 ], [ -6.218971, 36.386199 ] ] ], [ [ [ -6.222923, 36.378607 ], [ -6.225558, 36.396603 ], [ -6.220093, 36.377288 ], [ -6.222923, 36.378607 ] ] ], [ [ [ -6.221095852, 36.388458914 ], [ -6.22139509, 36.387695117 ], [ -6.221320917, 36.38870998 ], [ -6.221095852, 36.388458914 ] ] ], [ [ [ -6.239497, 36.422516 ], [ -6.241314, 36.425571 ], [ -6.238734, 36.422516 ], [ -6.239497, 36.422516 ] ] ], [ [ [ -6.290947, 36.516124 ], [ -6.291822, 36.514783 ], [ -6.292641, 36.51495 ], [ -6.290947, 36.516124 ] ] ], [ [ [ -5.437467873, 36.064238997 ], [ -5.437334461, 36.064232698 ], [ -5.437532218, 36.06416558 ], [ -5.437467873, 36.064238997 ] ] ], [ [ [ -5.437294807, 36.064386733 ], [ -5.437331424, 36.064494149 ], [ -5.437219368, 36.064460375 ], [ -5.437294807, 36.064386733 ] ] ], [ [ [ -5.435210154, 36.064825724 ], [ -5.434278489, 36.065214212 ], [ -5.434279594, 36.064889707 ], [ -5.435210154, 36.064825724 ] ] ], [ [ [ -5.436467469, 36.065277866 ], [ -5.436598383, 36.065203096 ], [ -5.436536537, 36.065357582 ], [ -5.436467469, 36.065277866 ] ] ], [ [ [ -5.436195657, 36.065463663 ], [ -5.436033402, 36.065602165 ], [ -5.436104955, 36.065402414 ], [ -5.436195657, 36.065463663 ] ] ], [ [ [ -5.436421439, 36.065585259 ], [ -5.436314936, 36.06573164 ], [ -5.436363188, 36.065496309 ], [ -5.436421439, 36.065585259 ] ] ], [ [ [ -5.423415751, 36.076259625 ], [ -5.423829632, 36.07635941 ], [ -5.423901738, 36.07653822 ], [ -5.423415751, 36.076259625 ] ] ], [ [ [ -5.423962434, 36.077068784 ], [ -5.423972939, 36.077411081 ], [ -5.423617063, 36.077030706 ], [ -5.423962434, 36.077068784 ] ] ], [ [ [ -5.295387316, 36.245437252 ], [ -5.294276077, 36.245988151 ], [ -5.293093359, 36.245497064 ], [ -5.295387316, 36.245437252 ] ] ], [ [ [ -3.389749639, 36.70812772 ], [ -3.389550704, 36.708642212 ], [ -3.389537006, 36.708146448 ], [ -3.389749639, 36.70812772 ] ] ], [ [ [ -3.03314377, 35.938160788 ], [ -3.036664986, 35.939805132 ], [ -3.031034975, 35.941521834 ], [ -3.03314377, 35.938160788 ] ] ], [ [ [ -3.03017386, 35.942250793 ], [ -3.029985304, 35.942052484 ], [ -3.030362256, 35.942016329 ], [ -3.03017386, 35.942250793 ] ] ], [ [ [ -2.19128951, 36.720045696 ], [ -2.191007785, 36.720215059 ], [ -2.190941642, 36.720115449 ], [ -2.19128951, 36.720045696 ] ] ], [ [ [ -2.191026776, 36.720539713 ], [ -2.190621027, 36.720789363 ], [ -2.190828252, 36.720249897 ], [ -2.191026776, 36.720539713 ] ] ], [ [ [ -2.194012572, 36.722002297 ], [ -2.193573517, 36.722224689 ], [ -2.193768394, 36.721793308 ], [ -2.194012572, 36.722002297 ] ] ], [ [ [ -2.17512626, 36.722567172 ], [ -2.17475886, 36.722366309 ], [ -2.174815522, 36.722303599 ], [ -2.17512626, 36.722567172 ] ] ], [ [ [ -2.566479349, 36.811676319 ], [ -2.567223196, 36.81098491 ], [ -2.567267887, 36.811012117 ], [ -2.566479349, 36.811676319 ] ] ], [ [ [ -2.049631704, 36.812317776 ], [ -2.048903728, 36.812257876 ], [ -2.049008182, 36.81197025 ], [ -2.049631704, 36.812317776 ] ] ], [ [ [ -2.002789189, 36.836769138 ], [ -2.002333423, 36.836458831 ], [ -2.002893265, 36.836526624 ], [ -2.002789189, 36.836769138 ] ] ], [ [ [ -1.886187654, 36.992371254 ], [ -1.885418031, 36.993517795 ], [ -1.884999955, 36.992134756 ], [ -1.886187654, 36.992371254 ] ] ], [ [ [ -1.820318, 37.174688 ], [ -1.820212, 37.175773 ], [ -1.820145, 37.175795 ], [ -1.820318, 37.174688 ] ] ], [ [ [ -1.81986, 37.178113 ], [ -1.819583, 37.178731 ], [ -1.819826, 37.177686 ], [ -1.81986, 37.178113 ] ] ], [ [ [ -1.774367592, 37.243361703 ], [ -1.774299517, 37.243388039 ], [ -1.774357195, 37.243307515 ], [ -1.774367592, 37.243361703 ] ] ], [ [ [ -1.773755213, 37.243580701 ], [ -1.77385316, 37.24379804 ], [ -1.773695926, 37.243760358 ], [ -1.773755213, 37.243580701 ] ] ], [ [ [ -1.774044943, 37.243791012 ], [ -1.773918605, 37.24393392 ], [ -1.773874683, 37.243861357 ], [ -1.774044943, 37.243791012 ] ] ], [ [ [ -1.773451013, 37.244262578 ], [ -1.773312669, 37.244450428 ], [ -1.773234197, 37.244422575 ], [ -1.773451013, 37.244262578 ] ] ], [ [ [ -1.773390847, 37.244496306 ], [ -1.77324123, 37.24468404 ], [ -1.773153533, 37.244529901 ], [ -1.773390847, 37.244496306 ] ] ], [ [ [ -1.772878597, 37.244797458 ], [ -1.772988693, 37.244960842 ], [ -1.772750792, 37.245030485 ], [ -1.772878597, 37.244797458 ] ] ], [ [ [ -1.773501985, 37.245290646 ], [ -1.773200539, 37.245107253 ], [ -1.773370218, 37.245072957 ], [ -1.773501985, 37.245290646 ] ] ], [ [ [ -1.773050627, 37.245313011 ], [ -1.773041109, 37.24520475 ], [ -1.773141688, 37.245259873 ], [ -1.773050627, 37.245313011 ] ] ], [ [ [ -1.773319863, 37.245396921 ], [ -1.7733408, 37.245496287 ], [ -1.773240221, 37.245441164 ], [ -1.773319863, 37.245396921 ] ] ], [ [ [ -1.769527535, 37.247719114 ], [ -1.769619482, 37.247611908 ], [ -1.769629142, 37.247711156 ], [ -1.769527535, 37.247719114 ] ] ], [ [ [ -1.769661915, 37.248468631 ], [ -1.769762936, 37.248496721 ], [ -1.769694269, 37.248559102 ], [ -1.769661915, 37.248468631 ] ] ], [ [ [ -1.769264264, 37.248653782 ], [ -1.769523847, 37.248638453 ], [ -1.769330878, 37.248717569 ], [ -1.769264264, 37.248653782 ] ] ], [ [ [ -1.769015782, 37.24937228 ], [ -1.768972596, 37.249254655 ], [ -1.769131012, 37.249220248 ], [ -1.769015782, 37.24937228 ] ] ], [ [ [ -1.76569633, 37.251717288 ], [ -1.765957101, 37.251629871 ], [ -1.765955777, 37.251710979 ], [ -1.76569633, 37.251717288 ] ] ], [ [ [ -1.76535664, 37.251803882 ], [ -1.765287083, 37.251920332 ], [ -1.765174786, 37.25189212 ], [ -1.76535664, 37.251803882 ] ] ], [ [ [ -1.765692356, 37.251960611 ], [ -1.7658398, 37.251908067 ], [ -1.765884602, 37.251926561 ], [ -1.765692356, 37.251960611 ] ] ], [ [ [ -1.765247226, 37.252289469 ], [ -1.765123506, 37.252270152 ], [ -1.765225414, 37.252244174 ], [ -1.765247226, 37.252289469 ] ] ], [ [ [ -1.765068987, 37.252846447 ], [ -1.764967962, 37.252818353 ], [ -1.765148789, 37.252793198 ], [ -1.765068987, 37.252846447 ] ] ], [ [ [ -1.764487233, 37.253254999 ], [ -1.76467963, 37.253211939 ], [ -1.764497476, 37.2533182 ], [ -1.764487233, 37.253254999 ] ] ], [ [ [ -1.763845712, 37.253870234 ], [ -1.763675124, 37.253958588 ], [ -1.763936937, 37.253808092 ], [ -1.763845712, 37.253870234 ] ] ], [ [ [ -1.763797814, 37.25404099 ], [ -1.763989329, 37.254052003 ], [ -1.763625752, 37.254219464 ], [ -1.763797814, 37.25404099 ] ] ], [ [ [ -1.763031083, 37.254727022 ], [ -1.763063431, 37.254817495 ], [ -1.762962257, 37.254798411 ], [ -1.763031083, 37.254727022 ] ] ], [ [ [ -1.763288918, 37.25481985 ], [ -1.763107939, 37.254854013 ], [ -1.763300635, 37.254792932 ], [ -1.763288918, 37.25481985 ] ] ], [ [ [ -1.761370505, 37.256972047 ], [ -1.761346035, 37.257088967 ], [ -1.761301675, 37.257043435 ], [ -1.761370505, 37.256972047 ] ] ], [ [ [ -1.750605933, 37.266241972 ], [ -1.750716458, 37.26637834 ], [ -1.750582338, 37.266304817 ], [ -1.750605933, 37.266241972 ] ] ], [ [ [ -1.745566859, 37.271542681 ], [ -1.74569285, 37.271426841 ], [ -1.745714954, 37.271454116 ], [ -1.745566859, 37.271542681 ] ] ], [ [ [ -1.744719793, 37.272290833 ], [ -1.744548392, 37.272424217 ], [ -1.744665206, 37.272182093 ], [ -1.744719793, 37.272290833 ] ] ], [ [ [ -1.741403691, 37.275680735 ], [ -1.741485186, 37.275528373 ], [ -1.741516465, 37.275681934 ], [ -1.741403691, 37.275680735 ] ] ], [ [ [ -1.741614808, 37.275872262 ], [ -1.741513762, 37.275844147 ], [ -1.741616009, 37.275800167 ], [ -1.741614808, 37.275872262 ] ] ], [ [ [ -1.740013145, 37.277901285 ], [ -1.739955707, 37.277963767 ], [ -1.739922926, 37.277900324 ], [ -1.740013145, 37.277901285 ] ] ], [ [ [ -1.739273052, 37.278317038 ], [ -1.739067353, 37.278477089 ], [ -1.739000139, 37.278449332 ], [ -1.739273052, 37.278317038 ] ] ], [ [ [ -1.731977202, 37.282908078 ], [ -1.732203067, 37.282892471 ], [ -1.731976295, 37.282962149 ], [ -1.731977202, 37.282908078 ] ] ], [ [ [ -1.732256435, 37.283073312 ], [ -1.732144712, 37.283009021 ], [ -1.732280805, 37.282965411 ], [ -1.732256435, 37.283073312 ] ] ], [ [ [ -1.730542238, 37.283721934 ], [ -1.730521194, 37.283631573 ], [ -1.730588259, 37.283668346 ], [ -1.730542238, 37.283721934 ] ] ], [ [ [ -1.72848454, 37.286683299 ], [ -1.728586048, 37.28668439 ], [ -1.728584229, 37.286792532 ], [ -1.72848454, 37.286683299 ] ] ], [ [ [ -1.725294143, 37.288568843 ], [ -1.725312142, 37.28883944 ], [ -1.725169163, 37.288621577 ], [ -1.725294143, 37.288568843 ] ] ], [ [ [ -1.725055643, 37.289332417 ], [ -1.725189928, 37.289396958 ], [ -1.725143748, 37.289459554 ], [ -1.725055643, 37.289332417 ] ] ], [ [ [ -1.723930192, 37.289843066 ], [ -1.724041766, 37.289916377 ], [ -1.72398461, 37.289960827 ], [ -1.723930192, 37.289843066 ] ] ], [ [ [ -1.723608898, 37.290164085 ], [ -1.723780064, 37.290048756 ], [ -1.723755983, 37.290138631 ], [ -1.723608898, 37.290164085 ] ] ], [ [ [ -1.723753092, 37.290309855 ], [ -1.724069366, 37.290286225 ], [ -1.723840587, 37.290473041 ], [ -1.723753092, 37.290309855 ] ] ], [ [ [ -1.723499775, 37.29061358 ], [ -1.723411063, 37.290522489 ], [ -1.723512576, 37.290523584 ], [ -1.723499775, 37.29061358 ] ] ], [ [ [ -1.723218098, 37.290592514 ], [ -1.723319155, 37.290620645 ], [ -1.723250413, 37.290682997 ], [ -1.723218098, 37.290592514 ] ] ], [ [ [ -1.723372202, 37.290819513 ], [ -1.723146007, 37.290853126 ], [ -1.723339582, 37.290747054 ], [ -1.723372202, 37.290819513 ] ] ], [ [ [ -1.72243222, 37.291701699 ], [ -1.722625036, 37.291640687 ], [ -1.722612386, 37.291721671 ], [ -1.72243222, 37.291701699 ] ] ], [ [ [ -1.720774551, 37.295658716 ], [ -1.720559316, 37.29571047 ], [ -1.720571816, 37.295638497 ], [ -1.720774551, 37.295658716 ] ] ], [ [ [ -1.719288319, 37.296147391 ], [ -1.719400967, 37.296157624 ], [ -1.719343345, 37.296229108 ], [ -1.719288319, 37.296147391 ] ] ], [ [ [ -1.719296697, 37.296318737 ], [ -1.719048077, 37.296343086 ], [ -1.719275512, 37.296237387 ], [ -1.719296697, 37.296318737 ] ] ], [ [ [ -1.719397149, 37.296382918 ], [ -1.719545012, 37.296312411 ], [ -1.719532052, 37.296411418 ], [ -1.719397149, 37.296382918 ] ] ], [ [ [ -1.718277974, 37.296515015 ], [ -1.718557226, 37.296680281 ], [ -1.718241229, 37.296685872 ], [ -1.718277974, 37.296515015 ] ] ], [ [ [ -1.717794269, 37.297095647 ], [ -1.717906001, 37.297159952 ], [ -1.717793199, 37.29715873 ], [ -1.717794269, 37.297095647 ] ] ], [ [ [ -1.712453954, 37.299967016 ], [ -1.712746635, 37.300006255 ], [ -1.71248626, 37.300057502 ], [ -1.712453954, 37.299967016 ] ] ], [ [ [ -1.713267232, 37.29991277 ], [ -1.713391011, 37.299932143 ], [ -1.713266464, 37.299957829 ], [ -1.713267232, 37.29991277 ] ] ], [ [ [ -1.709174464, 37.3037079 ], [ -1.70905299, 37.303553347 ], [ -1.709242921, 37.30366358 ], [ -1.709174464, 37.3037079 ] ] ], [ [ [ -1.707642721, 37.304204942 ], [ -1.707584773, 37.304294443 ], [ -1.707541036, 37.304212844 ], [ -1.707642721, 37.304204942 ] ] ], [ [ [ -1.70744323, 37.304653432 ], [ -1.707318518, 37.304688123 ], [ -1.707353133, 37.304643435 ], [ -1.70744323, 37.304653432 ] ] ], [ [ [ -1.704405285, 37.310731281 ], [ -1.704327702, 37.310649311 ], [ -1.704406832, 37.310641164 ], [ -1.704405285, 37.310731281 ] ] ], [ [ [ -1.704231104, 37.311017802 ], [ -1.70418814, 37.310891144 ], [ -1.704312863, 37.310856456 ], [ -1.704231104, 37.311017802 ] ] ], [ [ [ -1.704113179, 37.311313952 ], [ -1.703966354, 37.311321357 ], [ -1.70400283, 37.311168529 ], [ -1.704113179, 37.311313952 ] ] ], [ [ [ -1.70313778, 37.312258681 ], [ -1.703227111, 37.312313741 ], [ -1.703114441, 37.312303492 ], [ -1.70313778, 37.312258681 ] ] ], [ [ [ -1.703361881, 37.312351271 ], [ -1.70327224, 37.312314235 ], [ -1.703351372, 37.312306089 ], [ -1.703361881, 37.312351271 ] ] ], [ [ [ -1.701282064, 37.315176683 ], [ -1.701428741, 37.315178293 ], [ -1.701292882, 37.315203842 ], [ -1.701282064, 37.315176683 ] ] ], [ [ [ -1.699832136, 37.317459164 ], [ -1.700129533, 37.317228085 ], [ -1.700195059, 37.317354992 ], [ -1.699832136, 37.317459164 ] ] ], [ [ [ -1.69973276, 37.317331885 ], [ -1.699650518, 37.317520261 ], [ -1.699506631, 37.317356439 ], [ -1.69973276, 37.317331885 ] ] ], [ [ [ -1.699668117, 37.317808883 ], [ -1.699745703, 37.317890856 ], [ -1.699622208, 37.317853445 ], [ -1.699668117, 37.317808883 ] ] ], [ [ [ -1.699593228, 37.31888065 ], [ -1.699728008, 37.318918185 ], [ -1.699592297, 37.31893472 ], [ -1.699593228, 37.31888065 ] ] ], [ [ [ -1.699008457, 37.319415021 ], [ -1.698875075, 37.31929638 ], [ -1.699053902, 37.319397494 ], [ -1.699008457, 37.319415021 ] ] ], [ [ [ -1.699638934, 37.319503075 ], [ -1.699514971, 37.319492698 ], [ -1.699549753, 37.319439001 ], [ -1.699638934, 37.319503075 ] ] ], [ [ [ -1.698536823, 37.319932608 ], [ -1.698580559, 37.320014209 ], [ -1.698513013, 37.320004453 ], [ -1.698536823, 37.319932608 ] ] ], [ [ [ -1.698884128, 37.320080643 ], [ -1.699130192, 37.320209536 ], [ -1.698893392, 37.320197918 ], [ -1.698884128, 37.320080643 ] ] ], [ [ [ -1.698532007, 37.320211969 ], [ -1.698529676, 37.320347144 ], [ -1.698350071, 37.320291087 ], [ -1.698532007, 37.320211969 ] ] ], [ [ [ -1.69894748, 37.320333714 ], [ -1.698765545, 37.320412832 ], [ -1.698745774, 37.320250374 ], [ -1.69894748, 37.320333714 ] ] ], [ [ [ -1.699054104, 37.320695421 ], [ -1.69898516, 37.320766769 ], [ -1.698975118, 37.320694552 ], [ -1.699054104, 37.320695421 ] ] ], [ [ [ -1.698578947, 37.320762301 ], [ -1.698691007, 37.3208086 ], [ -1.698566576, 37.320825258 ], [ -1.698578947, 37.320762301 ] ] ], [ [ [ -1.698394619, 37.321634568 ], [ -1.698300308, 37.321867878 ], [ -1.698212058, 37.321749733 ], [ -1.698394619, 37.321634568 ] ] ], [ [ [ -1.697958218, 37.32207142 ], [ -1.697868724, 37.322025368 ], [ -1.698016036, 37.321990936 ], [ -1.697958218, 37.32207142 ] ] ], [ [ [ -1.697526787, 37.322219896 ], [ -1.697827164, 37.321817603 ], [ -1.697579941, 37.322409762 ], [ -1.697526787, 37.322219896 ] ] ], [ [ [ -1.697414501, 37.322840582 ], [ -1.697461193, 37.322750962 ], [ -1.697470766, 37.322850215 ], [ -1.697414501, 37.322840582 ] ] ], [ [ [ -1.697188977, 37.322829084 ], [ -1.697151548, 37.323035979 ], [ -1.697064232, 37.322863763 ], [ -1.697188977, 37.322829084 ] ] ], [ [ [ -1.696620503, 37.325031093 ], [ -1.696745409, 37.324987402 ], [ -1.696721128, 37.325086282 ], [ -1.696620503, 37.325031093 ] ] ], [ [ [ -1.651683567, 37.346835128 ], [ -1.652162971, 37.347805011 ], [ -1.651369463, 37.347354314 ], [ -1.651683567, 37.346835128 ] ] ], [ [ [ -1.649077499, 37.359333764 ], [ -1.64841174, 37.359939052 ], [ -1.64783793, 37.359824332 ], [ -1.649077499, 37.359333764 ] ] ] ] } },
{ "type": "Feature", "properties": { "INSPIREID": "ES.IGN.BDDAE.34020000000", "COUNTRY": "ES", "NATLEV": "https://inspire.ec.europa.eu/codelist/AdministrativeHierarchyLevel/2ndOrder", "NATLEVNAME": "Comunidad autónoma", "NATCODE": "34020000000", "NAMEUNIT": "Aragón", "CODNUT1": "ES2", "CODNUT2": "ES24", "CODNUT3": null }, "geometry": { "type": "Polygon", "coordinates": [ [ [ -1.701892142, 40.538215956 ], [ -1.674330532, 40.592170275 ], [ -1.598749323, 40.562053904 ], [ -1.545515087, 40.595195286 ], [ -1.564856223, 40.61474242 ], [ -1.535637879, 40.687018778 ], [ -1.562017126, 40.739751701 ], [ -1.539908199, 40.760733355 ], [ -1.542334351, 40.811218708 ], [ -1.621391645, 40.880400035 ], [ -1.611852446, 40.937558213 ], [ -1.803212036, 41.089982802 ], [ -1.932446669, 41.138590094 ], [ -1.950693706, 41.16888863 ], [ -2.051693319, 41.146848954 ], [ -2.07989599, 41.170984472 ], [ -2.146241565, 41.184394933 ], [ -2.173671268, 41.288084988 ], [ -2.163137103, 41.355349862 ], [ -2.116032658, 41.382047085 ], [ -2.116767181, 41.424946515 ], [ -2.101520366, 41.445788757 ], [ -2.036004769, 41.426424545 ], [ -2.043787579, 41.397029833 ], [ -2.029270449, 41.384157756 ], [ -1.937904369, 41.407465879 ], [ -1.95393193, 41.424064009 ], [ -1.953275639, 41.462450753 ], [ -1.981111508, 41.486435224 ], [ -1.96717354, 41.545481936 ], [ -1.993482435, 41.576898696 ], [ -1.993238249, 41.600510223 ], [ -1.923100415, 41.598334522 ], [ -1.85899076, 41.661530007 ], [ -1.806223984, 41.664263382 ], [ -1.812594956, 41.686071895 ], [ -1.787257153, 41.699092242 ], [ -1.775371604, 41.724788949 ], [ -1.809049243, 41.7363104 ], [ -1.802920641, 41.751423697 ], [ -1.85212444, 41.788258358 ], [ -1.818747618, 41.829053665 ], [ -1.817512745, 41.853065349 ], [ -1.85728121, 41.909515445 ], [ -1.865188063, 41.977602018 ], [ -1.844045478, 41.987333962 ], [ -1.847184897, 42.007999143 ], [ -1.833702984, 41.995064823 ], [ -1.766896458, 41.995789323 ], [ -1.715220962, 41.956963483 ], [ -1.654145796, 41.965351495 ], [ -1.559255723, 41.91394418 ], [ -1.477601659, 41.924905003 ], [ -1.421778088, 41.913072975 ], [ -1.304822485, 42.042949355 ], [ -1.310592784, 42.072312562 ], [ -1.352277234, 42.073070498 ], [ -1.366759534, 42.106961078 ], [ -1.398881458, 42.126219357 ], [ -1.391906086, 42.181418282 ], [ -1.417530264, 42.212367582 ], [ -1.391370701, 42.272117398 ], [ -1.399081991, 42.29129979 ], [ -1.32908282, 42.355385488 ], [ -1.359904832, 42.378039144 ], [ -1.341508015, 42.423937591 ], [ -1.272780298, 42.481899187 ], [ -1.29347571, 42.510955251 ], [ -1.265453602, 42.55629107 ], [ -1.202790536, 42.54966028 ], [ -1.201920477, 42.578238887 ], [ -1.158034735, 42.599154096 ], [ -1.179775189, 42.610623587 ], [ -1.157115568, 42.610891289 ], [ -1.152046157, 42.647883858 ], [ -1.051925511, 42.642594461 ], [ -1.036808479, 42.651638484 ], [ -1.027981, 42.70006011 ], [ -0.948676268, 42.711452413 ], [ -0.922984785, 42.744000718 ], [ -0.900499284, 42.743085962 ], [ -0.900535273, 42.76046607 ], [ -0.864837814, 42.763353552 ], [ -0.847532907, 42.785919665 ], [ -0.860007029, 42.798562218 ], [ -0.856823664, 42.847057121 ], [ -0.81861203, 42.868650196 ], [ -0.819040912, 42.901042838 ], [ -0.752127577, 42.924386322 ], [ -0.726640832, 42.919003625 ], [ -0.73651956, 42.913109296 ], [ -0.723625688, 42.889596253 ], [ -0.678698151, 42.88454534 ], [ -0.603212756, 42.832431187 ], [ -0.599096801, 42.804636431 ], [ -0.569175503, 42.806940171 ], [ -0.567531496, 42.780740205 ], [ -0.529655695, 42.791658746 ], [ -0.505669785, 42.827287748 ], [ -0.441814802, 42.795359149 ], [ -0.4118999, 42.808678757 ], [ -0.385459306, 42.800747293 ], [ -0.313252392, 42.849402544 ], [ -0.18868134, 42.786859353 ], [ -0.160246192, 42.798016446 ], [ -0.111548956, 42.725989984 ], [ -0.068361195, 42.717965081 ], [ -0.056304104, 42.692250624 ], [ 0.0003767, 42.685341409 ], [ 0.01468468, 42.701843374 ], [ 0.058661479, 42.697439705 ], [ 0.077050372, 42.714571396 ], [ 0.116184108, 42.710824878 ], [ 0.175789573, 42.737072323 ], [ 0.260004434, 42.716314431 ], [ 0.263823422, 42.693159893 ], [ 0.295201717, 42.673225152 ], [ 0.360205762, 42.724175231 ], [ 0.422171944, 42.690487956 ], [ 0.587647322, 42.694660329 ], [ 0.597120069, 42.705558833 ], [ 0.660055272, 42.690827046 ], [ 0.695593463, 42.658623954 ], [ 0.707714594, 42.621077071 ], [ 0.767568509, 42.611585098 ], [ 0.740810495, 42.545398593 ], [ 0.752768258, 42.533948785 ], [ 0.734740814, 42.540345633 ], [ 0.721592502, 42.524884682 ], [ 0.742156156, 42.505603202 ], [ 0.689899632, 42.483722273 ], [ 0.746096717, 42.384776182 ], [ 0.723271943, 42.365630376 ], [ 0.771306673, 42.350642699 ], [ 0.740360083, 42.33687274 ], [ 0.76462313, 42.322481415 ], [ 0.701986558, 42.189075159 ], [ 0.698082004, 42.171803733 ], [ 0.713849242, 42.162819582 ], [ 0.695497681, 42.151411659 ], [ 0.699612648, 42.105141397 ], [ 0.651824867, 42.026202145 ], [ 0.658219269, 42.002581727 ], [ 0.64208617, 41.982183697 ], [ 0.638728714, 41.994612921 ], [ 0.616826975, 41.987159644 ], [ 0.605486235, 41.960005644 ], [ 0.586266401, 41.967132827 ], [ 0.561879704, 41.938219163 ], [ 0.607487074, 41.919315306 ], [ 0.594895553, 41.917954787 ], [ 0.592096896, 41.884422433 ], [ 0.607640247, 41.87207812 ], [ 0.579897081, 41.863623234 ], [ 0.580053126, 41.850909815 ], [ 0.555210937, 41.853011449 ], [ 0.543573496, 41.820404577 ], [ 0.515461131, 41.822353587 ], [ 0.48323184, 41.801463139 ], [ 0.468601203, 41.764976033 ], [ 0.398675638, 41.757810855 ], [ 0.395240537, 41.731820994 ], [ 0.384741762, 41.740311627 ], [ 0.325946327, 41.674653373 ], [ 0.35824714, 41.631967908 ], [ 0.349612819, 41.599464027 ], [ 0.428494362, 41.602376064 ], [ 0.446923322, 41.542235782 ], [ 0.397385282, 41.490572778 ], [ 0.339676822, 41.483331577 ], [ 0.355180755, 41.451089975 ], [ 0.32003648, 41.394183003 ], [ 0.373967681, 41.351538856 ], [ 0.348454743, 41.328089579 ], [ 0.367802625, 41.319363099 ], [ 0.385694968, 41.278548962 ], [ 0.381311238, 41.236429683 ], [ 0.322403778, 41.22524081 ], [ 0.303317789, 41.164379545 ], [ 0.252990104, 41.150152702 ], [ 0.249786683, 41.12961008 ], [ 0.214076584, 41.136946409 ], [ 0.200385384, 41.125215474 ], [ 0.200669839, 41.084802647 ], [ 0.219895939, 41.082984481 ], [ 0.230327948, 41.056935915 ], [ 0.218509391, 41.042774507 ], [ 0.279053356, 41.021133222 ], [ 0.258634955, 41.014630488 ], [ 0.293500763, 40.970561014 ], [ 0.238634776, 40.884548368 ], [ 0.279564211, 40.8208095 ], [ 0.233569853, 40.786992731 ], [ 0.229921428, 40.767394652 ], [ 0.175475056, 40.754902675 ], [ 0.174720344, 40.741180226 ], [ 0.159070266, 40.750367611 ], [ 0.164552247, 40.723816767 ], [ 0.115016011, 40.727740959 ], [ 0.042174711, 40.691005932 ], [ 0.025802189, 40.695804053 ], [ 0.015344809, 40.728417782 ], [ -0.064698935, 40.727406954 ], [ -0.126840707, 40.753317388 ], [ -0.145306208, 40.785930582 ], [ -0.197176382, 40.784456228 ], [ -0.238390018, 40.721536784 ], [ -0.235991245, 40.69110754 ], [ -0.306997816, 40.659496794 ], [ -0.328818046, 40.680279387 ], [ -0.377956799, 40.667535684 ], [ -0.370482867, 40.613592033 ], [ -0.293285613, 40.611041403 ], [ -0.302159453, 40.514930277 ], [ -0.281149952, 40.504988814 ], [ -0.272547434, 40.473530742 ], [ -0.346977493, 40.443265472 ], [ -0.285521629, 40.386298183 ], [ -0.28107771, 40.365057568 ], [ -0.340444023, 40.339326096 ], [ -0.366143083, 40.305159653 ], [ -0.388703184, 40.306989001 ], [ -0.400357192, 40.294965311 ], [ -0.383734706, 40.264227384 ], [ -0.428071518, 40.243802593 ], [ -0.494515002, 40.228731634 ], [ -0.544186915, 40.25165947 ], [ -0.578639785, 40.137334922 ], [ -0.628533479, 40.102578431 ], [ -0.613470273, 40.069589703 ], [ -0.627253588, 40.075658502 ], [ -0.681427535, 40.045128135 ], [ -0.753686595, 40.046605997 ], [ -0.777645977, 39.998407066 ], [ -0.837795323, 39.976808412 ], [ -0.84042294, 39.924950122 ], [ -0.797694793, 39.881067452 ], [ -0.863555125, 39.847409741 ], [ -0.888573989, 39.852110736 ], [ -0.912788239, 39.873052586 ], [ -0.902658568, 39.931849843 ], [ -0.920454103, 39.964403682 ], [ -0.931885854, 39.956076961 ], [ -0.989381323, 39.981827004 ], [ -1.105014917, 39.974974793 ], [ -1.121748376, 39.960851007 ], [ -1.14254654, 39.971949487 ], [ -1.16518784, 40.010096312 ], [ -1.084228389, 40.036208232 ], [ -1.072128984, 40.060484223 ], [ -1.149847357, 40.114784548 ], [ -1.244172257, 40.115511934 ], [ -1.244363011, 40.145898832 ], [ -1.28454279, 40.171248658 ], [ -1.293324022, 40.206556064 ], [ -1.296408881, 40.21008615 ], [ -1.298228013, 40.211683158 ], [ -1.322989517, 40.18485592 ], [ -1.319721774, 40.146394846 ], [ -1.357099045, 40.128886648 ], [ -1.433318678, 40.139475103 ], [ -1.448855678, 40.145341898 ], [ -1.439208362, 40.197013661 ], [ -1.474415872, 40.185041785 ], [ -1.510902489, 40.203715226 ], [ -1.540482715, 40.190804015 ], [ -1.690345742, 40.309660115 ], [ -1.701455703, 40.305920683 ], [ -1.709897562, 40.28077688 ], [ -1.714269551, 40.27679417 ], [ -1.718178971, 40.277729093 ], [ -1.729395683, 40.300967175 ], [ -1.709528492, 40.314480483 ], [ -1.756225038, 40.340436888 ], [ -1.805727739, 40.397793153 ], [ -1.748599875, 40.462896643 ], [ -1.692511959, 40.486823884 ], [ -1.701892142, 40.538215956 ] ], [ [ -1.102619764, 42.482264786 ], [ -1.129414806, 42.446620337 ], [ -1.053184018, 42.437641816 ], [ -1.085197867, 42.483567111 ], [ -1.102619764, 42.482264786 ] ], [ [ -1.149851286, 42.442161184 ], [ -1.182468165, 42.425086285 ], [ -1.18863703, 42.402498847 ], [ -1.154708644, 42.413781918 ], [ -1.149851286, 42.442161184 ] ] ] } },
{ "type": "Feature", "properties": { "INSPIREID": "ES.IGN.BDDAE.34030000000", "COUNTRY": "ES", "NATLEV": "https://inspire.ec.europa.eu/codelist/AdministrativeHierarchyLevel/2ndOrder", "NATLEVNAME": "Comunidad autónoma", "NATCODE": "34030000000", "NAMEUNIT": "Principado de Asturias", "CODNUT1": "ES1", "CODNUT2": "ES12", "CODNUT3": null }, "geometry": { "type": "MultiPolygon", "coordinates": [ [ [ [ -6.822124917, 43.143332293 ], [ -6.871106166, 43.18881666 ], [ -6.88587847, 43.156827001 ], [ -6.957077931, 43.134896242 ], [ -6.980772908, 43.166545503 ], [ -6.964901266, 43.187544705 ], [ -6.971018764, 43.204249992 ], [ -7.001444638, 43.207275815 ], [ -7.009582993, 43.22288168 ], [ -7.020053304, 43.21324001 ], [ -7.061590621, 43.244047862 ], [ -7.071507529, 43.271218107 ], [ -7.059784718, 43.305334604 ], [ -7.100932805, 43.303810015 ], [ -7.131207538, 43.331348327 ], [ -7.127532879, 43.372599387 ], [ -7.182488914, 43.392458998 ], [ -7.168762353, 43.404775783 ], [ -7.172839289, 43.430228398 ], [ -7.102686418, 43.427005909 ], [ -7.090224903, 43.455271646 ], [ -7.047325458, 43.47744422 ], [ -7.045230574, 43.514824946 ], [ -7.021751446, 43.549561921 ], [ -7.028339606, 43.557396361 ], [ -7.023985401, 43.555776366 ], [ -7.021342325, 43.559398767 ], [ -7.017323739, 43.555939057 ], [ -7.006095419, 43.555010387 ], [ -7.004517953, 43.557730696 ], [ -6.998270984, 43.554069416 ], [ -6.974059861, 43.556751903 ], [ -6.947952428, 43.56360037 ], [ -6.946084259, 43.574981991 ], [ -6.93689618, 43.5698705 ], [ -6.930053789, 43.570142416 ], [ -6.925378564, 43.574985019 ], [ -6.914213517, 43.572775696 ], [ -6.914051606, 43.570089299 ], [ -6.90937324, 43.568214979 ], [ -6.910123411, 43.566415644 ], [ -6.889247768, 43.569496909 ], [ -6.876161962, 43.562406465 ], [ -6.866326963, 43.570455866 ], [ -6.864782444, 43.566834872 ], [ -6.857173765, 43.567902595 ], [ -6.853873105, 43.570508006 ], [ -6.854595172, 43.567854675 ], [ -6.852841326, 43.567148629 ], [ -6.854081628, 43.565630216 ], [ -6.849915422, 43.565149621 ], [ -6.851715589, 43.562703021 ], [ -6.810707666, 43.554446184 ], [ -6.784592479, 43.556116453 ], [ -6.774625646, 43.568573943 ], [ -6.758435844, 43.561320387 ], [ -6.733472034, 43.564462561 ], [ -6.723844464, 43.555917807 ], [ -6.709504296, 43.564109603 ], [ -6.684755416, 43.558662922 ], [ -6.626308507, 43.572904986 ], [ -6.598484871, 43.554031901 ], [ -6.533299122, 43.545227513 ], [ -6.474496812, 43.550255184 ], [ -6.470226265, 43.571156049 ], [ -6.44964786, 43.561011445 ], [ -6.447431875, 43.561015343 ], [ -6.445487897, 43.562748659 ], [ -6.445025821, 43.561159983 ], [ -6.444449066, 43.561033326 ], [ -6.444612529, 43.56020908 ], [ -6.443893283, 43.559537506 ], [ -6.442662644, 43.559016399 ], [ -6.439066123, 43.558908686 ], [ -6.438834342, 43.556142597 ], [ -6.429753387, 43.552760273 ], [ -6.355771088, 43.551149575 ], [ -6.303642182, 43.563365519 ], [ -6.295747876, 43.566636787 ], [ -6.298815792, 43.569303303 ], [ -6.297059957, 43.571163714 ], [ -6.296364802, 43.569545135 ], [ -6.285428955, 43.569968289 ], [ -6.26773872, 43.578984161 ], [ -6.255945853, 43.577790363 ], [ -6.242493994, 43.588815263 ], [ -6.24450837, 43.595177584 ], [ -6.203064699, 43.572911162 ], [ -6.188207644, 43.579539345 ], [ -6.185712174, 43.563699622 ], [ -6.154469044, 43.570734306 ], [ -6.154245191, 43.568345527 ], [ -6.151145933, 43.56970059 ], [ -6.147427687, 43.567498192 ], [ -6.152901495, 43.56798647 ], [ -6.147365022, 43.563682382 ], [ -6.135558027, 43.564736434 ], [ -6.132893997, 43.558732086 ], [ -6.112989004, 43.55543179 ], [ -6.092511619, 43.558320024 ], [ -6.078188251, 43.56465837 ], [ -6.079081438, 43.567848602 ], [ -6.07736679, 43.570406835 ], [ -6.077934529, 43.564296058 ], [ -6.066029957, 43.565894764 ], [ -6.017271692, 43.588261822 ], [ -6.017004181, 43.582920808 ], [ -5.996649864, 43.574092635 ], [ -5.929552172, 43.58867934 ], [ -5.948029603, 43.597164706 ], [ -5.918011929, 43.60537247 ], [ -5.913963788, 43.609293377 ], [ -5.916070493, 43.611859676 ], [ -5.911142761, 43.61656819 ], [ -5.913801378, 43.624396557 ], [ -5.887737723, 43.623140523 ], [ -5.866672618, 43.631324034 ], [ -5.859169066, 43.636464029 ], [ -5.858852157, 43.655127403 ], [ -5.839989349, 43.660621837 ], [ -5.842314215, 43.656539421 ], [ -5.830021968, 43.640115864 ], [ -5.78309901, 43.631301451 ], [ -5.790879094, 43.614067754 ], [ -5.735317607, 43.573669097 ], [ -5.711642881, 43.568328499 ], [ -5.696160282, 43.572572362 ], [ -5.69430641, 43.582267936 ], [ -5.675587664, 43.586689347 ], [ -5.692975636, 43.57842897 ], [ -5.675889895, 43.570946322 ], [ -5.680310585, 43.565055095 ], [ -5.701257142, 43.566152087 ], [ -5.67785754, 43.540265555 ], [ -5.617565258, 43.559015887 ], [ -5.609828622, 43.550162091 ], [ -5.59737986, 43.547850777 ], [ -5.49377917, 43.544020655 ], [ -5.413246694, 43.554870929 ], [ -5.388223881, 43.529744221 ], [ -5.295404315, 43.535157081 ], [ -5.216229054, 43.474897526 ], [ -5.123517326, 43.484607661 ], [ -5.03704141, 43.460681507 ], [ -4.982791388, 43.454924007 ], [ -4.926066959, 43.462389058 ], [ -4.923564917, 43.457163748 ], [ -4.874742081, 43.441614157 ], [ -4.839290164, 43.446565915 ], [ -4.836839272, 43.433368993 ], [ -4.81292964, 43.439540151 ], [ -4.808194121, 43.431565237 ], [ -4.740209351, 43.415007027 ], [ -4.698378636, 43.412556354 ], [ -4.699397092, 43.404806501 ], [ -4.680871006, 43.409231274 ], [ -4.618954106, 43.395240422 ], [ -4.58180934, 43.399443017 ], [ -4.576717278, 43.393084245 ], [ -4.567441535, 43.392023182 ], [ -4.557567211, 43.393130559 ], [ -4.555604957, 43.395102202 ], [ -4.557296204, 43.397978578 ], [ -4.533968506, 43.399896616 ], [ -4.510453499, 43.381749922 ], [ -4.539919773, 43.35606501 ], [ -4.522999422, 43.338092895 ], [ -4.522425478, 43.279040004 ], [ -4.547374004, 43.268979385 ], [ -4.551762989, 43.286721678 ], [ -4.607564599, 43.298633084 ], [ -4.631567048, 43.267083472 ], [ -4.730944651, 43.257335754 ], [ -4.721011425, 43.229511499 ], [ -4.74296979, 43.184532755 ], [ -4.84102324, 43.180779997 ], [ -4.871009674, 43.228016699 ], [ -4.908552557, 43.237967483 ], [ -4.980346868, 43.200286997 ], [ -4.997620299, 43.170260211 ], [ -5.02146011, 43.183513678 ], [ -5.07662678, 43.178950504 ], [ -5.101735578, 43.101847374 ], [ -5.147802849, 43.115119052 ], [ -5.21659735, 43.08448804 ], [ -5.282121128, 43.077427898 ], [ -5.369135512, 43.094577449 ], [ -5.390450724, 43.049336714 ], [ -5.478523183, 43.054908946 ], [ -5.493801927, 43.021242482 ], [ -5.569781409, 43.022076209 ], [ -5.693101101, 43.056340639 ], [ -5.728262866, 43.042491014 ], [ -5.766414573, 42.985882099 ], [ -5.760284716, 42.972670354 ], [ -5.804005514, 42.962615248 ], [ -5.888485374, 42.979192799 ], [ -5.887186391, 42.994086813 ], [ -5.956528504, 43.017633028 ], [ -5.973840127, 43.065307479 ], [ -6.020928245, 43.053785486 ], [ -6.081288337, 43.075895497 ], [ -6.095963559, 43.031277804 ], [ -6.136667408, 43.020992899 ], [ -6.178401281, 43.047798362 ], [ -6.215559788, 43.047200361 ], [ -6.226808241, 43.008912599 ], [ -6.285190615, 43.036369259 ], [ -6.326492658, 43.031329888 ], [ -6.359087739, 43.05957689 ], [ -6.397047338, 43.038321659 ], [ -6.394351905, 43.016611814 ], [ -6.411106844, 43.016932342 ], [ -6.4073667, 42.999422787 ], [ -6.424126991, 42.987624219 ], [ -6.478135509, 42.991204586 ], [ -6.473011357, 42.967751764 ], [ -6.433638323, 42.964159949 ], [ -6.43310164, 42.939756834 ], [ -6.541234111, 42.912507851 ], [ -6.638782995, 42.925462491 ], [ -6.722659864, 42.917484994 ], [ -6.772848754, 42.8825428 ], [ -6.770670636, 42.898623751 ], [ -6.835763958, 42.916343248 ], [ -6.835780817, 42.957705138 ], [ -6.871097858, 42.988576467 ], [ -6.910002038, 42.989896379 ], [ -6.95677514, 43.036556675 ], [ -6.962212179, 42.990512031 ], [ -6.996904006, 43.019569635 ], [ -6.982174171, 43.041412972 ], [ -6.965073817, 43.034773017 ], [ -6.96885368, 43.056878917 ], [ -6.938688872, 43.086511853 ], [ -6.915549294, 43.073258872 ], [ -6.827607107, 43.123149862 ], [ -6.822124917, 43.143332293 ] ] ], [ [ [ -7.025776301, 43.547736418 ], [ -7.025517346, 43.54756549 ], [ -7.026004932, 43.547638321 ], [ -7.025776301, 43.547736418 ] ] ], [ [ [ -7.010273615, 43.55678128 ], [ -7.009995145, 43.556502967 ], [ -7.010428214, 43.556685815 ], [ -7.010273615, 43.55678128 ] ] ], [ [ [ -7.013730355, 43.556821787 ], [ -7.013435338, 43.556481042 ], [ -7.013949093, 43.556760073 ], [ -7.013730355, 43.556821787 ] ] ], [ [ [ -7.023905296, 43.557174677 ], [ -7.023885538, 43.55687827 ], [ -7.024180377, 43.55702993 ], [ -7.023905296, 43.557174677 ] ] ], [ [ [ -6.98833498, 43.557514252 ], [ -6.988659687, 43.55755692 ], [ -6.988368586, 43.557648125 ], [ -6.98833498, 43.557514252 ] ] ], [ [ [ -7.008737465, 43.55834757 ], [ -7.008665391, 43.558007983 ], [ -7.008858595, 43.558307302 ], [ -7.008737465, 43.55834757 ] ] ], [ [ [ -6.987447653, 43.557950408 ], [ -6.988957155, 43.559248119 ], [ -6.986542349, 43.558864352 ], [ -6.987447653, 43.557950408 ] ] ], [ [ [ -7.020293256, 43.559075605 ], [ -7.019959568, 43.558898295 ], [ -7.02051596, 43.558887697 ], [ -7.020293256, 43.559075605 ] ] ], [ [ [ -7.018479839, 43.558986425 ], [ -7.019599236, 43.559622236 ], [ -7.018436826, 43.559456103 ], [ -7.018479839, 43.558986425 ] ] ], [ [ [ -7.022172948, 43.560530898 ], [ -7.022436078, 43.560206514 ], [ -7.022547458, 43.560391653 ], [ -7.022172948, 43.560530898 ] ] ], [ [ [ -6.986054028, 43.559718707 ], [ -6.987101275, 43.561140628 ], [ -6.984665068, 43.561558852 ], [ -6.986054028, 43.559718707 ] ] ], [ [ [ -7.021757844, 43.561175748 ], [ -7.02179626, 43.560823272 ], [ -7.022086544, 43.561092138 ], [ -7.021757844, 43.561175748 ] ] ], [ [ [ -6.988440657, 43.562111173 ], [ -6.987940727, 43.562227683 ], [ -6.987819462, 43.562078867 ], [ -6.988440657, 43.562111173 ] ] ], [ [ [ -6.877087124, 43.563509442 ], [ -6.876522621, 43.56378071 ], [ -6.876680239, 43.563343201 ], [ -6.877087124, 43.563509442 ] ] ], [ [ [ -6.876313171, 43.563796828 ], [ -6.876405291, 43.564459936 ], [ -6.876081659, 43.564047778 ], [ -6.876313171, 43.563796828 ] ] ], [ [ [ -6.878225467, 43.564461114 ], [ -6.877634408, 43.564319142 ], [ -6.877625172, 43.564175404 ], [ -6.878225467, 43.564461114 ] ] ], [ [ [ -6.874722409, 43.564283007 ], [ -6.874876434, 43.564367809 ], [ -6.874642271, 43.564384763 ], [ -6.874722409, 43.564283007 ] ] ], [ [ [ -6.956332899, 43.564516492 ], [ -6.956631727, 43.564353075 ], [ -6.956714095, 43.564476263 ], [ -6.956332899, 43.564516492 ] ] ], [ [ [ -6.874798026, 43.564496516 ], [ -6.874759567, 43.564668883 ], [ -6.874702649, 43.564553774 ], [ -6.874798026, 43.564496516 ] ] ], [ [ [ -6.874373109, 43.564627985 ], [ -6.874647221, 43.564654691 ], [ -6.87438003, 43.564735789 ], [ -6.874373109, 43.564627985 ] ] ], [ [ [ -6.87751155, 43.564719458 ], [ -6.87777989, 43.564656321 ], [ -6.87781095, 43.5647543 ], [ -6.87751155, 43.564719458 ] ] ], [ [ [ -6.875023055, 43.564722959 ], [ -6.874981712, 43.564850408 ], [ -6.874900661, 43.564745121 ], [ -6.875023055, 43.564722959 ] ] ], [ [ [ -6.958057695, 43.564384642 ], [ -6.957973064, 43.565170854 ], [ -6.957338309, 43.565120848 ], [ -6.958057695, 43.564384642 ] ] ], [ [ [ -6.87551989, 43.56494017 ], [ -6.875724152, 43.564843201 ], [ -6.875586857, 43.565018925 ], [ -6.87551989, 43.56494017 ] ] ], [ [ [ -6.87238563, 43.5656858 ], [ -6.872657439, 43.565676576 ], [ -6.872652579, 43.565793783 ], [ -6.87238563, 43.5656858 ] ] ], [ [ [ -6.851916328, 43.565460238 ], [ -6.851128344, 43.566306127 ], [ -6.8509818, 43.566338081 ], [ -6.851916328, 43.565460238 ] ] ], [ [ [ -6.87292579, 43.565613449 ], [ -6.873079982, 43.566472525 ], [ -6.87301763, 43.566465638 ], [ -6.87292579, 43.565613449 ] ] ], [ [ [ -6.872378542, 43.566154208 ], [ -6.872534218, 43.565878828 ], [ -6.872656615, 43.565856668 ], [ -6.872378542, 43.566154208 ] ] ], [ [ [ -6.872040343, 43.566093658 ], [ -6.871882935, 43.566342086 ], [ -6.871800735, 43.56621883 ], [ -6.872040343, 43.566093658 ] ] ], [ [ [ -6.85229016, 43.566186096 ], [ -6.852494155, 43.566278245 ], [ -6.852349904, 43.566346138 ], [ -6.85229016, 43.566186096 ] ] ], [ [ [ -6.871506517, 43.566264825 ], [ -6.87167578, 43.56639413 ], [ -6.871567465, 43.566442821 ], [ -6.871506517, 43.566264825 ] ] ], [ [ [ -6.872915082, 43.566604167 ], [ -6.872465356, 43.566349332 ], [ -6.872724484, 43.566142468 ], [ -6.872915082, 43.566604167 ] ] ], [ [ [ -6.872171138, 43.566395329 ], [ -6.872193294, 43.566547632 ], [ -6.872049893, 43.566435456 ], [ -6.872171138, 43.566395329 ] ] ], [ [ [ -6.874266226, 43.565856052 ], [ -6.874305389, 43.567430284 ], [ -6.873066311, 43.567031188 ], [ -6.874266226, 43.565856052 ] ] ], [ [ [ -6.871496615, 43.56707545 ], [ -6.871029419, 43.567127312 ], [ -6.871390207, 43.56657488 ], [ -6.871496615, 43.56707545 ] ] ], [ [ [ -6.875720378, 43.566905065 ], [ -6.874680758, 43.567876704 ], [ -6.874482494, 43.567874432 ], [ -6.875144538, 43.566807579 ], [ -6.875720378, 43.566905065 ] ] ], [ [ [ -6.853047575, 43.567663852 ], [ -6.852402523, 43.567451546 ], [ -6.853090688, 43.567563361 ], [ -6.853047575, 43.567663852 ] ] ], [ [ [ -6.853368249, 43.567644021 ], [ -6.853669375, 43.567705879 ], [ -6.853451562, 43.56778526 ], [ -6.853368249, 43.567644021 ] ] ], [ [ [ -6.884904742, 43.567817197 ], [ -6.88504028, 43.567614512 ], [ -6.885261309, 43.567778048 ], [ -6.884904742, 43.567817197 ] ] ], [ [ [ -6.958243935, 43.567601316 ], [ -6.957982178, 43.567952518 ], [ -6.958053907, 43.567535884 ], [ -6.958243935, 43.567601316 ] ] ], [ [ [ -6.870081967, 43.568185815 ], [ -6.870372094, 43.567689801 ], [ -6.870566324, 43.567629194 ], [ -6.870081967, 43.568185815 ] ] ], [ [ [ -6.853976507, 43.568055636 ], [ -6.854302078, 43.567918594 ], [ -6.853921613, 43.568165528 ], [ -6.853976507, 43.568055636 ] ] ], [ [ [ -6.886151837, 43.567954798 ], [ -6.885503578, 43.567886841 ], [ -6.886170762, 43.567864122 ], [ -6.886151837, 43.567954798 ] ] ], [ [ [ -6.886182502, 43.568430924 ], [ -6.886241217, 43.56799677 ], [ -6.886431753, 43.56807131 ], [ -6.886182502, 43.568430924 ] ] ], [ [ [ -6.908933561, 43.56850014 ], [ -6.909161457, 43.568195226 ], [ -6.909203179, 43.568265822 ], [ -6.908933561, 43.56850014 ] ] ], [ [ [ -6.860577605, 43.568462734 ], [ -6.860873277, 43.568245656 ], [ -6.860952585, 43.568324002 ], [ -6.860577605, 43.568462734 ] ] ], [ [ [ -6.870731624, 43.568082752 ], [ -6.871224082, 43.569389519 ], [ -6.870209434, 43.569207858 ], [ -6.870731624, 43.568082752 ] ] ], [ [ [ -6.856788679, 43.568851946 ], [ -6.856291872, 43.568634652 ], [ -6.856876041, 43.568668929 ], [ -6.856788679, 43.568851946 ] ] ], [ [ [ -6.856031201, 43.569399731 ], [ -6.856209376, 43.569087601 ], [ -6.856309946, 43.569111212 ], [ -6.856031201, 43.569399731 ] ] ], [ [ [ -6.855763087, 43.569660881 ], [ -6.855891266, 43.569341437 ], [ -6.8559993, 43.569481838 ], [ -6.855763087, 43.569660881 ] ] ], [ [ [ -6.870111806, 43.569616314 ], [ -6.870412956, 43.569678126 ], [ -6.870292855, 43.569736219 ], [ -6.870111806, 43.569616314 ] ] ], [ [ [ -6.891016533, 43.569274554 ], [ -6.89099531, 43.569905501 ], [ -6.890477343, 43.570130235 ], [ -6.891016533, 43.569274554 ] ] ], [ [ [ -6.86768435, 43.56999572 ], [ -6.868010159, 43.569669565 ], [ -6.868084294, 43.569667052 ], [ -6.86768435, 43.56999572 ] ] ], [ [ [ -6.94965702, 43.569591506 ], [ -6.950465945, 43.570787931 ], [ -6.949116342, 43.569844305 ], [ -6.94965702, 43.569591506 ] ] ], [ [ [ -6.867140735, 43.570401282 ], [ -6.867052827, 43.570575322 ], [ -6.866972357, 43.570479014 ], [ -6.867140735, 43.570401282 ] ] ], [ [ [ -6.932827027, 43.570704085 ], [ -6.932692407, 43.570348599 ], [ -6.933003572, 43.570562952 ], [ -6.932827027, 43.570704085 ] ] ], [ [ [ -6.865127003, 43.570667577 ], [ -6.865380456, 43.570758028 ], [ -6.865225006, 43.570844322 ], [ -6.865127003, 43.570667577 ] ] ], [ [ [ -6.935834624, 43.570681399 ], [ -6.935620434, 43.570814833 ], [ -6.935605734, 43.570779327 ], [ -6.935834624, 43.570681399 ] ] ], [ [ [ -6.85317767, 43.570864609 ], [ -6.853334594, 43.57060722 ], [ -6.853279963, 43.570915174 ], [ -6.85317767, 43.570864609 ] ] ], [ [ [ -6.89121096, 43.570177247 ], [ -6.889806858, 43.57163862 ], [ -6.891042225, 43.570056956 ], [ -6.89121096, 43.570177247 ] ] ], [ [ [ -6.854615595, 43.570888073 ], [ -6.854771906, 43.571008838 ], [ -6.8545765, 43.571051452 ], [ -6.854615595, 43.570888073 ] ] ], [ [ [ -6.951080753, 43.570910691 ], [ -6.951337267, 43.571045858 ], [ -6.951066633, 43.571073238 ], [ -6.951080753, 43.570910691 ] ] ], [ [ [ -6.866830198, 43.571159072 ], [ -6.86642417, 43.57119984 ], [ -6.866879577, 43.570770261 ], [ -6.866830198, 43.571159072 ] ] ], [ [ [ -6.93265218, 43.571061236 ], [ -6.93242135, 43.571699415 ], [ -6.932030194, 43.571397786 ], [ -6.93265218, 43.571061236 ] ] ], [ [ [ -6.935729532, 43.572107526 ], [ -6.935619065, 43.57155314 ], [ -6.936063226, 43.571717881 ], [ -6.935729532, 43.572107526 ] ] ], [ [ [ -6.913653188, 43.572155693 ], [ -6.913006725, 43.571925777 ], [ -6.913664031, 43.571750178 ], [ -6.913653188, 43.572155693 ] ] ], [ [ [ -6.938584194, 43.572207084 ], [ -6.938421894, 43.571807544 ], [ -6.938910206, 43.571889721 ], [ -6.938584194, 43.572207084 ] ] ], [ [ [ -6.892004127, 43.572491029 ], [ -6.89165352, 43.572430961 ], [ -6.891942532, 43.572304062 ], [ -6.892004127, 43.572491029 ] ] ], [ [ [ -6.942362951, 43.573751163 ], [ -6.942608945, 43.573346523 ], [ -6.942930728, 43.573722539 ], [ -6.942362951, 43.573751163 ] ] ], [ [ [ -6.943217796, 43.574135766 ], [ -6.942725938, 43.573999711 ], [ -6.943049563, 43.573835473 ], [ -6.943217796, 43.574135766 ] ] ], [ [ [ -6.946868052, 43.573901508 ], [ -6.947239851, 43.574662918 ], [ -6.946856218, 43.574856253 ], [ -6.946868052, 43.573901508 ] ] ], [ [ [ -6.94749167, 43.57472623 ], [ -6.947924723, 43.574531182 ], [ -6.947534616, 43.574814776 ], [ -6.94749167, 43.57472623 ] ] ], [ [ [ -6.94262285, 43.574885584 ], [ -6.942984747, 43.574548963 ], [ -6.942689914, 43.574964295 ], [ -6.94262285, 43.574885584 ] ] ], [ [ [ -6.947677586, 43.574917867 ], [ -6.947787603, 43.57508512 ], [ -6.947638156, 43.575072285 ], [ -6.947677586, 43.574917867 ] ] ], [ [ [ -6.949659808, 43.57549749 ], [ -6.949096119, 43.576156228 ], [ -6.948890775, 43.576046294 ], [ -6.949659808, 43.57549749 ] ] ], [ [ [ -6.948611274, 43.576506126 ], [ -6.948894872, 43.576676374 ], [ -6.948465932, 43.576745239 ], [ -6.948611274, 43.576506126 ] ] ], [ [ [ -6.948067565, 43.577281209 ], [ -6.948440616, 43.577115245 ], [ -6.948122282, 43.577360344 ], [ -6.948067565, 43.577281209 ] ] ], [ [ [ -6.948435293, 43.577790667 ], [ -6.948338221, 43.577442903 ], [ -6.948595941, 43.577406974 ], [ -6.948435293, 43.577790667 ] ] ], [ [ [ -6.811005824, 43.556227879 ], [ -6.811167435, 43.556042417 ], [ -6.811214705, 43.556202897 ], [ -6.811005824, 43.556227879 ] ] ], [ [ [ -6.8124668, 43.556818316 ], [ -6.81258366, 43.556904445 ], [ -6.81229454, 43.557031145 ], [ -6.8124668, 43.556818316 ] ] ], [ [ [ -6.801185809, 43.557167593 ], [ -6.801594537, 43.556973914 ], [ -6.801663663, 43.557088654 ], [ -6.801185809, 43.557167593 ] ] ], [ [ [ -6.808614959, 43.557577152 ], [ -6.808820329, 43.5573002 ], [ -6.80906016, 43.557373225 ], [ -6.808614959, 43.557577152 ] ] ], [ [ [ -6.812370621, 43.557451758 ], [ -6.812692396, 43.557450012 ], [ -6.812338665, 43.557533854 ], [ -6.812370621, 43.557451758 ] ] ], [ [ [ -6.787825136, 43.557521765 ], [ -6.787958827, 43.557679387 ], [ -6.787740956, 43.557758644 ], [ -6.787825136, 43.557521765 ] ] ], [ [ [ -6.807717861, 43.558075256 ], [ -6.807485172, 43.557722888 ], [ -6.807861466, 43.557800367 ], [ -6.807717861, 43.558075256 ] ] ], [ [ [ -6.809396462, 43.558190301 ], [ -6.809363131, 43.557858293 ], [ -6.809614752, 43.55792192 ], [ -6.809396462, 43.558190301 ] ] ], [ [ [ -6.789689228, 43.558423235 ], [ -6.789992398, 43.558125063 ], [ -6.790042435, 43.558330477 ], [ -6.789689228, 43.558423235 ] ] ], [ [ [ -6.807328867, 43.558385342 ], [ -6.807551134, 43.558179855 ], [ -6.807779745, 43.558271263 ], [ -6.807328867, 43.558385342 ] ] ], [ [ [ -6.789931916, 43.558739295 ], [ -6.78992735, 43.558469348 ], [ -6.790167164, 43.558542414 ], [ -6.789931916, 43.558739295 ] ] ], [ [ [ -6.808638546, 43.558539715 ], [ -6.80787484, 43.558601212 ], [ -6.808631744, 43.558431903 ], [ -6.808638546, 43.558539715 ] ] ], [ [ [ -6.800859081, 43.558784817 ], [ -6.800465254, 43.558428798 ], [ -6.80049553, 43.558319751 ], [ -6.800859081, 43.558784817 ] ] ], [ [ [ -6.795801064, 43.558949396 ], [ -6.796066577, 43.558643457 ], [ -6.796364782, 43.558660547 ], [ -6.795801064, 43.558949396 ] ] ], [ [ [ -6.794650953, 43.558969634 ], [ -6.794941746, 43.558671861 ], [ -6.795119865, 43.558945039 ], [ -6.794650953, 43.558969634 ] ] ], [ [ [ -6.808542209, 43.558975087 ], [ -6.808585843, 43.558685526 ], [ -6.808736363, 43.558716516 ], [ -6.808542209, 43.558975087 ] ] ], [ [ [ -6.792445641, 43.558621771 ], [ -6.792165559, 43.559090245 ], [ -6.791781435, 43.559085001 ], [ -6.792445641, 43.558621771 ] ] ], [ [ [ -6.815965066, 43.559344497 ], [ -6.816204063, 43.559012388 ], [ -6.816346777, 43.559115655 ], [ -6.815965066, 43.559344497 ] ] ], [ [ [ -6.796662728, 43.559460931 ], [ -6.796818742, 43.559185642 ], [ -6.796869933, 43.559409021 ], [ -6.796662728, 43.559460931 ] ] ], [ [ [ -6.807233989, 43.559432886 ], [ -6.806820275, 43.559743795 ], [ -6.806696052, 43.559540863 ], [ -6.807233989, 43.559432886 ] ] ], [ [ [ -6.806433314, 43.559693679 ], [ -6.805800148, 43.560254991 ], [ -6.805885071, 43.559441865 ], [ -6.806433314, 43.559693679 ] ] ], [ [ [ -6.804116963, 43.560068019 ], [ -6.803960679, 43.559749111 ], [ -6.804375745, 43.559852318 ], [ -6.804116963, 43.560068019 ] ] ], [ [ [ -6.794606967, 43.560042487 ], [ -6.794484261, 43.560847858 ], [ -6.794204903, 43.560145887 ], [ -6.794606967, 43.560042487 ] ] ], [ [ [ -6.792263049, 43.560570557 ], [ -6.792573744, 43.560983387 ], [ -6.792303061, 43.561010388 ], [ -6.792263049, 43.560570557 ] ] ], [ [ [ -6.816840622, 43.560831385 ], [ -6.817079339, 43.560886424 ], [ -6.816785098, 43.560932278 ], [ -6.816840622, 43.560831385 ] ] ], [ [ [ -6.818208094, 43.561272064 ], [ -6.818034411, 43.5610708 ], [ -6.818294998, 43.561080088 ], [ -6.818208094, 43.561272064 ] ] ], [ [ [ -6.783903964, 43.562315536 ], [ -6.783928077, 43.562107661 ], [ -6.784122984, 43.562254255 ], [ -6.783903964, 43.562315536 ] ] ], [ [ [ -6.783697404, 43.56297062 ], [ -6.784021431, 43.562806822 ], [ -6.784163538, 43.562901146 ], [ -6.783697404, 43.56297062 ] ] ], [ [ [ -6.784374783, 43.563308293 ], [ -6.784634816, 43.563308674 ], [ -6.784451771, 43.563548829 ], [ -6.784374783, 43.563308293 ] ] ], [ [ [ -6.705226715, 43.563609305 ], [ -6.704744472, 43.563417882 ], [ -6.7052212, 43.563519451 ], [ -6.705226715, 43.563609305 ] ] ], [ [ [ -6.784332194, 43.563813889 ], [ -6.784241161, 43.563546809 ], [ -6.784505175, 43.563808153 ], [ -6.784332194, 43.563813889 ] ] ], [ [ [ -6.784380565, 43.564190423 ], [ -6.784453536, 43.563971924 ], [ -6.784541191, 43.564185096 ], [ -6.784380565, 43.564190423 ] ] ], [ [ [ -6.819538602, 43.564297654 ], [ -6.819731172, 43.564210179 ], [ -6.819918931, 43.56443798 ], [ -6.819538602, 43.564297654 ] ] ], [ [ [ -6.816811314, 43.564244846 ], [ -6.815875849, 43.564528219 ], [ -6.816859455, 43.564027158 ], [ -6.816811314, 43.564244846 ] ] ], [ [ [ -6.75584259, 43.564214783 ], [ -6.755147107, 43.564777865 ], [ -6.755184353, 43.564182422 ], [ -6.75584259, 43.564214783 ] ] ], [ [ [ -6.819137847, 43.564617176 ], [ -6.819133716, 43.56435622 ], [ -6.819320337, 43.564566053 ], [ -6.819137847, 43.564617176 ] ] ], [ [ [ -6.756386101, 43.564791114 ], [ -6.756181745, 43.564491727 ], [ -6.756442346, 43.564501157 ], [ -6.756386101, 43.564791114 ] ] ], [ [ [ -6.784191994, 43.564934944 ], [ -6.784400882, 43.564711939 ], [ -6.784477309, 43.56494349 ], [ -6.784191994, 43.564934944 ] ] ], [ [ [ -6.756532086, 43.564948368 ], [ -6.756722519, 43.564825057 ], [ -6.756586545, 43.565027605 ], [ -6.756532086, 43.564948368 ] ] ], [ [ [ -6.847700164, 43.564972241 ], [ -6.847888355, 43.565010912 ], [ -6.847688627, 43.565179704 ], [ -6.847700164, 43.564972241 ] ] ], [ [ [ -6.846829404, 43.565685841 ], [ -6.847070539, 43.565389609 ], [ -6.847048936, 43.565633425 ], [ -6.846829404, 43.565685841 ] ] ], [ [ [ -6.749495354, 43.565882014 ], [ -6.749295493, 43.565654493 ], [ -6.74959596, 43.565707646 ], [ -6.749495354, 43.565882014 ] ] ], [ [ [ -6.784262372, 43.565859948 ], [ -6.783594608, 43.566071157 ], [ -6.783221037, 43.56564238 ], [ -6.784262372, 43.565859948 ] ] ], [ [ [ -6.782465058, 43.565631424 ], [ -6.782580268, 43.566086773 ], [ -6.78202868, 43.565780934 ], [ -6.782465058, 43.565631424 ] ] ], [ [ [ -6.781577157, 43.566084001 ], [ -6.78169281, 43.565756051 ], [ -6.781802919, 43.565932468 ], [ -6.781577157, 43.566084001 ] ] ], [ [ [ -6.751402255, 43.567277886 ], [ -6.7537407, 43.566651799 ], [ -6.753665747, 43.567437551 ], [ -6.751402255, 43.567277886 ] ] ], [ [ [ -6.74891164, 43.566252317 ], [ -6.748508169, 43.566733741 ], [ -6.748861734, 43.56604688 ], [ -6.74891164, 43.566252317 ] ] ], [ [ [ -6.831795474, 43.566623767 ], [ -6.832044105, 43.566444357 ], [ -6.832076803, 43.566569305 ], [ -6.831795474, 43.566623767 ] ] ], [ [ [ -6.787870618, 43.566730611 ], [ -6.787194919, 43.566617986 ], [ -6.787528491, 43.566408845 ], [ -6.787870618, 43.566730611 ] ] ], [ [ [ -6.762433559, 43.566860746 ], [ -6.762631894, 43.566467066 ], [ -6.762681321, 43.566465436 ], [ -6.762433559, 43.566860746 ] ] ], [ [ [ -6.75888106, 43.566680692 ], [ -6.758605855, 43.566635736 ], [ -6.758806407, 43.566476075 ], [ -6.75888106, 43.566680692 ] ] ], [ [ [ -6.747616157, 43.566925093 ], [ -6.747312897, 43.566827011 ], [ -6.747329243, 43.566691425 ], [ -6.747616157, 43.566925093 ] ] ], [ [ [ -6.781495336, 43.567347171 ], [ -6.781564352, 43.56686771 ], [ -6.781703146, 43.567304272 ], [ -6.781495336, 43.567347171 ] ] ], [ [ [ -6.745229032, 43.566967438 ], [ -6.744859903, 43.567204633 ], [ -6.745126274, 43.566907787 ], [ -6.745229032, 43.566967438 ] ] ], [ [ [ -6.747098839, 43.566969088 ], [ -6.746701013, 43.567342281 ], [ -6.746934852, 43.566920452 ], [ -6.747098839, 43.566969088 ] ] ], [ [ [ -6.663400907, 43.567669251 ], [ -6.66319899, 43.567198553 ], [ -6.663674238, 43.567480413 ], [ -6.663400907, 43.567669251 ] ] ], [ [ [ -6.659143875, 43.567301588 ], [ -6.659257074, 43.567739124 ], [ -6.658797094, 43.56770885 ], [ -6.659143875, 43.567301588 ] ] ], [ [ [ -6.833772648, 43.567925858 ], [ -6.833506125, 43.567628701 ], [ -6.833849807, 43.567581143 ], [ -6.833772648, 43.567925858 ] ] ], [ [ [ -6.770812431, 43.567988734 ], [ -6.771107317, 43.567753909 ], [ -6.771189879, 43.56788623 ], [ -6.770812431, 43.567988734 ] ] ], [ [ [ -6.751090252, 43.568035415 ], [ -6.750887584, 43.567762973 ], [ -6.750996006, 43.567714393 ], [ -6.751090252, 43.568035415 ] ] ], [ [ [ -6.75172221, 43.56784358 ], [ -6.751468155, 43.568338109 ], [ -6.751380821, 43.567530683 ], [ -6.75172221, 43.56784358 ] ] ], [ [ [ -6.772278398, 43.568066336 ], [ -6.771820069, 43.568261549 ], [ -6.771483069, 43.568020594 ], [ -6.772278398, 43.568066336 ] ] ], [ [ [ -6.777566003, 43.568269583 ], [ -6.777245865, 43.568496258 ], [ -6.777375027, 43.568185871 ], [ -6.777566003, 43.568269583 ] ] ], [ [ [ -6.762934288, 43.568536856 ], [ -6.763056739, 43.568514812 ], [ -6.763004477, 43.568669591 ], [ -6.762934288, 43.568536856 ] ] ], [ [ [ -6.77644212, 43.568711925 ], [ -6.775874244, 43.568343573 ], [ -6.776612305, 43.568661277 ], [ -6.77644212, 43.568711925 ] ] ], [ [ [ -6.659201275, 43.567839949 ], [ -6.661274175, 43.568943924 ], [ -6.658657432, 43.569081834 ], [ -6.659201275, 43.567839949 ] ] ], [ [ [ -6.774088119, 43.568492683 ], [ -6.773648889, 43.56859724 ], [ -6.773732013, 43.568342399 ], [ -6.774088119, 43.568492683 ] ] ], [ [ [ -6.771412835, 43.569076299 ], [ -6.77134544, 43.568790421 ], [ -6.771610548, 43.569069766 ], [ -6.771412835, 43.569076299 ] ] ], [ [ [ -6.781177156, 43.569383451 ], [ -6.780421129, 43.569372482 ], [ -6.780358756, 43.569167473 ], [ -6.781177156, 43.569383451 ] ] ], [ [ [ -6.765054017, 43.568971132 ], [ -6.765658254, 43.570121625 ], [ -6.764541716, 43.569294143 ], [ -6.765054017, 43.568971132 ] ] ], [ [ [ -6.783356168, 43.570760765 ], [ -6.782814669, 43.570616655 ], [ -6.783098287, 43.570400179 ], [ -6.783356168, 43.570760765 ] ] ], [ [ [ -6.764715575, 43.571287138 ], [ -6.764451609, 43.571025747 ], [ -6.764704952, 43.570918354 ], [ -6.764715575, 43.571287138 ] ] ], [ [ [ -6.623340732, 43.571531663 ], [ -6.623602441, 43.571559371 ], [ -6.623356329, 43.571585188 ], [ -6.623340732, 43.571531663 ] ] ], [ [ [ -6.62798235, 43.572527687 ], [ -6.628221506, 43.572592114 ], [ -6.627827616, 43.572631641 ], [ -6.62798235, 43.572527687 ] ] ], [ [ [ -6.627575146, 43.572963784 ], [ -6.627746499, 43.572724252 ], [ -6.627849158, 43.572784014 ], [ -6.627575146, 43.572963784 ] ] ], [ [ [ -6.626534342, 43.573365988 ], [ -6.62669874, 43.573216712 ], [ -6.62670738, 43.573360491 ], [ -6.626534342, 43.573365988 ] ] ], [ [ [ -6.62695044, 43.573901975 ], [ -6.626862422, 43.574291916 ], [ -6.62664306, 43.57393875 ], [ -6.62695044, 43.573901975 ] ] ], [ [ [ -6.766669523, 43.573626545 ], [ -6.768223186, 43.574709672 ], [ -6.766145417, 43.573760884 ], [ -6.766669523, 43.573626545 ] ] ], [ [ [ -6.626260135, 43.574779222 ], [ -6.625902345, 43.575213744 ], [ -6.625622207, 43.574673436 ], [ -6.626260135, 43.574779222 ] ] ], [ [ [ -6.491866857, 43.550085466 ], [ -6.49119127, 43.549962067 ], [ -6.491739945, 43.549603156 ], [ -6.491866857, 43.550085466 ] ] ], [ [ [ -6.509269005, 43.54983108 ], [ -6.508323627, 43.550391338 ], [ -6.509297198, 43.549677154 ], [ -6.509269005, 43.54983108 ] ] ], [ [ [ -6.507791399, 43.551245016 ], [ -6.506988364, 43.551485767 ], [ -6.508182825, 43.550737798 ], [ -6.507791399, 43.551245016 ] ] ], [ [ [ -6.500028864, 43.55187037 ], [ -6.499676473, 43.551557045 ], [ -6.500374578, 43.551427604 ], [ -6.500028864, 43.55187037 ] ] ], [ [ [ -6.485726589, 43.551794668 ], [ -6.486085842, 43.552657042 ], [ -6.485570884, 43.552528706 ], [ -6.485726589, 43.551794668 ] ] ], [ [ [ -6.513935113, 43.551947461 ], [ -6.513196018, 43.552861551 ], [ -6.512823733, 43.552845994 ], [ -6.513935113, 43.551947461 ] ] ], [ [ [ -6.499401192, 43.553429209 ], [ -6.499466343, 43.553058068 ], [ -6.499704401, 43.553320877 ], [ -6.499401192, 43.553429209 ] ] ], [ [ [ -6.483521507, 43.553698679 ], [ -6.482716777, 43.5539123 ], [ -6.483610001, 43.553515908 ], [ -6.483521507, 43.553698679 ] ] ], [ [ [ -6.49823961, 43.554320135 ], [ -6.497638632, 43.554203493 ], [ -6.497988676, 43.554048714 ], [ -6.49823961, 43.554320135 ] ] ], [ [ [ -6.483103145, 43.554386705 ], [ -6.482406076, 43.554750098 ], [ -6.482691106, 43.55411116 ], [ -6.483103145, 43.554386705 ] ] ], [ [ [ -6.475744832, 43.556024465 ], [ -6.475530248, 43.556598215 ], [ -6.475068847, 43.55654023 ], [ -6.475744832, 43.556024465 ] ] ], [ [ [ -6.476172479, 43.558937571 ], [ -6.475970541, 43.558655608 ], [ -6.476414943, 43.558633075 ], [ -6.476172479, 43.558937571 ] ] ], [ [ [ -6.44296382, 43.559304433 ], [ -6.442884539, 43.559216789 ], [ -6.442983415, 43.559213808 ], [ -6.44296382, 43.559304433 ] ] ], [ [ [ -6.440276108, 43.559502482 ], [ -6.44047605, 43.559100306 ], [ -6.440636723, 43.559095465 ], [ -6.440276108, 43.559502482 ] ] ], [ [ [ -6.443062696, 43.559301452 ], [ -6.44305546, 43.559391705 ], [ -6.442990076, 43.559330652 ], [ -6.443062696, 43.559301452 ] ] ], [ [ [ -6.440320867, 43.559636186 ], [ -6.440577857, 43.559583426 ], [ -6.440362042, 43.559706973 ], [ -6.440320867, 43.559636186 ] ] ], [ [ [ -6.440766323, 43.559631768 ], [ -6.440935191, 43.559770735 ], [ -6.440726102, 43.559795043 ], [ -6.440766323, 43.559631768 ] ] ], [ [ [ -6.443811833, 43.559846081 ], [ -6.443648025, 43.560013083 ], [ -6.443617668, 43.55991496 ], [ -6.443811833, 43.559846081 ] ] ], [ [ [ -6.442364162, 43.560078803 ], [ -6.442281808, 43.55993723 ], [ -6.442422374, 43.560014024 ], [ -6.442364162, 43.560078803 ] ] ], [ [ [ -6.444333441, 43.56009145 ], [ -6.444165532, 43.560186549 ], [ -6.444267029, 43.560012421 ], [ -6.444333441, 43.56009145 ] ] ], [ [ [ -6.442688587, 43.560123044 ], [ -6.442709145, 43.560266479 ], [ -6.4426314, 43.560205799 ], [ -6.442688587, 43.560123044 ] ] ], [ [ [ -6.440405635, 43.560254872 ], [ -6.440198593, 43.56031513 ], [ -6.440403587, 43.560218919 ], [ -6.440405635, 43.560254872 ] ] ], [ [ [ -6.444436875, 43.560385444 ], [ -6.444297843, 43.560335617 ], [ -6.444420414, 43.560313913 ], [ -6.444436875, 43.560385444 ] ] ], [ [ [ -6.44034735, 43.560535735 ], [ -6.440222217, 43.560512495 ], [ -6.44035715, 43.560490422 ], [ -6.44034735, 43.560535735 ] ] ], [ [ [ -6.440135627, 43.560731186 ], [ -6.440246353, 43.560718847 ], [ -6.440149523, 43.560757778 ], [ -6.440135627, 43.560731186 ] ] ], [ [ [ -6.441852611, 43.560661441 ], [ -6.441987478, 43.560855452 ], [ -6.441799008, 43.560807112 ], [ -6.441852611, 43.560661441 ] ] ], [ [ [ -6.440291625, 43.560861539 ], [ -6.440203058, 43.560828193 ], [ -6.440289577, 43.560825587 ], [ -6.440291625, 43.560861539 ] ] ], [ [ [ -6.444335322, 43.560775656 ], [ -6.444271928, 43.560966641 ], [ -6.444125661, 43.561007067 ], [ -6.444335322, 43.560775656 ] ] ], [ [ [ -6.440244234, 43.56089898 ], [ -6.440173147, 43.560955143 ], [ -6.440146891, 43.560928923 ], [ -6.440244234, 43.56089898 ] ] ], [ [ [ -6.440709671, 43.561245096 ], [ -6.440292578, 43.5610956 ], [ -6.440874072, 43.560871 ], [ -6.440709671, 43.561245096 ] ] ], [ [ [ -6.444541224, 43.561129584 ], [ -6.444492242, 43.561356148 ], [ -6.444392338, 43.561341155 ], [ -6.444541224, 43.561129584 ] ] ], [ [ [ -6.447376655, 43.561566221 ], [ -6.447424646, 43.561105595 ], [ -6.447613121, 43.561153926 ], [ -6.447376655, 43.561566221 ] ] ], [ [ [ -6.443826859, 43.561412231 ], [ -6.443969482, 43.561524975 ], [ -6.443757313, 43.561495359 ], [ -6.443826859, 43.561412231 ] ] ], [ [ [ -6.440491219, 43.561539789 ], [ -6.440286733, 43.561644988 ], [ -6.44029346, 43.561545747 ], [ -6.440491219, 43.561539789 ] ] ], [ [ [ -6.451631427, 43.562139963 ], [ -6.451724111, 43.562245203 ], [ -6.451588152, 43.562249313 ], [ -6.451631427, 43.562139963 ] ] ], [ [ [ -6.447468728, 43.562094646 ], [ -6.44745581, 43.562302115 ], [ -6.44739401, 43.562303981 ], [ -6.447468728, 43.562094646 ] ] ], [ [ [ -6.445270648, 43.562413082 ], [ -6.444778863, 43.562256852 ], [ -6.445368503, 43.562392122 ], [ -6.445270648, 43.562413082 ] ] ], [ [ [ -6.451660226, 43.562427203 ], [ -6.451703501, 43.562317854 ], [ -6.451769925, 43.562396877 ], [ -6.451660226, 43.562427203 ] ] ], [ [ [ -6.452117546, 43.562413379 ], [ -6.452113407, 43.56255756 ], [ -6.451983641, 43.562453441 ], [ -6.452117546, 43.562413379 ] ] ], [ [ [ -6.444934308, 43.562594295 ], [ -6.444776703, 43.56265307 ], [ -6.444843686, 43.562525001 ], [ -6.444934308, 43.562594295 ] ] ], [ [ [ -6.445036778, 43.562654228 ], [ -6.445057343, 43.562797663 ], [ -6.444911072, 43.562838089 ], [ -6.445036778, 43.562654228 ] ] ], [ [ [ -6.451240983, 43.562673965 ], [ -6.451335722, 43.562815157 ], [ -6.451160627, 43.562784435 ], [ -6.451240983, 43.562673965 ] ] ], [ [ [ -6.447996442, 43.562880021 ], [ -6.447847138, 43.562650439 ], [ -6.448221575, 43.562486074 ], [ -6.447996442, 43.562880021 ] ] ], [ [ [ -6.446451425, 43.562926662 ], [ -6.446521017, 43.562627447 ], [ -6.446629645, 43.562795234 ], [ -6.446451425, 43.562926662 ] ] ], [ [ [ -6.443910411, 43.562877276 ], [ -6.443929435, 43.562993747 ], [ -6.443878457, 43.562968274 ], [ -6.443910411, 43.562877276 ] ] ], [ [ [ -6.448613935, 43.562852371 ], [ -6.448675182, 43.563057601 ], [ -6.448587634, 43.563042238 ], [ -6.448613935, 43.562852371 ] ] ], [ [ [ -6.452944535, 43.563234701 ], [ -6.452843135, 43.562760584 ], [ -6.452969819, 43.562810774 ], [ -6.452944535, 43.563234701 ] ] ], [ [ [ -6.445931735, 43.563149425 ], [ -6.445671196, 43.562923197 ], [ -6.446048156, 43.563019864 ], [ -6.445931735, 43.563149425 ] ] ], [ [ [ -6.45123267, 43.56317841 ], [ -6.451389725, 43.563326722 ], [ -6.451138925, 43.563271278 ], [ -6.45123267, 43.56317841 ] ] ], [ [ [ -6.444143091, 43.563266411 ], [ -6.443960763, 43.563325931 ], [ -6.444000976, 43.563162655 ], [ -6.444143091, 43.563266411 ] ] ], [ [ [ -6.443638312, 43.563533731 ], [ -6.44352149, 43.563222133 ], [ -6.44373674, 43.563305676 ], [ -6.443638312, 43.563533731 ] ] ], [ [ [ -6.452402203, 43.563494192 ], [ -6.452395009, 43.563368361 ], [ -6.452486155, 43.563446637 ], [ -6.452402203, 43.563494192 ] ] ], [ [ [ -6.454160413, 43.563711126 ], [ -6.454192886, 43.563413029 ], [ -6.454350463, 43.563570325 ], [ -6.454160413, 43.563711126 ] ] ], [ [ [ -6.450915896, 43.563485098 ], [ -6.450925142, 43.563646881 ], [ -6.450785584, 43.563588074 ], [ -6.450915896, 43.563485098 ] ] ], [ [ [ -6.445108675, 43.563480377 ], [ -6.445141088, 43.563614451 ], [ -6.444895932, 43.563657861 ], [ -6.445108675, 43.563480377 ] ] ], [ [ [ -6.45360988, 43.563610732 ], [ -6.453466698, 43.563705097 ], [ -6.453436323, 43.563606978 ], [ -6.45360988, 43.563610732 ] ] ], [ [ [ -6.444807413, 43.563408435 ], [ -6.44374528, 43.564106727 ], [ -6.444839367, 43.563317436 ], [ -6.444807413, 43.563408435 ] ] ], [ [ [ -6.452049353, 43.564036064 ], [ -6.451964943, 43.563642463 ], [ -6.452229133, 43.563715508 ], [ -6.452049353, 43.564036064 ] ] ], [ [ [ -6.453493452, 43.563956385 ], [ -6.453521793, 43.563802469 ], [ -6.453590792, 43.563926431 ], [ -6.453493452, 43.563956385 ] ] ], [ [ [ -6.454126889, 43.56420733 ], [ -6.45444363, 43.564116717 ], [ -6.454084646, 43.564334656 ], [ -6.454126889, 43.56420733 ] ] ], [ [ [ -6.476259924, 43.564327976 ], [ -6.47547664, 43.564486871 ], [ -6.475652156, 43.564094381 ], [ -6.476259924, 43.564327976 ] ] ], [ [ [ -6.456014386, 43.564519362 ], [ -6.456205965, 43.564621605 ], [ -6.456108626, 43.564651561 ], [ -6.456014386, 43.564519362 ] ] ], [ [ [ -6.455887682, 43.564685259 ], [ -6.45579653, 43.564606986 ], [ -6.455969575, 43.564601749 ], [ -6.455887682, 43.564685259 ] ] ], [ [ [ -6.455557053, 43.564533202 ], [ -6.455531288, 43.564732058 ], [ -6.45540717, 43.56472681 ], [ -6.455557053, 43.564533202 ] ] ], [ [ [ -6.455811462, 43.564651552 ], [ -6.455770251, 43.564796854 ], [ -6.455679613, 43.564727569 ], [ -6.455811462, 43.564651552 ] ] ], [ [ [ -6.455759434, 43.564824192 ], [ -6.456075647, 43.56494067 ], [ -6.455689901, 43.564907327 ], [ -6.455759434, 43.564824192 ] ] ], [ [ [ -6.453990327, 43.565066789 ], [ -6.454325603, 43.565083658 ], [ -6.45395993, 43.565184754 ], [ -6.453990327, 43.565066789 ] ] ], [ [ [ -6.456131776, 43.565056016 ], [ -6.456136407, 43.565136907 ], [ -6.456035979, 43.565112937 ], [ -6.456131776, 43.565056016 ] ] ], [ [ [ -6.455017276, 43.565053729 ], [ -6.45529435, 43.56513538 ], [ -6.455088336, 43.565213641 ], [ -6.455017276, 43.565053729 ] ] ], [ [ [ -6.456326444, 43.565212187 ], [ -6.456187392, 43.565162375 ], [ -6.456309453, 43.56513167 ], [ -6.456326444, 43.565212187 ] ] ], [ [ [ -6.454837508, 43.565374289 ], [ -6.454696932, 43.565081428 ], [ -6.45488234, 43.565075818 ], [ -6.454837508, 43.565374289 ] ] ], [ [ [ -6.456182749, 43.565297567 ], [ -6.456051927, 43.565391561 ], [ -6.456047812, 43.565319658 ], [ -6.456182749, 43.565297567 ] ] ], [ [ [ -6.455817063, 43.565614752 ], [ -6.455761962, 43.565517382 ], [ -6.455849, 43.565523751 ], [ -6.455817063, 43.565614752 ] ] ], [ [ [ -6.456302212, 43.565654089 ], [ -6.456345481, 43.565544738 ], [ -6.456400068, 43.565633121 ], [ -6.456302212, 43.565654089 ] ] ], [ [ [ -6.606071864, 43.565821058 ], [ -6.60564362, 43.565699533 ], [ -6.605414188, 43.565589734 ], [ -6.606071864, 43.565821058 ] ] ], [ [ [ -6.459555093, 43.566888097 ], [ -6.459784798, 43.56657502 ], [ -6.460051069, 43.566683997 ], [ -6.459555093, 43.566888097 ] ] ], [ [ [ -6.460066009, 43.56737681 ], [ -6.460061372, 43.567079837 ], [ -6.460208156, 43.567048378 ], [ -6.460066009, 43.56737681 ] ] ], [ [ [ -6.462182395, 43.56973459 ], [ -6.462516151, 43.56972447 ], [ -6.462185488, 43.569788517 ], [ -6.462182395, 43.56973459 ] ] ], [ [ [ -6.461798163, 43.569728233 ], [ -6.461603503, 43.570652486 ], [ -6.461162083, 43.570296725 ], [ -6.461798163, 43.569728233 ] ] ], [ [ [ -6.473488047, 43.570597697 ], [ -6.472842201, 43.570779404 ], [ -6.472832894, 43.570617625 ], [ -6.473488047, 43.570597697 ] ] ], [ [ [ -6.472182394, 43.570718439 ], [ -6.472143849, 43.571124766 ], [ -6.471837869, 43.570972008 ], [ -6.472182394, 43.570718439 ] ] ], [ [ [ -6.476496237, 43.571442507 ], [ -6.475702513, 43.571421653 ], [ -6.475656631, 43.571269991 ], [ -6.476496237, 43.571442507 ] ] ], [ [ [ -6.430195306, 43.553566322 ], [ -6.430397337, 43.553200111 ], [ -6.430563612, 43.553294155 ], [ -6.430195306, 43.553566322 ] ] ], [ [ [ -6.431230759, 43.553706282 ], [ -6.431164268, 43.553843333 ], [ -6.431122596, 43.553763553 ], [ -6.431230759, 43.553706282 ] ] ], [ [ [ -6.429966514, 43.553897323 ], [ -6.429806363, 43.553911136 ], [ -6.429900637, 43.553827273 ], [ -6.429966514, 43.553897323 ] ] ], [ [ [ -6.420138585, 43.554579246 ], [ -6.42031226, 43.554366963 ], [ -6.420372893, 43.554563224 ], [ -6.420138585, 43.554579246 ] ] ], [ [ [ -6.432128441, 43.554471618 ], [ -6.432211275, 43.554622187 ], [ -6.432057864, 43.554536763 ], [ -6.432128441, 43.554471618 ] ] ], [ [ [ -6.432180636, 43.55517232 ], [ -6.431768609, 43.555328759 ], [ -6.432466109, 43.55474958 ], [ -6.432180636, 43.55517232 ] ] ], [ [ [ -6.432577748, 43.554971311 ], [ -6.432700214, 43.555165706 ], [ -6.432476224, 43.555145429 ], [ -6.432577748, 43.554971311 ] ] ], [ [ [ -6.425077754, 43.555664688 ], [ -6.424477519, 43.555340557 ], [ -6.424972638, 43.554902545 ], [ -6.425077754, 43.555664688 ] ] ], [ [ [ -6.432752005, 43.555641334 ], [ -6.4327233, 43.555354085 ], [ -6.433011737, 43.555201359 ], [ -6.432752005, 43.555641334 ] ] ], [ [ [ -6.424239383, 43.555725844 ], [ -6.424494716, 43.555862243 ], [ -6.424300539, 43.555931091 ], [ -6.424239383, 43.555725844 ] ] ], [ [ [ -6.433358513, 43.555857191 ], [ -6.433600581, 43.555759878 ], [ -6.433657169, 43.555884225 ], [ -6.433358513, 43.555857191 ] ] ], [ [ [ -6.433548717, 43.556589757 ], [ -6.433264045, 43.556373229 ], [ -6.433556573, 43.556292406 ], [ -6.433548717, 43.556589757 ] ] ], [ [ [ -6.418843131, 43.556625814 ], [ -6.419107911, 43.556491838 ], [ -6.419116561, 43.556644638 ], [ -6.418843131, 43.556625814 ] ] ], [ [ [ -6.433412063, 43.557017029 ], [ -6.433078976, 43.556819963 ], [ -6.433161402, 43.556745457 ], [ -6.433412063, 43.557017029 ] ] ], [ [ [ -6.434302941, 43.557008247 ], [ -6.434424395, 43.557184664 ], [ -6.434271997, 43.557117219 ], [ -6.434302941, 43.557008247 ] ] ], [ [ [ -6.407173002, 43.557361753 ], [ -6.40701252, 43.557150457 ], [ -6.407389896, 43.557256243 ], [ -6.407173002, 43.557361753 ] ] ], [ [ [ -6.434701918, 43.557275355 ], [ -6.434494879, 43.557335603 ], [ -6.434549009, 43.557198923 ], [ -6.434701918, 43.557275355 ] ] ], [ [ [ -6.433563853, 43.557291573 ], [ -6.433433523, 43.55739453 ], [ -6.433427903, 43.55729566 ], [ -6.433563853, 43.557291573 ] ] ], [ [ [ -6.438632985, 43.557607223 ], [ -6.438625821, 43.55748139 ], [ -6.438704069, 43.557551061 ], [ -6.438632985, 43.557607223 ] ] ], [ [ [ -6.40868658, 43.557856793 ], [ -6.408040837, 43.557822045 ], [ -6.407981762, 43.557652742 ], [ -6.40868658, 43.557856793 ] ] ], [ [ [ -6.438742605, 43.557792995 ], [ -6.438595318, 43.557815437 ], [ -6.438651997, 43.557723696 ], [ -6.438742605, 43.557792995 ] ] ], [ [ [ -6.40982602, 43.558083876 ], [ -6.41007963, 43.558409432 ], [ -6.409359215, 43.558367919 ], [ -6.40982602, 43.558083876 ] ] ], [ [ [ -6.401012499, 43.558328676 ], [ -6.399907774, 43.558937791 ], [ -6.400955467, 43.558195322 ], [ -6.401012499, 43.558328676 ] ] ], [ [ [ -6.410886386, 43.558664446 ], [ -6.411198602, 43.558493058 ], [ -6.411253625, 43.558590452 ], [ -6.410886386, 43.558664446 ] ] ], [ [ [ -6.412508558, 43.558670003 ], [ -6.41196151, 43.558848412 ], [ -6.412162323, 43.558239179 ], [ -6.412508558, 43.558670003 ] ] ], [ [ [ -6.420117379, 43.558577427 ], [ -6.420077102, 43.558740695 ], [ -6.419998873, 43.558671011 ], [ -6.420117379, 43.558577427 ] ] ], [ [ [ -6.417092828, 43.558730996 ], [ -6.416943848, 43.558942534 ], [ -6.416853262, 43.558873216 ], [ -6.417092828, 43.558730996 ] ] ], [ [ [ -6.411426486, 43.558801372 ], [ -6.411654547, 43.558893597 ], [ -6.411618991, 43.55892167 ], [ -6.411426486, 43.558801372 ] ] ], [ [ [ -6.41736881, 43.558794765 ], [ -6.417402175, 43.558946826 ], [ -6.417340376, 43.558948675 ], [ -6.41736881, 43.558794765 ] ] ], [ [ [ -6.417190025, 43.55891716 ], [ -6.417293634, 43.558779008 ], [ -6.41730752, 43.558805603 ], [ -6.417190025, 43.55891716 ] ] ], [ [ [ -6.418383321, 43.558782407 ], [ -6.418341513, 43.558918711 ], [ -6.418276153, 43.558857643 ], [ -6.418383321, 43.558782407 ] ] ], [ [ [ -6.412751519, 43.558806798 ], [ -6.412710714, 43.558961077 ], [ -6.412606757, 43.558874149 ], [ -6.412751519, 43.558806798 ] ] ], [ [ [ -6.409226262, 43.559083163 ], [ -6.409244061, 43.558740499 ], [ -6.409400496, 43.558879885 ], [ -6.409226262, 43.559083163 ] ] ], [ [ [ -6.419749354, 43.559074636 ], [ -6.419897306, 43.558845118 ], [ -6.419940493, 43.558951867 ], [ -6.419749354, 43.559074636 ] ] ], [ [ [ -6.408074445, 43.558856443 ], [ -6.408320441, 43.559047178 ], [ -6.408086111, 43.559063175 ], [ -6.408074445, 43.558856443 ] ] ], [ [ [ -6.438819958, 43.558934106 ], [ -6.438764302, 43.559043824 ], [ -6.438696876, 43.558946816 ], [ -6.438819958, 43.558934106 ] ] ], [ [ [ -6.419334359, 43.558961014 ], [ -6.418180686, 43.559139609 ], [ -6.419338577, 43.558816832 ], [ -6.419334359, 43.558961014 ] ] ], [ [ [ -6.43750159, 43.559045828 ], [ -6.437622034, 43.559204265 ], [ -6.437409876, 43.559174637 ], [ -6.43750159, 43.559045828 ] ] ], [ [ [ -6.413250312, 43.559089006 ], [ -6.41342115, 43.559263969 ], [ -6.4132857, 43.559277021 ], [ -6.413250312, 43.559089006 ] ] ], [ [ [ -6.438632954, 43.55912881 ], [ -6.438831729, 43.559140832 ], [ -6.438883726, 43.559184283 ], [ -6.438632954, 43.55912881 ] ] ], [ [ [ -6.439270965, 43.559244649 ], [ -6.439078407, 43.559124399 ], [ -6.439428567, 43.559185881 ], [ -6.439270965, 43.559244649 ] ] ], [ [ [ -6.399632096, 43.559099057 ], [ -6.399729241, 43.559285238 ], [ -6.399550129, 43.559182528 ], [ -6.399632096, 43.559099057 ] ] ], [ [ [ -6.411331319, 43.55930841 ], [ -6.411117824, 43.55903568 ], [ -6.411367559, 43.559073237 ], [ -6.411331319, 43.55930841 ] ] ], [ [ [ -6.439946569, 43.559368354 ], [ -6.44001875, 43.559114083 ], [ -6.440164432, 43.55928076 ], [ -6.439946569, 43.559368354 ] ] ], [ [ [ -6.438700893, 43.559234806 ], [ -6.438731241, 43.559332931 ], [ -6.43858088, 43.559301445 ], [ -6.438700893, 43.559234806 ] ] ], [ [ [ -6.439128793, 43.559356972 ], [ -6.438980479, 43.559361439 ], [ -6.439063925, 43.559304905 ], [ -6.439128793, 43.559356972 ] ] ], [ [ [ -6.438931553, 43.559371916 ], [ -6.4388337, 43.559392869 ], [ -6.438866684, 43.559319848 ], [ -6.438931553, 43.559371916 ] ] ], [ [ [ -6.438614299, 43.559453497 ], [ -6.438415011, 43.559432488 ], [ -6.438663225, 43.55944302 ], [ -6.438614299, 43.559453497 ] ] ], [ [ [ -6.437433409, 43.559588089 ], [ -6.437635847, 43.559446942 ], [ -6.437679577, 43.559562671 ], [ -6.437433409, 43.559588089 ] ] ], [ [ [ -6.438255872, 43.55946429 ], [ -6.438325857, 43.559606238 ], [ -6.438184785, 43.559520451 ], [ -6.438255872, 43.55946429 ] ] ], [ [ [ -6.438762613, 43.559449031 ], [ -6.438866096, 43.559526946 ], [ -6.438648742, 43.559623526 ], [ -6.438762613, 43.559449031 ] ] ], [ [ [ -6.408154131, 43.559610357 ], [ -6.407650603, 43.559463321 ], [ -6.407828902, 43.559331952 ], [ -6.408154131, 43.559610357 ] ] ], [ [ [ -6.391994317, 43.559560243 ], [ -6.391574574, 43.559581712 ], [ -6.392166594, 43.559321036 ], [ -6.391994317, 43.559560243 ] ] ], [ [ [ -6.390436678, 43.559822578 ], [ -6.390286081, 43.559565947 ], [ -6.390738868, 43.559471474 ], [ -6.390436678, 43.559822578 ] ] ], [ [ [ -6.418801938, 43.559616202 ], [ -6.419054732, 43.559707672 ], [ -6.418771473, 43.55973416 ], [ -6.418801938, 43.559616202 ] ] ], [ [ [ -6.438059063, 43.559704305 ], [ -6.437981244, 43.559859707 ], [ -6.437922084, 43.559690423 ], [ -6.438059063, 43.559704305 ] ] ], [ [ [ -6.399209176, 43.559723882 ], [ -6.39836998, 43.55999195 ], [ -6.399246474, 43.559506688 ], [ -6.399209176, 43.559723882 ] ] ], [ [ [ -6.409747878, 43.559769861 ], [ -6.409973402, 43.559817148 ], [ -6.40964628, 43.559943961 ], [ -6.409747878, 43.559769861 ] ] ], [ [ [ -6.410941366, 43.560076351 ], [ -6.410833017, 43.559692437 ], [ -6.411070902, 43.559739353 ], [ -6.410941366, 43.560076351 ] ] ], [ [ [ -6.416960121, 43.559230158 ], [ -6.418696657, 43.55994348 ], [ -6.41653015, 43.560602548 ], [ -6.416960121, 43.559230158 ] ] ], [ [ [ -6.394291091, 43.560113248 ], [ -6.394298131, 43.559797916 ], [ -6.394508525, 43.560016751 ], [ -6.394291091, 43.560113248 ] ] ], [ [ [ -6.391457288, 43.559918325 ], [ -6.391340246, 43.560038846 ], [ -6.39131981, 43.559895396 ], [ -6.391457288, 43.559918325 ] ] ], [ [ [ -6.392409798, 43.560124127 ], [ -6.392210256, 43.559877956 ], [ -6.392461239, 43.559717441 ], [ -6.392409798, 43.560124127 ] ] ], [ [ [ -6.438140817, 43.560052979 ], [ -6.438354002, 43.560100581 ], [ -6.438258195, 43.560157487 ], [ -6.438140817, 43.560052979 ] ] ], [ [ [ -6.40999218, 43.560149716 ], [ -6.410257503, 43.560024748 ], [ -6.410289329, 43.560149846 ], [ -6.40999218, 43.560149716 ] ] ], [ [ [ -6.437498625, 43.560081316 ], [ -6.43764328, 43.560230021 ], [ -6.437403329, 43.560147209 ], [ -6.437498625, 43.560081316 ] ] ], [ [ [ -6.419159277, 43.560460834 ], [ -6.418988567, 43.560069792 ], [ -6.419315886, 43.560384117 ], [ -6.419159277, 43.560460834 ] ] ], [ [ [ -6.399461798, 43.560472656 ], [ -6.3995296, 43.560137509 ], [ -6.399825523, 43.56033578 ], [ -6.399461798, 43.560472656 ] ] ], [ [ [ -6.397716463, 43.560479576 ], [ -6.39799895, 43.560219074 ], [ -6.398127105, 43.560296292 ], [ -6.397716463, 43.560479576 ] ] ], [ [ [ -6.394499736, 43.560521207 ], [ -6.394375357, 43.560290813 ], [ -6.394820835, 43.560286576 ], [ -6.394499736, 43.560521207 ] ] ], [ [ [ -6.398802941, 43.560645325 ], [ -6.398496396, 43.560258293 ], [ -6.398900525, 43.560399326 ], [ -6.398802941, 43.560645325 ] ] ], [ [ [ -6.439916879, 43.560368634 ], [ -6.439880752, 43.560603812 ], [ -6.439798914, 43.560471226 ], [ -6.439916879, 43.560368634 ] ] ], [ [ [ -6.395543841, 43.560814295 ], [ -6.395668918, 43.560396416 ], [ -6.395786226, 43.56050097 ], [ -6.395543841, 43.560814295 ] ] ], [ [ [ -6.397707925, 43.560767942 ], [ -6.398096883, 43.560639324 ], [ -6.398127672, 43.56074645 ], [ -6.397707925, 43.560767942 ] ] ], [ [ [ -6.418392148, 43.560906964 ], [ -6.418543671, 43.560740366 ], [ -6.418652728, 43.56091717 ], [ -6.418392148, 43.560906964 ] ] ], [ [ [ -6.397034955, 43.561130093 ], [ -6.397003382, 43.5607889 ], [ -6.39728239, 43.560906649 ], [ -6.397034955, 43.561130093 ] ] ], [ [ [ -6.439270366, 43.560973333 ], [ -6.439290405, 43.561107781 ], [ -6.439200814, 43.561056459 ], [ -6.439270366, 43.560973333 ] ] ], [ [ [ -6.397770009, 43.560991182 ], [ -6.397777089, 43.56111702 ], [ -6.397697869, 43.561029342 ], [ -6.397770009, 43.560991182 ] ] ], [ [ [ -6.39826645, 43.561012425 ], [ -6.397980926, 43.561218997 ], [ -6.397962496, 43.561111504 ], [ -6.39826645, 43.561012425 ] ] ], [ [ [ -6.419024764, 43.561365209 ], [ -6.419164797, 43.561433045 ], [ -6.418980921, 43.56146556 ], [ -6.419024764, 43.561365209 ] ] ], [ [ [ -6.396356417, 43.561393368 ], [ -6.396296408, 43.56164725 ], [ -6.396092573, 43.561545269 ], [ -6.396356417, 43.561393368 ] ] ], [ [ [ -6.395879686, 43.561722666 ], [ -6.396060822, 43.561861336 ], [ -6.39583833, 43.561867951 ], [ -6.395879686, 43.561722666 ] ] ], [ [ [ -6.415605398, 43.56176465 ], [ -6.415601171, 43.561908832 ], [ -6.415522434, 43.561830156 ], [ -6.415605398, 43.56176465 ] ] ], [ [ [ -6.399830891, 43.563729935 ], [ -6.400242346, 43.56378071 ], [ -6.400103125, 43.563946918 ], [ -6.399830891, 43.563729935 ] ] ], [ [ [ -6.399289682, 43.564673404 ], [ -6.398631639, 43.565521308 ], [ -6.398429018, 43.565221219 ], [ -6.399289682, 43.564673404 ] ] ], [ [ [ -6.400033746, 43.565353527 ], [ -6.399545582, 43.565260017 ], [ -6.400184533, 43.564952884 ], [ -6.400033746, 43.565353527 ] ] ], [ [ [ -6.400639956, 43.565344481 ], [ -6.400287632, 43.565904184 ], [ -6.400047412, 43.565596214 ], [ -6.400639956, 43.565344481 ] ] ], [ [ [ -6.399164043, 43.566180725 ], [ -6.398798695, 43.565849466 ], [ -6.399221514, 43.565881899 ], [ -6.399164043, 43.566180725 ] ] ], [ [ [ -6.36745891, 43.552516251 ], [ -6.367210557, 43.552280476 ], [ -6.367433521, 43.552282906 ], [ -6.36745891, 43.552516251 ] ] ], [ [ [ -6.359192485, 43.552570604 ], [ -6.359475667, 43.553210534 ], [ -6.358815485, 43.552914825 ], [ -6.359192485, 43.552570604 ] ] ], [ [ [ -6.350086179, 43.55288309 ], [ -6.350139212, 43.55316965 ], [ -6.349967072, 43.552967616 ], [ -6.350086179, 43.55288309 ] ] ], [ [ [ -6.364223639, 43.553106791 ], [ -6.363970446, 43.553006206 ], [ -6.364056302, 43.552769584 ], [ -6.364223639, 43.553106791 ] ] ], [ [ [ -6.361583403, 43.553490653 ], [ -6.361823235, 43.55357363 ], [ -6.361530612, 43.553654271 ], [ -6.361583403, 43.553490653 ] ] ], [ [ [ -6.359359853, 43.553799173 ], [ -6.359654839, 43.553538396 ], [ -6.359377212, 43.553888699 ], [ -6.359359853, 43.553799173 ] ] ], [ [ [ -6.358664224, 43.553756607 ], [ -6.358855615, 43.553859021 ], [ -6.358694941, 43.553863746 ], [ -6.358664224, 43.553756607 ] ] ], [ [ [ -6.35896485, 43.553819794 ], [ -6.358984708, 43.553954264 ], [ -6.358894693, 43.553893886 ], [ -6.35896485, 43.553819794 ] ] ], [ [ [ -6.35985859, 43.553640445 ], [ -6.359797718, 43.554326509 ], [ -6.359579605, 43.554188867 ], [ -6.35985859, 43.553640445 ] ] ], [ [ [ -6.359271977, 43.553999837 ], [ -6.359145882, 43.553958528 ], [ -6.359280336, 43.553927562 ], [ -6.359271977, 43.553999837 ] ] ], [ [ [ -6.357964168, 43.555415837 ], [ -6.357638712, 43.556019638 ], [ -6.357371159, 43.555883447 ], [ -6.357964168, 43.555415837 ] ] ], [ [ [ -6.357956838, 43.556397436 ], [ -6.358256843, 43.556226552 ], [ -6.358145737, 43.556454907 ], [ -6.357956838, 43.556397436 ] ] ], [ [ [ -6.367785319, 43.556594237 ], [ -6.367615788, 43.556662261 ], [ -6.367660717, 43.556579904 ], [ -6.367785319, 43.556594237 ] ] ], [ [ [ -6.38163896, 43.557481396 ], [ -6.381848354, 43.557241105 ], [ -6.381882636, 43.557411157 ], [ -6.38163896, 43.557481396 ] ] ], [ [ [ -6.384888841, 43.557592206 ], [ -6.3843705, 43.557400486 ], [ -6.384609638, 43.557249344 ], [ -6.384888841, 43.557592206 ] ] ], [ [ [ -6.371946696, 43.557731946 ], [ -6.372136929, 43.557591277 ], [ -6.37217953, 43.557689057 ], [ -6.371946696, 43.557731946 ] ] ], [ [ [ -6.38239012, 43.55763022 ], [ -6.381807189, 43.557611468 ], [ -6.382394426, 43.557486036 ], [ -6.38239012, 43.55763022 ] ] ], [ [ [ -6.3817191, 43.558028237 ], [ -6.381586441, 43.557870102 ], [ -6.381723911, 43.557893042 ], [ -6.3817191, 43.558028237 ] ] ], [ [ [ -6.38620753, 43.558147347 ], [ -6.386497883, 43.557805608 ], [ -6.386535707, 43.558038578 ], [ -6.38620753, 43.558147347 ] ] ], [ [ [ -6.381130346, 43.5581267 ], [ -6.380774202, 43.557957173 ], [ -6.381114244, 43.557839064 ], [ -6.381130346, 43.5581267 ] ] ], [ [ [ -6.379349778, 43.557945307 ], [ -6.379479917, 43.558058502 ], [ -6.37926879, 43.558046742 ], [ -6.379349778, 43.557945307 ] ] ], [ [ [ -6.379954702, 43.557693316 ], [ -6.380726423, 43.558651857 ], [ -6.379846622, 43.558416795 ], [ -6.379954702, 43.557693316 ] ] ], [ [ [ -6.371890786, 43.55828281 ], [ -6.372211463, 43.558039251 ], [ -6.372289639, 43.558108971 ], [ -6.371890786, 43.55828281 ] ] ], [ [ [ -6.382078995, 43.558485762 ], [ -6.38235019, 43.55824364 ], [ -6.382337047, 43.55845111 ], [ -6.382078995, 43.558485762 ] ] ], [ [ [ -6.37950458, 43.558633182 ], [ -6.379463262, 43.558337289 ], [ -6.379693289, 43.558465534 ], [ -6.37950458, 43.558633182 ] ] ], [ [ [ -6.345083752, 43.558674934 ], [ -6.344513586, 43.558439533 ], [ -6.345223615, 43.558517777 ], [ -6.345083752, 43.558674934 ] ] ], [ [ [ -6.37210329, 43.558762726 ], [ -6.37235332, 43.558584277 ], [ -6.372291204, 43.558802195 ], [ -6.37210329, 43.558762726 ] ] ], [ [ [ -6.367542318, 43.558897298 ], [ -6.367770149, 43.558764531 ], [ -6.367619989, 43.558958032 ], [ -6.367542318, 43.558897298 ] ] ], [ [ [ -6.369265426, 43.558936514 ], [ -6.36949576, 43.558848687 ], [ -6.36944148, 43.558985341 ], [ -6.369265426, 43.558936514 ] ] ], [ [ [ -6.371665027, 43.559117798 ], [ -6.371646962, 43.558794205 ], [ -6.371824523, 43.558869995 ], [ -6.371665027, 43.559117798 ] ] ], [ [ [ -6.388643944, 43.558984437 ], [ -6.388803361, 43.559177784 ], [ -6.388602572, 43.559129721 ], [ -6.388643944, 43.558984437 ] ] ], [ [ [ -6.371006414, 43.559074215 ], [ -6.370837883, 43.55916022 ], [ -6.370868443, 43.559042273 ], [ -6.371006414, 43.559074215 ] ] ], [ [ [ -6.369887636, 43.559215273 ], [ -6.370104284, 43.559325926 ], [ -6.37001192, 43.559445697 ], [ -6.369887636, 43.559215273 ] ] ], [ [ [ -6.379613428, 43.559116965 ], [ -6.378916356, 43.559713814 ], [ -6.379042631, 43.558872752 ], [ -6.379613428, 43.559116965 ] ] ], [ [ [ -6.371113507, 43.559440198 ], [ -6.371357706, 43.559378968 ], [ -6.371228766, 43.559508824 ], [ -6.371113507, 43.559440198 ] ] ], [ [ [ -6.369772557, 43.559371728 ], [ -6.369686212, 43.559599363 ], [ -6.369637595, 43.559393717 ], [ -6.369772557, 43.559371728 ] ] ], [ [ [ -6.370267156, 43.559582221 ], [ -6.370324624, 43.559724582 ], [ -6.370172284, 43.559657049 ], [ -6.370267156, 43.559582221 ] ] ], [ [ [ -6.371791511, 43.559609257 ], [ -6.372055096, 43.559673503 ], [ -6.371785674, 43.559726475 ], [ -6.371791511, 43.559609257 ] ] ], [ [ [ -6.380180848, 43.559620242 ], [ -6.380302657, 43.559805711 ], [ -6.380113729, 43.559748278 ], [ -6.380180848, 43.559620242 ] ] ], [ [ [ -6.370498674, 43.559737452 ], [ -6.370714322, 43.559830127 ], [ -6.370456255, 43.559864753 ], [ -6.370498674, 43.559737452 ] ] ], [ [ [ -6.369758546, 43.559786303 ], [ -6.369877816, 43.55992684 ], [ -6.369716126, 43.559913603 ], [ -6.369758546, 43.559786303 ] ] ], [ [ [ -6.33861253, 43.56008876 ], [ -6.338890806, 43.559747495 ], [ -6.339270018, 43.55966438 ], [ -6.33861253, 43.56008876 ] ] ], [ [ [ -6.389757618, 43.560076826 ], [ -6.39001895, 43.559879996 ], [ -6.390006843, 43.560105442 ], [ -6.389757618, 43.560076826 ] ] ], [ [ [ -6.370404485, 43.560046351 ], [ -6.370560337, 43.560176805 ], [ -6.370360561, 43.560146686 ], [ -6.370404485, 43.560046351 ] ] ], [ [ [ -6.339639917, 43.559860646 ], [ -6.339131322, 43.560514767 ], [ -6.33873173, 43.560229332 ], [ -6.339639917, 43.559860646 ] ] ], [ [ [ -6.34163216, 43.560288565 ], [ -6.340978945, 43.5601186 ], [ -6.34145406, 43.559978652 ], [ -6.34163216, 43.560288565 ] ] ], [ [ [ -6.339907288, 43.561113321 ], [ -6.340018471, 43.560884982 ], [ -6.340166873, 43.56110573 ], [ -6.339907288, 43.561113321 ] ] ], [ [ [ -6.338128511, 43.562083684 ], [ -6.338104224, 43.561868309 ], [ -6.33836139, 43.562040863 ], [ -6.338128511, 43.562083684 ] ] ], [ [ [ -6.33281106, 43.561977872 ], [ -6.332024352, 43.561856769 ], [ -6.332799154, 43.561762135 ], [ -6.33281106, 43.561977872 ] ] ], [ [ [ -6.331603144, 43.562301226 ], [ -6.331712947, 43.562496101 ], [ -6.331524052, 43.562438586 ], [ -6.331603144, 43.562301226 ] ] ], [ [ [ -6.328579987, 43.562263323 ], [ -6.327942185, 43.562822121 ], [ -6.328013832, 43.562324839 ], [ -6.328579987, 43.562263323 ] ] ], [ [ [ -6.327562957, 43.563130286 ], [ -6.327309758, 43.562804532 ], [ -6.327661333, 43.562893328 ], [ -6.327562957, 43.563130286 ] ] ], [ [ [ -6.325744277, 43.56293116 ], [ -6.325014463, 43.563393582 ], [ -6.324918526, 43.563225307 ], [ -6.325744277, 43.56293116 ] ] ], [ [ [ -6.324254947, 43.563316651 ], [ -6.323914267, 43.563650694 ], [ -6.32407347, 43.563168873 ], [ -6.324254947, 43.563316651 ] ] ], [ [ [ -6.317027663, 43.563832897 ], [ -6.316942574, 43.564312556 ], [ -6.316628109, 43.563997561 ], [ -6.317027663, 43.563832897 ] ] ], [ [ [ -6.32067841, 43.563573753 ], [ -6.321415176, 43.564362648 ], [ -6.320582953, 43.564764995 ], [ -6.32067841, 43.563573753 ] ] ], [ [ [ -6.305293352, 43.564803332 ], [ -6.304821677, 43.564555879 ], [ -6.305214811, 43.564499485 ], [ -6.305293352, 43.564803332 ] ] ], [ [ [ -6.322121301, 43.564819298 ], [ -6.322330961, 43.564579108 ], [ -6.322341842, 43.564776869 ], [ -6.322121301, 43.564819298 ] ] ], [ [ [ -6.321959111, 43.565247182 ], [ -6.321750436, 43.564830085 ], [ -6.322208333, 43.565050858 ], [ -6.321959111, 43.565247182 ] ] ], [ [ [ -6.302746066, 43.565318194 ], [ -6.303042343, 43.565075534 ], [ -6.303144193, 43.56512661 ], [ -6.302746066, 43.565318194 ] ] ], [ [ [ -6.320685787, 43.565959475 ], [ -6.320911774, 43.565790841 ], [ -6.320920179, 43.565943656 ], [ -6.320685787, 43.565959475 ] ] ], [ [ [ -6.301568453, 43.565973486 ], [ -6.301602175, 43.565684398 ], [ -6.301783607, 43.565832213 ], [ -6.301568453, 43.565973486 ] ] ], [ [ [ -6.322446198, 43.566223402 ], [ -6.322281032, 43.565922086 ], [ -6.322627677, 43.566146094 ], [ -6.322446198, 43.566223402 ] ] ], [ [ [ -6.302623703, 43.566024009 ], [ -6.301657866, 43.566250011 ], [ -6.302737004, 43.565831659 ], [ -6.302623703, 43.566024009 ] ] ], [ [ [ -6.308428906, 43.567116494 ], [ -6.308463581, 43.566845383 ], [ -6.308631685, 43.566975566 ], [ -6.308428906, 43.567116494 ] ] ], [ [ [ -6.301330577, 43.567510964 ], [ -6.301510689, 43.567181631 ], [ -6.301633261, 43.567385169 ], [ -6.301330577, 43.567510964 ] ] ], [ [ [ -6.308658237, 43.567686077 ], [ -6.308926327, 43.567381193 ], [ -6.308933224, 43.567507043 ], [ -6.308658237, 43.567686077 ] ] ], [ [ [ -6.300689098, 43.567781604 ], [ -6.300864301, 43.567362377 ], [ -6.301009139, 43.567520255 ], [ -6.300689098, 43.567781604 ] ] ], [ [ [ -6.308001032, 43.567669099 ], [ -6.307471344, 43.567945542 ], [ -6.307530308, 43.567439637 ], [ -6.308001032, 43.567669099 ] ] ], [ [ [ -6.310575925, 43.567882606 ], [ -6.310859819, 43.567640285 ], [ -6.310931985, 43.567827267 ], [ -6.310575925, 43.567882606 ] ] ], [ [ [ -6.308992482, 43.567910485 ], [ -6.309396025, 43.567817761 ], [ -6.30929412, 43.567991781 ], [ -6.308992482, 43.567910485 ] ] ], [ [ [ -6.307830703, 43.568628408 ], [ -6.308413004, 43.569763994 ], [ -6.307630923, 43.568598179 ], [ -6.307830703, 43.568628408 ] ] ], [ [ [ -6.296064078, 43.570841321 ], [ -6.295918356, 43.570440366 ], [ -6.296245116, 43.570755064 ], [ -6.296064078, 43.570841321 ] ] ], [ [ [ -6.295321274, 43.570844748 ], [ -6.295204701, 43.570523984 ], [ -6.295573647, 43.570477324 ], [ -6.295321274, 43.570844748 ] ] ], [ [ [ -6.296278188, 43.57090717 ], [ -6.296238549, 43.571088385 ], [ -6.296063493, 43.571057422 ], [ -6.296278188, 43.57090717 ] ] ], [ [ [ -6.291276148, 43.571375555 ], [ -6.29150469, 43.571251923 ], [ -6.291353762, 43.571436343 ], [ -6.291276148, 43.571375555 ] ] ], [ [ [ -6.295615166, 43.571691604 ], [ -6.295684047, 43.571365489 ], [ -6.295881773, 43.571584872 ], [ -6.295615166, 43.571691604 ] ] ], [ [ [ -6.293378491, 43.571323954 ], [ -6.292807052, 43.572880037 ], [ -6.292270432, 43.571896114 ], [ -6.293378491, 43.571323954 ] ] ], [ [ [ -6.29118463, 43.572422604 ], [ -6.291553592, 43.572375956 ], [ -6.291477336, 43.572567228 ], [ -6.29118463, 43.572422604 ] ] ], [ [ [ -6.287988079, 43.572847806 ], [ -6.287634663, 43.572497838 ], [ -6.288043169, 43.572495082 ], [ -6.287988079, 43.572847806 ] ] ], [ [ [ -6.295286449, 43.572475394 ], [ -6.294755579, 43.572958894 ], [ -6.294664714, 43.572655395 ], [ -6.295286449, 43.572475394 ] ] ], [ [ [ -6.28510966, 43.572975655 ], [ -6.285410939, 43.572822931 ], [ -6.285477652, 43.572911048 ], [ -6.28510966, 43.572975655 ] ] ], [ [ [ -6.28451729, 43.57278561 ], [ -6.283700342, 43.573475364 ], [ -6.283732336, 43.572925228 ], [ -6.28451729, 43.57278561 ] ] ], [ [ [ -6.290759387, 43.57325418 ], [ -6.291083798, 43.573298853 ], [ -6.290842884, 43.573422841 ], [ -6.290759387, 43.57325418 ] ] ], [ [ [ -6.291393283, 43.573524026 ], [ -6.291562352, 43.573672214 ], [ -6.291386801, 43.573632256 ], [ -6.291393283, 43.573524026 ] ] ], [ [ [ -6.291220072, 43.573754107 ], [ -6.291002414, 43.573850414 ], [ -6.291021752, 43.573750818 ], [ -6.291220072, 43.573754107 ] ] ], [ [ [ -6.29200017, 43.574433899 ], [ -6.291899511, 43.57395061 ], [ -6.292226378, 43.574040227 ], [ -6.29200017, 43.574433899 ] ] ], [ [ [ -6.292596182, 43.575371093 ], [ -6.292653313, 43.574829234 ], [ -6.292878222, 43.575092856 ], [ -6.292596182, 43.575371093 ] ] ], [ [ [ -6.11982445, 43.556901953 ], [ -6.11987901, 43.556999502 ], [ -6.119699892, 43.556887348 ], [ -6.11982445, 43.556901953 ] ] ], [ [ [ -6.114870446, 43.557586389 ], [ -6.115030703, 43.557573015 ], [ -6.115072893, 43.557670905 ], [ -6.114870446, 43.557586389 ] ] ], [ [ [ -6.119153994, 43.558063728 ], [ -6.119099899, 43.557975169 ], [ -6.119275768, 43.558024388 ], [ -6.119153994, 43.558063728 ] ] ], [ [ [ -6.118799639, 43.558154438 ], [ -6.11870799, 43.5580579 ], [ -6.118843985, 43.558054186 ], [ -6.118799639, 43.558154438 ] ] ], [ [ [ -6.119177963, 43.558288164 ], [ -6.119000235, 43.558202982 ], [ -6.119019855, 43.558103406 ], [ -6.119177963, 43.558288164 ] ] ], [ [ [ -6.123234785, 43.560365186 ], [ -6.123395512, 43.56036079 ], [ -6.123338343, 43.56045239 ], [ -6.123234785, 43.560365186 ] ] ], [ [ [ -6.127138621, 43.560438438 ], [ -6.127355114, 43.560315463 ], [ -6.127176382, 43.560689506 ], [ -6.127138621, 43.560438438 ] ] ], [ [ [ -6.130681585, 43.560476432 ], [ -6.130585472, 43.560533088 ], [ -6.130556085, 43.560443857 ], [ -6.130681585, 43.560476432 ] ] ], [ [ [ -6.128007538, 43.560720768 ], [ -6.128130243, 43.5606994 ], [ -6.128110172, 43.560789986 ], [ -6.128007538, 43.560720768 ] ] ], [ [ [ -6.126332397, 43.560649586 ], [ -6.12645065, 43.560781404 ], [ -6.126325152, 43.560748825 ], [ -6.126332397, 43.560649586 ] ] ], [ [ [ -6.128089843, 43.561114674 ], [ -6.127981621, 43.560937565 ], [ -6.128117156, 43.560924849 ], [ -6.128089843, 43.561114674 ] ] ], [ [ [ -6.128502502, 43.561193407 ], [ -6.128377934, 43.561178812 ], [ -6.128377468, 43.561169821 ], [ -6.128502502, 43.561193407 ] ] ], [ [ [ -6.125205765, 43.561607795 ], [ -6.125153788, 43.561321101 ], [ -6.12538471, 43.561476848 ], [ -6.125205765, 43.561607795 ] ] ], [ [ [ -6.127944945, 43.561424766 ], [ -6.128059013, 43.561475664 ], [ -6.128027044, 43.561575579 ], [ -6.127944945, 43.561424766 ] ] ], [ [ [ -6.182804618, 43.564915141 ], [ -6.182931573, 43.564974629 ], [ -6.182825036, 43.565067634 ], [ -6.182804618, 43.564915141 ] ] ], [ [ [ -6.145613261, 43.564757056 ], [ -6.145523991, 43.565182685 ], [ -6.145398007, 43.565141136 ], [ -6.145613261, 43.564757056 ] ] ], [ [ [ -6.135361369, 43.565002938 ], [ -6.135494577, 43.564945259 ], [ -6.13561682, 43.564914892 ], [ -6.135361369, 43.565002938 ] ] ], [ [ [ -6.137933877, 43.56518439 ], [ -6.138123516, 43.56478302 ], [ -6.138400454, 43.565108545 ], [ -6.137933877, 43.56518439 ] ] ], [ [ [ -6.135379802, 43.565119479 ], [ -6.135446758, 43.565216681 ], [ -6.135334078, 43.565192763 ], [ -6.135379802, 43.565119479 ] ] ], [ [ [ -6.138850964, 43.565438302 ], [ -6.138995132, 43.565353307 ], [ -6.139142103, 43.565322257 ], [ -6.138850964, 43.565438302 ] ] ], [ [ [ -6.149006445, 43.565716974 ], [ -6.149111805, 43.565362928 ], [ -6.149143391, 43.565731206 ], [ -6.149006445, 43.565716974 ] ] ], [ [ [ -6.139303562, 43.565569921 ], [ -6.139122768, 43.565664926 ], [ -6.139068637, 43.565576378 ], [ -6.139303562, 43.565569921 ] ] ], [ [ [ -6.138726637, 43.56566681 ], [ -6.138882235, 43.565563493 ], [ -6.138862647, 43.565663072 ], [ -6.138726637, 43.56566681 ] ] ], [ [ [ -6.139885884, 43.565815018 ], [ -6.1398756, 43.565617221 ], [ -6.140012544, 43.565631463 ], [ -6.139885884, 43.565815018 ] ] ], [ [ [ -6.137648837, 43.565894504 ], [ -6.137606605, 43.565796624 ], [ -6.137775285, 43.565945052 ], [ -6.137648837, 43.565894504 ] ] ], [ [ [ -6.142185681, 43.565751769 ], [ -6.141894811, 43.566110913 ], [ -6.1420478, 43.565719548 ], [ -6.142185681, 43.565751769 ] ] ], [ [ [ -6.180770058, 43.566016241 ], [ -6.180854187, 43.566202974 ], [ -6.180744804, 43.566242035 ], [ -6.180770058, 43.566016241 ] ] ], [ [ [ -6.139632305, 43.565939036 ], [ -6.139579619, 43.566354652 ], [ -6.139422363, 43.566187905 ], [ -6.139632305, 43.565939036 ] ] ], [ [ [ -6.179597025, 43.567489482 ], [ -6.179420553, 43.567665463 ], [ -6.179472434, 43.567474943 ], [ -6.179597025, 43.567489482 ] ] ], [ [ [ -6.173351403, 43.568104368 ], [ -6.173018504, 43.568131624 ], [ -6.173408029, 43.568003754 ], [ -6.173351403, 43.568104368 ] ] ], [ [ [ -6.175658635, 43.568652482 ], [ -6.175563099, 43.56848407 ], [ -6.175685327, 43.56845366 ], [ -6.175658635, 43.568652482 ] ] ], [ [ [ -6.177810558, 43.568601629 ], [ -6.178030283, 43.568541494 ], [ -6.177890424, 43.56870745 ], [ -6.177810558, 43.568601629 ] ] ], [ [ [ -6.177481917, 43.568709813 ], [ -6.177199895, 43.568762677 ], [ -6.177589414, 43.568634793 ], [ -6.177481917, 43.568709813 ] ] ], [ [ [ -6.175985249, 43.568976533 ], [ -6.175808289, 43.569143519 ], [ -6.17585971, 43.56894401 ], [ -6.175985249, 43.568976533 ] ] ], [ [ [ -6.175073094, 43.569055917 ], [ -6.174907625, 43.568970481 ], [ -6.175042692, 43.568948719 ], [ -6.175073094, 43.569055917 ] ] ], [ [ [ -6.153432081, 43.568899194 ], [ -6.153547435, 43.569211135 ], [ -6.153362429, 43.569225247 ], [ -6.153432081, 43.568899194 ] ] ], [ [ [ -6.17534221, 43.569228507 ], [ -6.175146737, 43.56927896 ], [ -6.175348901, 43.569120278 ], [ -6.17534221, 43.569228507 ] ] ], [ [ [ -6.167755003, 43.569295144 ], [ -6.167527247, 43.569202421 ], [ -6.167799274, 43.569194877 ], [ -6.167755003, 43.569295144 ] ] ], [ [ [ -6.171944717, 43.569376939 ], [ -6.171699308, 43.569419769 ], [ -6.171751688, 43.569238242 ], [ -6.171944717, 43.569376939 ] ] ], [ [ [ -6.167442948, 43.569483871 ], [ -6.167697793, 43.569620861 ], [ -6.167385368, 43.569566501 ], [ -6.167442948, 43.569483871 ] ] ], [ [ [ -6.171026794, 43.569582501 ], [ -6.170808947, 43.569678585 ], [ -6.170948355, 43.569503646 ], [ -6.171026794, 43.569582501 ] ] ], [ [ [ -6.160501476, 43.569586137 ], [ -6.161032574, 43.569796529 ], [ -6.160523723, 43.569774597 ], [ -6.160501476, 43.569586137 ] ] ], [ [ [ -6.169300327, 43.569954553 ], [ -6.168726542, 43.569403247 ], [ -6.169427847, 43.56978895 ], [ -6.169300327, 43.569954553 ] ] ], [ [ [ -6.171219439, 43.569478112 ], [ -6.17131771, 43.569934567 ], [ -6.171191227, 43.569884058 ], [ -6.171219439, 43.569478112 ] ] ], [ [ [ -6.167533173, 43.569787492 ], [ -6.167162223, 43.569797779 ], [ -6.167119941, 43.569699912 ], [ -6.167533173, 43.569787492 ] ] ], [ [ [ -6.162463155, 43.569684896 ], [ -6.162207727, 43.569773001 ], [ -6.162396621, 43.569596702 ], [ -6.162463155, 43.569684896 ] ] ], [ [ [ -6.167181558, 43.570166391 ], [ -6.167086514, 43.570006962 ], [ -6.16723348, 43.569975875 ], [ -6.167181558, 43.570166391 ] ] ], [ [ [ -6.149851764, 43.570528608 ], [ -6.150268564, 43.570922275 ], [ -6.149858629, 43.570897567 ], [ -6.149851764, 43.570528608 ] ] ], [ [ [ -6.162236325, 43.570555524 ], [ -6.16202411, 43.570759479 ], [ -6.162111732, 43.570540966 ], [ -6.162236325, 43.570555524 ] ] ], [ [ [ -6.166231588, 43.570705937 ], [ -6.166682393, 43.570801482 ], [ -6.166320866, 43.570991577 ], [ -6.166231588, 43.570705937 ] ] ], [ [ [ -6.15400652, 43.571125232 ], [ -6.153779246, 43.571041472 ], [ -6.153905873, 43.570857903 ], [ -6.15400652, 43.571125232 ] ] ], [ [ [ -6.166978374, 43.571486552 ], [ -6.166866719, 43.571246551 ], [ -6.167005095, 43.571287732 ], [ -6.166978374, 43.571486552 ] ] ], [ [ [ -6.149536314, 43.57136564 ], [ -6.14953708, 43.571617721 ], [ -6.149427838, 43.571422654 ], [ -6.149536314, 43.57136564 ] ] ], [ [ [ -6.149859011, 43.572329132 ], [ -6.149751174, 43.572161037 ], [ -6.149917258, 43.572021402 ], [ -6.149859011, 43.572329132 ] ] ], [ [ [ -6.167105017, 43.572248347 ], [ -6.166828627, 43.572409073 ], [ -6.166820139, 43.572247243 ], [ -6.167105017, 43.572248347 ] ] ], [ [ [ -6.166523521, 43.572966752 ], [ -6.166266306, 43.572784808 ], [ -6.166374296, 43.572718789 ], [ -6.166523521, 43.572966752 ] ] ], [ [ [ -6.277555868, 43.574804316 ], [ -6.277734994, 43.57468213 ], [ -6.277777457, 43.57477995 ], [ -6.277555868, 43.574804316 ] ] ], [ [ [ -6.277396265, 43.575286085 ], [ -6.277396916, 43.575069981 ], [ -6.277550174, 43.575155618 ], [ -6.277396265, 43.575286085 ] ] ], [ [ [ -6.28114896, 43.574836199 ], [ -6.280474798, 43.575647877 ], [ -6.280225851, 43.575168836 ], [ -6.28114896, 43.574836199 ] ] ], [ [ [ -6.275848354, 43.576428926 ], [ -6.276153577, 43.576348143 ], [ -6.276097607, 43.576457791 ], [ -6.275848354, 43.576428926 ] ] ], [ [ [ -6.194553621, 43.576823006 ], [ -6.194750061, 43.577258687 ], [ -6.19447134, 43.57690634 ], [ -6.194553621, 43.576823006 ] ] ], [ [ [ -6.275672597, 43.577982577 ], [ -6.275885904, 43.577805392 ], [ -6.275944636, 43.577974775 ], [ -6.275672597, 43.577982577 ] ] ], [ [ [ -6.194567448, 43.578722376 ], [ -6.194459, 43.578545338 ], [ -6.194721076, 43.578583025 ], [ -6.194567448, 43.578722376 ] ] ], [ [ [ -6.267639109, 43.579203097 ], [ -6.267347286, 43.579760662 ], [ -6.267015469, 43.579121899 ], [ -6.267639109, 43.579203097 ] ] ], [ [ [ -6.190738042, 43.580080923 ], [ -6.190917366, 43.579958867 ], [ -6.190827937, 43.580141437 ], [ -6.190738042, 43.580080923 ] ] ], [ [ [ -6.191129028, 43.579979964 ], [ -6.191189428, 43.580185358 ], [ -6.191087166, 43.580125191 ], [ -6.191129028, 43.579979964 ] ] ], [ [ [ -6.188768369, 43.580307002 ], [ -6.188773629, 43.579937709 ], [ -6.188922031, 43.579933565 ], [ -6.188768369, 43.580307002 ] ] ], [ [ [ -6.193041117, 43.581943324 ], [ -6.191917635, 43.580606184 ], [ -6.19349204, 43.580868294 ], [ -6.193041117, 43.581943324 ] ] ], [ [ [ -6.266944906, 43.581707935 ], [ -6.266483461, 43.581649106 ], [ -6.266807332, 43.581225679 ], [ -6.266944906, 43.581707935 ] ] ], [ [ [ -6.191147983, 43.58197823 ], [ -6.191405815, 43.581232731 ], [ -6.191308281, 43.581964747 ], [ -6.191147983, 43.58197823 ] ] ], [ [ [ -6.268628082, 43.582371056 ], [ -6.26891465, 43.582173779 ], [ -6.268930912, 43.582245342 ], [ -6.268628082, 43.582371056 ] ] ], [ [ [ -6.191467147, 43.582158387 ], [ -6.191274492, 43.582496903 ], [ -6.19073129, 43.582295994 ], [ -6.191467147, 43.582158387 ] ] ], [ [ [ -6.192417992, 43.582572988 ], [ -6.192478881, 43.582319185 ], [ -6.192626813, 43.582306047 ], [ -6.192417992, 43.582572988 ] ] ], [ [ [ -6.190863509, 43.582688457 ], [ -6.190591417, 43.582930152 ], [ -6.190650412, 43.582640389 ], [ -6.190863509, 43.582688457 ] ] ], [ [ [ -6.251374296, 43.583277714 ], [ -6.251345946, 43.582981404 ], [ -6.251558118, 43.583011378 ], [ -6.251374296, 43.583277714 ] ] ], [ [ [ -6.272481587, 43.583314118 ], [ -6.271919369, 43.583681364 ], [ -6.271139784, 43.583694692 ], [ -6.272481587, 43.583314118 ] ] ], [ [ [ -6.251284499, 43.5843697 ], [ -6.251103386, 43.583996707 ], [ -6.251411333, 43.584195022 ], [ -6.251284499, 43.5843697 ] ] ], [ [ [ -6.271166098, 43.58418013 ], [ -6.270631334, 43.584825693 ], [ -6.270427131, 43.584714495 ], [ -6.271166098, 43.58418013 ] ] ], [ [ [ -6.208626019, 43.585545634 ], [ -6.208974103, 43.585190044 ], [ -6.208840354, 43.585742158 ], [ -6.208626019, 43.585545634 ] ] ], [ [ [ -6.227375926, 43.59112333 ], [ -6.226302455, 43.590877013 ], [ -6.226741224, 43.58993093 ], [ -6.227375926, 43.59112333 ] ] ], [ [ [ -6.233637217, 43.591657595 ], [ -6.234026342, 43.591942985 ], [ -6.233508005, 43.592036704 ], [ -6.233637217, 43.591657595 ] ] ], [ [ [ -6.232050099, 43.592735012 ], [ -6.231633695, 43.591432719 ], [ -6.232439792, 43.591508709 ], [ -6.232050099, 43.592735012 ] ] ], [ [ [ -6.244404545, 43.59622813 ], [ -6.243098453, 43.595198158 ], [ -6.244622653, 43.595480914 ], [ -6.244404545, 43.59622813 ] ] ], [ [ [ -6.114981096, 43.557331269 ], [ -6.114925771, 43.557458829 ], [ -6.11487261, 43.55738825 ], [ -6.114981096, 43.557331269 ] ] ], [ [ [ -6.114944316, 43.55781847 ], [ -6.114831193, 43.55778554 ], [ -6.114914953, 43.557729234 ], [ -6.114944316, 43.55781847 ] ] ], [ [ [ -6.110463273, 43.557832549 ], [ -6.1103483, 43.557763651 ], [ -6.11045818, 43.557733647 ], [ -6.110463273, 43.557832549 ] ] ], [ [ [ -6.11154582, 43.557938117 ], [ -6.111603147, 43.558089617 ], [ -6.111514288, 43.55804702 ], [ -6.11154582, 43.557938117 ] ] ], [ [ [ -6.111767111, 43.558148176 ], [ -6.111907739, 43.558234381 ], [ -6.111862454, 43.558316647 ], [ -6.111767111, 43.558148176 ] ] ], [ [ [ -6.111530175, 43.55859581 ], [ -6.111360189, 43.558420367 ], [ -6.111495259, 43.558398681 ], [ -6.111530175, 43.55859581 ] ] ], [ [ [ -6.106689601, 43.558601528 ], [ -6.106733505, 43.558492289 ], [ -6.106869966, 43.558497581 ], [ -6.106689601, 43.558601528 ] ] ], [ [ [ -6.106813357, 43.55884126 ], [ -6.106889265, 43.558632111 ], [ -6.106936992, 43.558837897 ], [ -6.106813357, 43.55884126 ] ] ], [ [ [ -6.096947305, 43.559352305 ], [ -6.09522997, 43.56038926 ], [ -6.096068019, 43.559106033 ], [ -6.096947305, 43.559352305 ] ] ], [ [ [ -6.09980194, 43.560454344 ], [ -6.099623864, 43.560603236 ], [ -6.099653112, 43.56044938 ], [ -6.09980194, 43.560454344 ] ] ], [ [ [ -6.100123497, 43.560688715 ], [ -6.100168434, 43.560840558 ], [ -6.100078656, 43.560779969 ], [ -6.100123497, 43.560688715 ] ] ], [ [ [ -6.100747233, 43.560779827 ], [ -6.100907041, 43.560757481 ], [ -6.100863124, 43.560866718 ], [ -6.100747233, 43.560779827 ] ] ], [ [ [ -6.0923585, 43.561133312 ], [ -6.092358564, 43.561376409 ], [ -6.092249064, 43.56117229 ], [ -6.0923585, 43.561133312 ] ] ], [ [ [ -6.091864184, 43.56211909 ], [ -6.09168464, 43.561997899 ], [ -6.091804601, 43.561922622 ], [ -6.091864184, 43.56211909 ] ] ], [ [ [ -6.107394336, 43.562192821 ], [ -6.107512889, 43.562090555 ], [ -6.107517977, 43.562189457 ], [ -6.107394336, 43.562192821 ] ] ], [ [ [ -6.106529306, 43.562225356 ], [ -6.106411213, 43.562336612 ], [ -6.106408438, 43.562282665 ], [ -6.106529306, 43.562225356 ] ] ], [ [ [ -6.10497003, 43.562240746 ], [ -6.105082348, 43.562498798 ], [ -6.104958243, 43.562493168 ], [ -6.10497003, 43.562240746 ] ] ], [ [ [ -6.106291732, 43.562420894 ], [ -6.106424744, 43.562840448 ], [ -6.106195593, 43.562477531 ], [ -6.106291732, 43.562420894 ] ] ], [ [ [ -6.107612979, 43.562592036 ], [ -6.107663488, 43.562851768 ], [ -6.107492112, 43.562649347 ], [ -6.107612979, 43.562592036 ] ] ], [ [ [ -6.105079344, 43.562922051 ], [ -6.105056348, 43.562715592 ], [ -6.105182303, 43.562757186 ], [ -6.105079344, 43.562922051 ] ] ], [ [ [ -6.10577464, 43.563200267 ], [ -6.105618408, 43.563051453 ], [ -6.105857492, 43.563125985 ], [ -6.10577464, 43.563200267 ] ] ], [ [ [ -6.107117732, 43.5630737 ], [ -6.106879356, 43.563494353 ], [ -6.106992238, 43.563041099 ], [ -6.107117732, 43.5630737 ] ] ], [ [ [ -6.089882941, 43.563325175 ], [ -6.089708051, 43.56353699 ], [ -6.089661298, 43.563349178 ], [ -6.089882941, 43.563325175 ] ] ], [ [ [ -6.085847972, 43.563596329 ], [ -6.086379614, 43.563338865 ], [ -6.08603486, 43.563861389 ], [ -6.085847972, 43.563596329 ] ] ], [ [ [ -6.089631157, 43.563728147 ], [ -6.089512516, 43.563587298 ], [ -6.089727315, 43.563671524 ], [ -6.089631157, 43.563728147 ] ] ], [ [ [ -6.09011752, 43.563796022 ], [ -6.089980184, 43.564015826 ], [ -6.089869766, 43.563793721 ], [ -6.09011752, 43.563796022 ] ] ], [ [ [ -6.089357807, 43.563951629 ], [ -6.089634431, 43.564034183 ], [ -6.089492952, 43.564173065 ], [ -6.089357807, 43.563951629 ] ] ], [ [ [ -6.087649678, 43.564204903 ], [ -6.087454139, 43.564255208 ], [ -6.087405554, 43.564031429 ], [ -6.087649678, 43.564204903 ] ] ], [ [ [ -6.080599092, 43.566286059 ], [ -6.080808385, 43.566262406 ], [ -6.080801065, 43.566361644 ], [ -6.080599092, 43.566286059 ] ] ], [ [ [ -6.080833134, 43.566504838 ], [ -6.080975556, 43.566383948 ], [ -6.081077689, 43.566444219 ], [ -6.080833134, 43.566504838 ] ] ], [ [ [ -6.08027119, 43.56641195 ], [ -6.080057785, 43.566597779 ], [ -6.080134254, 43.566397636 ], [ -6.08027119, 43.56641195 ] ] ], [ [ [ -6.08285468, 43.566810437 ], [ -6.0830255, 43.566760807 ], [ -6.08298017, 43.566843064 ], [ -6.08285468, 43.566810437 ] ] ], [ [ [ -6.08320553, 43.567134101 ], [ -6.083061706, 43.566984921 ], [ -6.083188115, 43.567035531 ], [ -6.08320553, 43.567134101 ] ] ], [ [ [ -6.074362293, 43.56903816 ], [ -6.069601043, 43.567941721 ], [ -6.068664497, 43.567543714 ], [ -6.074362293, 43.56903816 ] ] ], [ [ [ -6.053237635, 43.57558085 ], [ -6.052979371, 43.575311102 ], [ -6.053550287, 43.575582372 ], [ -6.053237635, 43.57558085 ] ] ], [ [ [ -5.993087784, 43.576932154 ], [ -5.993521577, 43.576938794 ], [ -5.993285351, 43.577170077 ], [ -5.993087784, 43.576932154 ] ] ], [ [ [ -6.003065856, 43.579839574 ], [ -6.002708941, 43.579884971 ], [ -6.002867348, 43.579583685 ], [ -6.003065856, 43.579839574 ] ] ], [ [ [ -6.036547352, 43.580169889 ], [ -6.036791715, 43.579857267 ], [ -6.036916758, 43.579880953 ], [ -6.036547352, 43.580169889 ] ] ], [ [ [ -6.037384804, 43.580075592 ], [ -6.037740328, 43.580003111 ], [ -6.037636098, 43.580393041 ], [ -6.037384804, 43.580075592 ] ] ], [ [ [ -6.036251408, 43.580195764 ], [ -6.036051542, 43.580408161 ], [ -6.036009913, 43.580319231 ], [ -6.036251408, 43.580195764 ] ] ], [ [ [ -5.970281709, 43.580840803 ], [ -5.970203952, 43.580770795 ], [ -5.970403636, 43.580801618 ], [ -5.970281709, 43.580840803 ] ] ], [ [ [ -6.009190794, 43.580965915 ], [ -6.009053121, 43.58118563 ], [ -6.008908542, 43.581018369 ], [ -6.009190794, 43.580965915 ] ] ], [ [ [ -6.037168946, 43.580954688 ], [ -6.037319482, 43.581238803 ], [ -6.03704752, 43.581002936 ], [ -6.037168946, 43.580954688 ] ] ], [ [ [ -5.968396663, 43.581042866 ], [ -5.968374588, 43.581349566 ], [ -5.968103336, 43.581374621 ], [ -5.968396663, 43.581042866 ] ] ], [ [ [ -6.03808696, 43.581722596 ], [ -6.037959952, 43.581906048 ], [ -6.03787714, 43.581737181 ], [ -6.03808696, 43.581722596 ] ] ], [ [ [ -6.012735809, 43.583006346 ], [ -6.012442528, 43.583086111 ], [ -6.012718951, 43.582916754 ], [ -6.012735809, 43.583006346 ] ] ], [ [ [ -6.03717345, 43.583259509 ], [ -6.036793775, 43.583098534 ], [ -6.037091244, 43.582856529 ], [ -6.03717345, 43.583259509 ] ] ], [ [ [ -6.03504334, 43.583757312 ], [ -6.03477047, 43.583503456 ], [ -6.034906081, 43.583490849 ], [ -6.03504334, 43.583757312 ] ] ], [ [ [ -6.035660456, 43.583713901 ], [ -6.035255881, 43.583796682 ], [ -6.035295863, 43.583606543 ], [ -6.035660456, 43.583713901 ] ] ], [ [ [ -6.036966783, 43.584075334 ], [ -6.036773241, 43.584413616 ], [ -6.036732215, 43.584090575 ], [ -6.036966783, 43.584075334 ] ] ], [ [ [ -6.032726404, 43.584728228 ], [ -6.032629425, 43.584523718 ], [ -6.032834116, 43.584653338 ], [ -6.032726404, 43.584728228 ] ] ], [ [ [ -6.034524074, 43.584761513 ], [ -6.034598129, 43.585002645 ], [ -6.034471267, 43.58494299 ], [ -6.034524074, 43.584761513 ] ] ], [ [ [ -6.01655453, 43.585561652 ], [ -6.016558361, 43.585390481 ], [ -6.016694432, 43.585386887 ], [ -6.01655453, 43.585561652 ] ] ], [ [ [ -6.024681047, 43.586571236 ], [ -6.024723317, 43.586426058 ], [ -6.024872209, 43.586431119 ], [ -6.024681047, 43.586571236 ] ] ], [ [ [ -6.028940241, 43.586782495 ], [ -6.028711712, 43.586671508 ], [ -6.029022319, 43.586690282 ], [ -6.028940241, 43.586782495 ] ] ], [ [ [ -6.022600157, 43.586572302 ], [ -6.022395057, 43.586928873 ], [ -6.022343986, 43.586651111 ], [ -6.022600157, 43.586572302 ] ] ], [ [ [ -6.027983228, 43.586717834 ], [ -6.027956043, 43.586916636 ], [ -6.02768029, 43.586851917 ], [ -6.027983228, 43.586717834 ] ] ], [ [ [ -6.024386707, 43.587371354 ], [ -6.024814011, 43.586999891 ], [ -6.024969665, 43.587139828 ], [ -6.024386707, 43.587371354 ] ] ], [ [ [ -6.023821933, 43.587224242 ], [ -6.023608034, 43.587157875 ], [ -6.023866458, 43.587124023 ], [ -6.023821933, 43.587224242 ] ] ], [ [ [ -6.019395382, 43.587629466 ], [ -6.0196176, 43.587614588 ], [ -6.019398981, 43.5877014 ], [ -6.019395382, 43.587629466 ] ] ], [ [ [ -6.027778682, 43.587578606 ], [ -6.028289475, 43.587637093 ], [ -6.027783645, 43.587677515 ], [ -6.027778682, 43.587578606 ] ] ], [ [ [ -6.025115904, 43.587586138 ], [ -6.024836344, 43.587692583 ], [ -6.024853873, 43.58754806 ], [ -6.025115904, 43.587586138 ] ] ], [ [ [ -6.020816179, 43.587555882 ], [ -6.020584524, 43.587877138 ], [ -6.020448448, 43.587880736 ], [ -6.020816179, 43.587555882 ] ] ], [ [ [ -6.019163719, 43.587950719 ], [ -6.018956569, 43.58801922 ], [ -6.019196332, 43.58785982 ], [ -6.019163719, 43.587950719 ] ] ], [ [ [ -6.020942817, 43.587858658 ], [ -6.020840035, 43.588032446 ], [ -6.02074894, 43.587944819 ], [ -6.020942817, 43.587858658 ] ] ], [ [ [ -6.023398469, 43.587919731 ], [ -6.023294343, 43.588066547 ], [ -6.023200992, 43.587933962 ], [ -6.023398469, 43.587919731 ] ] ], [ [ [ -6.020134916, 43.588051093 ], [ -6.020336445, 43.588117794 ], [ -6.0199858, 43.588289132 ], [ -6.020134916, 43.588051093 ] ] ], [ [ [ -6.018699711, 43.588332134 ], [ -6.018392246, 43.588376275 ], [ -6.018608619, 43.588244505 ], [ -6.018699711, 43.588332134 ] ] ], [ [ [ -6.033655252, 43.588422075 ], [ -6.033877467, 43.588407169 ], [ -6.033647402, 43.588512321 ], [ -6.033655252, 43.588422075 ] ] ], [ [ [ -6.01981059, 43.588500849 ], [ -6.019609511, 43.58844314 ], [ -6.019854673, 43.58839164 ], [ -6.01981059, 43.588500849 ] ] ], [ [ [ -6.033481447, 43.588660787 ], [ -6.033320631, 43.588665058 ], [ -6.033427898, 43.588581176 ], [ -6.033481447, 43.588660787 ] ] ], [ [ [ -6.03036743, 43.589796881 ], [ -6.030474073, 43.589947114 ], [ -6.030361381, 43.589923093 ], [ -6.03036743, 43.589796881 ] ] ], [ [ [ -6.031712121, 43.589193964 ], [ -6.033534528, 43.59144151 ], [ -6.030535407, 43.591908286 ], [ -6.031712121, 43.589193964 ] ] ], [ [ [ -6.032664095, 43.592608091 ], [ -6.032524452, 43.591801469 ], [ -6.033225537, 43.591701819 ], [ -6.032664095, 43.592608091 ] ] ], [ [ [ -5.915324627, 43.623601392 ], [ -5.915274443, 43.623332565 ], [ -5.915506164, 43.623254623 ], [ -5.915324627, 43.623601392 ] ] ], [ [ [ -5.6076768, 43.556644514 ], [ -5.607121728, 43.556405078 ], [ -5.607733209, 43.556517173 ], [ -5.6076768, 43.556644514 ] ] ], [ [ [ -5.615637542, 43.557385342 ], [ -5.61586796, 43.557560141 ], [ -5.615669675, 43.557555678 ], [ -5.615637542, 43.557385342 ] ] ], [ [ [ -5.700869841, 43.573553347 ], [ -5.700852338, 43.573715829 ], [ -5.700713845, 43.573665081 ], [ -5.700869841, 43.573553347 ] ] ], [ [ [ -5.69719575, 43.573919267 ], [ -5.69692439, 43.573943681 ], [ -5.696922382, 43.573898709 ], [ -5.69719575, 43.573919267 ] ] ], [ [ [ -5.701138273, 43.574294314 ], [ -5.701354113, 43.574136146 ], [ -5.701367289, 43.574153842 ], [ -5.701138273, 43.574294314 ] ] ], [ [ [ -5.743863415, 43.581379518 ], [ -5.742927342, 43.581221919 ], [ -5.743835514, 43.581038045 ], [ -5.743863415, 43.581379518 ] ] ], [ [ [ -5.767103117, 43.599312742 ], [ -5.76705197, 43.599007853 ], [ -5.76732835, 43.599361309 ], [ -5.767103117, 43.599312742 ] ] ], [ [ [ -5.765159503, 43.605023145 ], [ -5.766896352, 43.605611358 ], [ -5.767739214, 43.607238625 ], [ -5.765159503, 43.605023145 ] ] ], [ [ [ -5.770676368, 43.608599028 ], [ -5.77100849, 43.608545955 ], [ -5.770968069, 43.608745017 ], [ -5.770676368, 43.608599028 ] ] ], [ [ [ -5.915292353, 43.608836305 ], [ -5.915162942, 43.60872256 ], [ -5.915450836, 43.608526135 ], [ -5.915292353, 43.608836305 ] ] ], [ [ [ -5.775900945, 43.609309557 ], [ -5.775610057, 43.609181568 ], [ -5.775895978, 43.609201633 ], [ -5.775900945, 43.609309557 ] ] ], [ [ [ -5.784347148, 43.611625067 ], [ -5.783664292, 43.611596688 ], [ -5.784350807, 43.611435901 ], [ -5.784347148, 43.611625067 ] ] ], [ [ [ -5.779939258, 43.613046938 ], [ -5.779825838, 43.613274789 ], [ -5.77944905, 43.612896798 ], [ -5.779939258, 43.613046938 ] ] ], [ [ [ -5.786103002, 43.616372211 ], [ -5.786669845, 43.616034255 ], [ -5.786766054, 43.616238993 ], [ -5.786103002, 43.616372211 ] ] ], [ [ [ -5.904736227, 43.625068587 ], [ -5.904492106, 43.625146821 ], [ -5.904670431, 43.624989227 ], [ -5.904736227, 43.625068587 ] ] ], [ [ [ -5.897060458, 43.626541977 ], [ -5.89692746, 43.626869478 ], [ -5.896924281, 43.626545429 ], [ -5.897060458, 43.626541977 ] ] ], [ [ [ -5.897293667, 43.62675215 ], [ -5.897444818, 43.626802338 ], [ -5.897185707, 43.626826916 ], [ -5.897293667, 43.62675215 ] ] ], [ [ [ -5.896694836, 43.626929398 ], [ -5.896562115, 43.627004791 ], [ -5.896544549, 43.626897193 ], [ -5.896694836, 43.626929398 ] ] ], [ [ [ -5.889948906, 43.627640438 ], [ -5.889823935, 43.627877692 ], [ -5.889699272, 43.627862838 ], [ -5.889948906, 43.627640438 ] ] ], [ [ [ -5.890346127, 43.628944915 ], [ -5.890304979, 43.628603819 ], [ -5.89041942, 43.62866395 ], [ -5.890346127, 43.628944915 ] ] ], [ [ [ -5.900401908, 43.628753119 ], [ -5.900310656, 43.6289175 ], [ -5.900277674, 43.628747269 ], [ -5.900401908, 43.628753119 ] ] ], [ [ [ -5.88962117, 43.628819194 ], [ -5.889981185, 43.6290892 ], [ -5.889449261, 43.629111657 ], [ -5.88962117, 43.628819194 ] ] ], [ [ [ -5.878646862, 43.630023581 ], [ -5.878487276, 43.630315717 ], [ -5.878438108, 43.630064854 ], [ -5.878646862, 43.630023581 ] ] ], [ [ [ -5.879431297, 43.63061606 ], [ -5.879068818, 43.630553165 ], [ -5.879489334, 43.630533565 ], [ -5.879431297, 43.63061606 ] ] ], [ [ [ -5.880052485, 43.630645421 ], [ -5.880341193, 43.63098028 ], [ -5.87979042, 43.630868113 ], [ -5.880052485, 43.630645421 ] ] ], [ [ [ -5.880647705, 43.630909528 ], [ -5.880625439, 43.630703007 ], [ -5.880750536, 43.630726863 ], [ -5.880647705, 43.630909528 ] ] ], [ [ [ -5.881196331, 43.630976727 ], [ -5.881021279, 43.630945127 ], [ -5.881266317, 43.630884926 ], [ -5.881196331, 43.630976727 ] ] ], [ [ [ -5.880830494, 43.631102998 ], [ -5.880507815, 43.631354231 ], [ -5.880503517, 43.631264303 ], [ -5.880830494, 43.631102998 ] ] ], [ [ [ -5.793081493, 43.63352484 ], [ -5.792924988, 43.633357597 ], [ -5.793071907, 43.633317991 ], [ -5.793081493, 43.63352484 ] ] ], [ [ [ -5.868737978, 43.633568115 ], [ -5.868810522, 43.633269175 ], [ -5.868924095, 43.633311341 ], [ -5.868737978, 43.633568115 ] ] ], [ [ [ -5.872042547, 43.633458087 ], [ -5.872081025, 43.633745235 ], [ -5.871946924, 43.63353252 ], [ -5.872042547, 43.633458087 ] ] ], [ [ [ -5.862734509, 43.643667666 ], [ -5.862521859, 43.64388908 ], [ -5.862431327, 43.643810316 ], [ -5.862734509, 43.643667666 ] ] ], [ [ [ -5.866490622, 43.64391563 ], [ -5.866277104, 43.643857961 ], [ -5.866444913, 43.643736704 ], [ -5.866490622, 43.64391563 ] ] ], [ [ [ -5.861881017, 43.649190241 ], [ -5.862023225, 43.649051625 ], [ -5.862112482, 43.649103411 ], [ -5.861881017, 43.649190241 ] ] ], [ [ [ -5.862124875, 43.649364205 ], [ -5.862105226, 43.649211636 ], [ -5.862423811, 43.649131626 ], [ -5.862124875, 43.649364205 ] ] ], [ [ [ -5.86370416, 43.649459686 ], [ -5.863694326, 43.64925285 ], [ -5.863831841, 43.649276413 ], [ -5.86370416, 43.649459686 ] ] ], [ [ [ -5.834844726, 43.649603154 ], [ -5.834570561, 43.649573942 ], [ -5.834654294, 43.649508839 ], [ -5.834844726, 43.649603154 ] ] ], [ [ [ -5.863597399, 43.649561401 ], [ -5.8633685, 43.649702191 ], [ -5.863323223, 43.649532258 ], [ -5.863597399, 43.649561401 ] ] ], [ [ [ -5.8346058, 43.650059262 ], [ -5.834556371, 43.649799384 ], [ -5.834718647, 43.649822369 ], [ -5.8346058, 43.650059262 ] ] ], [ [ [ -5.834239208, 43.650437504 ], [ -5.834460873, 43.650404994 ], [ -5.834373641, 43.650659259 ], [ -5.834239208, 43.650437504 ] ] ], [ [ [ -5.863129956, 43.653552699 ], [ -5.863244834, 43.653360745 ], [ -5.863334954, 43.653430515 ], [ -5.863129956, 43.653552699 ] ] ], [ [ [ -5.83368679, 43.654455055 ], [ -5.833481566, 43.654576238 ], [ -5.833478, 43.654428122 ], [ -5.83368679, 43.654455055 ] ] ], [ [ [ -5.860333783, 43.654991281 ], [ -5.860439278, 43.655123693 ], [ -5.860225299, 43.655057022 ], [ -5.860333783, 43.654991281 ] ] ], [ [ [ -5.859046914, 43.655311605 ], [ -5.858987977, 43.655115001 ], [ -5.859125077, 43.655129577 ], [ -5.859046914, 43.655311605 ] ] ], [ [ [ -5.858386161, 43.656021414 ], [ -5.858539071, 43.65584652 ], [ -5.858617231, 43.655925597 ], [ -5.858386161, 43.656021414 ] ] ], [ [ [ -5.858181128, 43.656665797 ], [ -5.857967999, 43.656617107 ], [ -5.858263991, 43.656582692 ], [ -5.858181128, 43.656665797 ] ] ], [ [ [ -5.859491091, 43.656831098 ], [ -5.859246353, 43.656900248 ], [ -5.859586766, 43.656756675 ], [ -5.859491091, 43.656831098 ] ] ], [ [ [ -5.856296201, 43.657712333 ], [ -5.855381743, 43.657519105 ], [ -5.855540267, 43.65667781 ], [ -5.856296201, 43.657712333 ] ] ], [ [ [ -5.854793964, 43.658200058 ], [ -5.854697878, 43.65800438 ], [ -5.854834558, 43.658009969 ], [ -5.854793964, 43.658200058 ] ] ], [ [ [ -5.859522254, 43.659576409 ], [ -5.859535067, 43.659846196 ], [ -5.859354389, 43.659697657 ], [ -5.859522254, 43.659576409 ] ] ], [ [ [ -5.860631544, 43.660737112 ], [ -5.860598651, 43.660566867 ], [ -5.860766094, 43.660697728 ], [ -5.860631544, 43.660737112 ] ] ], [ [ [ -5.863803138, 43.661449971 ], [ -5.863517374, 43.661439126 ], [ -5.863563074, 43.661356949 ], [ -5.863803138, 43.661449971 ] ] ], [ [ [ -5.839118216, 43.662399187 ], [ -5.839572319, 43.662297866 ], [ -5.839086141, 43.662508027 ], [ -5.839118216, 43.662399187 ] ] ], [ [ [ -5.867257176, 43.662362735 ], [ -5.867056836, 43.662322745 ], [ -5.86716661, 43.662283976 ], [ -5.867257176, 43.662362735 ] ] ], [ [ [ -5.862723798, 43.662746524 ], [ -5.862856212, 43.662662174 ], [ -5.862848956, 43.662770399 ], [ -5.862723798, 43.662746524 ] ] ], [ [ [ -5.866932596, 43.662839066 ], [ -5.867054791, 43.663061089 ], [ -5.866971504, 43.663135208 ], [ -5.866932596, 43.662839066 ] ] ], [ [ [ -5.862949354, 43.663055997 ], [ -5.862714417, 43.663070888 ], [ -5.862734916, 43.662980338 ], [ -5.862949354, 43.663055997 ] ] ], [ [ [ -5.864398665, 43.662497463 ], [ -5.865878023, 43.663612821 ], [ -5.864125382, 43.663791825 ], [ -5.863291172, 43.664506009 ], [ -5.864398665, 43.662497463 ] ] ], [ [ [ -5.867004448, 43.663566552 ], [ -5.86680753, 43.663598504 ], [ -5.866902349, 43.663506089 ], [ -5.867004448, 43.663566552 ] ] ], [ [ [ -5.865250126, 43.663970705 ], [ -5.865094196, 43.663821555 ], [ -5.865231318, 43.663836123 ], [ -5.865250126, 43.663970705 ] ] ], [ [ [ -5.838434458, 43.664468993 ], [ -5.837567808, 43.66423842 ], [ -5.838262058, 43.663969075 ], [ -5.838434458, 43.664468993 ] ] ], [ [ [ -5.865510749, 43.664495379 ], [ -5.865601719, 43.664322029 ], [ -5.865606856, 43.664429943 ], [ -5.865510749, 43.664495379 ] ] ], [ [ [ -5.864984869, 43.664130418 ], [ -5.865145104, 43.664630599 ], [ -5.864757677, 43.664829389 ], [ -5.864984869, 43.664130418 ] ] ], [ [ [ -5.837529276, 43.66447347 ], [ -5.837286078, 43.664839653 ], [ -5.837207086, 43.664742575 ], [ -5.837529276, 43.66447347 ] ] ], [ [ [ -5.864608209, 43.665337337 ], [ -5.864553116, 43.665482775 ], [ -5.864438199, 43.665413628 ], [ -5.864608209, 43.665337337 ] ] ], [ [ [ -5.861556039, 43.665575888 ], [ -5.861390291, 43.665481 ], [ -5.861410365, 43.665381458 ], [ -5.861556039, 43.665575888 ] ] ], [ [ [ -5.865302395, 43.665590036 ], [ -5.865219078, 43.665403051 ], [ -5.865397648, 43.665506615 ], [ -5.865302395, 43.665590036 ] ] ], [ [ [ -5.861791415, 43.665569993 ], [ -5.861873001, 43.665459906 ], [ -5.861915724, 43.665575882 ], [ -5.861791415, 43.665569993 ] ] ], [ [ [ -5.861051555, 43.666182754 ], [ -5.861509075, 43.66641439 ], [ -5.860991329, 43.666481378 ], [ -5.861051555, 43.666182754 ] ] ], [ [ [ -4.568371548, 43.393613203 ], [ -4.568598877, 43.393330951 ], [ -4.56893656, 43.393497401 ], [ -4.568371548, 43.393613203 ] ] ], [ [ [ -4.561902186, 43.393647715 ], [ -4.5621945, 43.393490648 ], [ -4.562199817, 43.393697675 ], [ -4.561902186, 43.393647715 ] ] ], [ [ [ -4.565564423, 43.3939308 ], [ -4.565604067, 43.393552075 ], [ -4.565836907, 43.393963087 ], [ -4.565564423, 43.3939308 ] ] ], [ [ [ -4.560106732, 43.393933347 ], [ -4.559987099, 43.393601819 ], [ -4.560412319, 43.393812122 ], [ -4.560106732, 43.393933347 ] ] ], [ [ [ -4.562873997, 43.393985607 ], [ -4.563038942, 43.393677205 ], [ -4.563266445, 43.393881196 ], [ -4.562873997, 43.393985607 ] ] ], [ [ [ -4.570594242, 43.394573176 ], [ -4.570921011, 43.394316567 ], [ -4.570987378, 43.394495742 ], [ -4.570594242, 43.394573176 ] ] ], [ [ [ -4.572402692, 43.394791443 ], [ -4.572000018, 43.394499836 ], [ -4.572534981, 43.394654559 ], [ -4.572402692, 43.394791443 ] ] ], [ [ [ -4.556596377, 43.395241786 ], [ -4.555919909, 43.394863805 ], [ -4.556743582, 43.395203765 ], [ -4.556596377, 43.395241786 ] ] ], [ [ [ -4.575416885, 43.395794462 ], [ -4.575776471, 43.395375308 ], [ -4.575800008, 43.395807192 ], [ -4.575416885, 43.395794462 ] ] ], [ [ [ -4.576161494, 43.396414505 ], [ -4.575971905, 43.396246035 ], [ -4.57633081, 43.396277106 ], [ -4.576161494, 43.396414505 ] ] ], [ [ [ -4.615336795, 43.396660234 ], [ -4.615359418, 43.397047101 ], [ -4.614773525, 43.396839272 ], [ -4.615336795, 43.396660234 ] ] ], [ [ [ -4.575267396, 43.397174184 ], [ -4.575691975, 43.396880196 ], [ -4.575903689, 43.396949313 ], [ -4.575267396, 43.397174184 ] ] ], [ [ [ -4.575969158, 43.39756971 ], [ -4.575059241, 43.400103457 ], [ -4.573868793, 43.39800383 ], [ -4.575969158, 43.39756971 ] ] ], [ [ [ -4.625396185, 43.39926402 ], [ -4.625487239, 43.398974588 ], [ -4.625788551, 43.399159395 ], [ -4.625396185, 43.39926402 ] ] ], [ [ [ -4.629386722, 43.399333292 ], [ -4.62958813, 43.399015271 ], [ -4.629645225, 43.399302596 ], [ -4.629386722, 43.399333292 ] ] ], [ [ [ -4.62873441, 43.399414619 ], [ -4.628678766, 43.399181299 ], [ -4.629199149, 43.399245921 ], [ -4.62873441, 43.399414619 ] ] ], [ [ [ -4.628744295, 43.399783656 ], [ -4.628367218, 43.399536905 ], [ -4.628913016, 43.399628179 ], [ -4.628744295, 43.399783656 ] ] ], [ [ [ -4.624124389, 43.40250564 ], [ -4.623360059, 43.402093289 ], [ -4.624637581, 43.402300255 ], [ -4.624124389, 43.40250564 ] ] ], [ [ [ -4.642436775, 43.404720292 ], [ -4.642031034, 43.404329928 ], [ -4.642632109, 43.404636447 ], [ -4.642436775, 43.404720292 ] ] ], [ [ [ -4.708783663, 43.414931591 ], [ -4.708756549, 43.415724377 ], [ -4.708088293, 43.415680333 ], [ -4.708783663, 43.414931591 ] ] ], [ [ [ -4.739287298, 43.416884951 ], [ -4.739155583, 43.416598815 ], [ -4.739367285, 43.416658626 ], [ -4.739287298, 43.416884951 ] ] ], [ [ [ -4.72915188, 43.417092658 ], [ -4.72857034, 43.416624219 ], [ -4.729558872, 43.416636287 ], [ -4.72915188, 43.417092658 ] ] ], [ [ [ -4.738032534, 43.417066104 ], [ -4.737712044, 43.417953398 ], [ -4.737368616, 43.41674303 ], [ -4.738032534, 43.417066104 ] ] ], [ [ [ -4.729381764, 43.41779152 ], [ -4.72890181, 43.417420594 ], [ -4.73002515, 43.417394604 ], [ -4.729381764, 43.41779152 ] ] ], [ [ [ -4.730818487, 43.417058445 ], [ -4.730878783, 43.418741343 ], [ -4.729628918, 43.418228995 ], [ -4.730818487, 43.417058445 ] ] ], [ [ [ -4.744065007, 43.418081828 ], [ -4.744231152, 43.417845183 ], [ -4.744287259, 43.41807844 ], [ -4.744065007, 43.418081828 ] ] ], [ [ [ -4.763577867, 43.426012677 ], [ -4.763434974, 43.425771763 ], [ -4.763909194, 43.425935535 ], [ -4.763577867, 43.426012677 ] ] ], [ [ [ -4.776991468, 43.433080621 ], [ -4.77746443, 43.432776132 ], [ -4.777528025, 43.432838174 ], [ -4.776991468, 43.433080621 ] ] ], [ [ [ -4.777929553, 43.433048038 ], [ -4.77813608, 43.432927773 ], [ -4.778424087, 43.433058361 ], [ -4.777929553, 43.433048038 ] ] ], [ [ [ -4.782708066, 43.433360867 ], [ -4.783259066, 43.433190202 ], [ -4.783509241, 43.433294355 ], [ -4.782708066, 43.433360867 ] ] ], [ [ [ -4.776485901, 43.433115485 ], [ -4.774791295, 43.433051742 ], [ -4.77664145, 43.432941988 ], [ -4.776485901, 43.433115485 ] ] ], [ [ [ -4.797780617, 43.434142505 ], [ -4.796679479, 43.434510971 ], [ -4.796265998, 43.433481967 ], [ -4.797780617, 43.434142505 ] ] ], [ [ [ -4.789416469, 43.432913978 ], [ -4.791232699, 43.435424774 ], [ -4.787598084, 43.434941362 ], [ -4.789416469, 43.432913978 ] ] ], [ [ [ -4.776020875, 43.434536382 ], [ -4.775574922, 43.434075079 ], [ -4.776148568, 43.434255266 ], [ -4.776020875, 43.434536382 ] ] ], [ [ [ -4.803979923, 43.436106909 ], [ -4.803171574, 43.435516364 ], [ -4.804033921, 43.435844933 ], [ -4.803979923, 43.436106909 ] ] ], [ [ [ -4.809061088, 43.437026155 ], [ -4.811104872, 43.438848708 ], [ -4.808256888, 43.438236442 ], [ -4.809061088, 43.437026155 ] ] ], [ [ [ -4.823299377, 43.437142288 ], [ -4.822594619, 43.438774294 ], [ -4.821949319, 43.438271327 ], [ -4.823299377, 43.437142288 ] ] ], [ [ [ -4.826970889, 43.437605966 ], [ -4.825412819, 43.438801397 ], [ -4.82490498, 43.438350279 ], [ -4.826970889, 43.437605966 ] ] ], [ [ [ -4.819537068, 43.439831446 ], [ -4.818928026, 43.439300872 ], [ -4.819472017, 43.439310231 ], [ -4.819537068, 43.439831446 ] ] ], [ [ [ -4.830246386, 43.440507026 ], [ -4.830604713, 43.440096099 ], [ -4.830952585, 43.440567761 ], [ -4.830246386, 43.440507026 ] ] ], [ [ [ -4.825484171, 43.440763199 ], [ -4.825151398, 43.440381323 ], [ -4.825676922, 43.440598045 ], [ -4.825484171, 43.440763199 ] ] ], [ [ [ -4.836553237, 43.442702055 ], [ -4.836336178, 43.442471427 ], [ -4.836623535, 43.442574866 ], [ -4.836553237, 43.442702055 ] ] ], [ [ [ -4.860266281, 43.445074129 ], [ -4.860494901, 43.444872317 ], [ -4.860416712, 43.445143715 ], [ -4.860266281, 43.445074129 ] ] ], [ [ [ -4.848694536, 43.445739019 ], [ -4.847940203, 43.446129382 ], [ -4.847812569, 43.445996381 ], [ -4.848694536, 43.445739019 ] ] ], [ [ [ -4.846630851, 43.446150524 ], [ -4.846521354, 43.445801128 ], [ -4.846835912, 43.445985139 ], [ -4.846630851, 43.446150524 ] ] ], [ [ [ -4.860051785, 43.446140113 ], [ -4.859385369, 43.44657415 ], [ -4.85890821, 43.445924603 ], [ -4.860051785, 43.446140113 ] ] ], [ [ [ -4.845508115, 43.44661885 ], [ -4.84509419, 43.446418431 ], [ -4.845535868, 43.44631226 ], [ -4.845508115, 43.44661885 ] ] ], [ [ [ -4.893395402, 43.449725702 ], [ -4.893320162, 43.449294747 ], [ -4.893889507, 43.449321334 ], [ -4.893395402, 43.449725702 ] ] ], [ [ [ -4.896106895, 43.451067409 ], [ -4.89648787, 43.450998061 ], [ -4.896135819, 43.451201992 ], [ -4.896106895, 43.451067409 ] ] ], [ [ [ -4.91360604, 43.454539591 ], [ -4.913441037, 43.45479447 ], [ -4.913396598, 43.454561105 ], [ -4.91360604, 43.454539591 ] ] ], [ [ [ -5.012971204, 43.459847295 ], [ -5.012854047, 43.459669275 ], [ -5.01317644, 43.459699614 ], [ -5.012971204, 43.459847295 ] ] ], [ [ [ -5.013164276, 43.460078003 ], [ -5.013255233, 43.460211463 ], [ -5.013104896, 43.460151082 ], [ -5.013164276, 43.460078003 ] ] ], [ [ [ -5.012948067, 43.460640067 ], [ -5.012951164, 43.460360884 ], [ -5.013126508, 43.46042983 ], [ -5.012948067, 43.460640067 ] ] ], [ [ [ -4.949853268, 43.461697688 ], [ -4.948986202, 43.46202762 ], [ -4.949690839, 43.461259255 ], [ -4.949853268, 43.461697688 ] ] ], [ [ [ -5.221935119, 43.480801511 ], [ -5.222257678, 43.480155951 ], [ -5.222610106, 43.480662334 ], [ -5.221935119, 43.480801511 ] ] ], [ [ [ -5.598344569, 43.549100334 ], [ -5.598150568, 43.549482909 ], [ -5.597561201, 43.549019109 ], [ -5.598344569, 43.549100334 ] ] ], [ [ [ -5.590734309, 43.5485889 ], [ -5.591607596, 43.54990166 ], [ -5.590413893, 43.548911301 ], [ -5.590734309, 43.5485889 ] ] ], [ [ [ -5.602307858, 43.550009538 ], [ -5.602609315, 43.550110716 ], [ -5.602329519, 43.550225137 ], [ -5.602307858, 43.550009538 ] ] ], [ [ [ -5.605536166, 43.550809318 ], [ -5.605411679, 43.550506027 ], [ -5.605706552, 43.550454282 ], [ -5.605536166, 43.550809318 ] ] ] ] } },
{ "type": "Feature", "properties": { "INSPIREID": "ES.IGN.BDDAE.34040000000", "COUNTRY": "ES", "NATLEV": "https://inspire.ec.europa.eu/codelist/AdministrativeHierarchyLevel/2ndOrder", "NATLEVNAME": "Comunidad autónoma", "NATCODE": "34040000000", "NAMEUNIT": "Illes Balears", "CODNUT1": "ES5", "CODNUT2": "ES53", "CODNUT3": null }, "geometry": { "type": "MultiPolygon", "coordinates": [ [ [ [ 1.243553759, 38.860617111 ], [ 1.243890291, 38.861460162 ], [ 1.243648582, 38.86051041 ], [ 1.243553759, 38.860617111 ] ] ], [ [ [ 1.203365651, 38.866619231 ], [ 1.203190339, 38.866715649 ], [ 1.203350275, 38.866772174 ], [ 1.203365651, 38.866619231 ] ] ], [ [ [ 1.188330903, 38.863197138 ], [ 1.195922719, 38.87016273 ], [ 1.203369061, 38.868772808 ], [ 1.202045968, 38.864102987 ], [ 1.188330903, 38.863197138 ] ] ], [ [ [ 1.204049402, 38.867386639 ], [ 1.20397306, 38.867214264 ], [ 1.203878169, 38.867320931 ], [ 1.204049402, 38.867386639 ] ] ], [ [ [ 1.258287614, 38.867478688 ], [ 1.258255468, 38.867379092 ], [ 1.258208063, 38.867432449 ], [ 1.258287614, 38.867478688 ] ] ], [ [ [ 1.215347956, 38.869100742 ], [ 1.213849406, 38.868185773 ], [ 1.206632167, 38.868264328 ], [ 1.215347956, 38.869100742 ] ] ], [ [ [ 1.2152207, 38.868197739 ], [ 1.215113626, 38.86833126 ], [ 1.215252787, 38.868297346 ], [ 1.2152207, 38.868197739 ] ] ], [ [ [ 1.215282846, 38.868478017 ], [ 1.215327131, 38.868550779 ], [ 1.215328933, 38.868478722 ], [ 1.215282846, 38.868478017 ] ] ], [ [ [ 1.259754641, 38.868762052 ], [ 1.259833315, 38.868844321 ], [ 1.259846594, 38.868772434 ], [ 1.259754641, 38.868762052 ] ] ], [ [ [ 1.206988632, 38.868756374 ], [ 1.207078994, 38.868829846 ], [ 1.20704624, 38.868757258 ], [ 1.206988632, 38.868756374 ] ] ], [ [ [ 1.240063681, 38.86895342 ], [ 1.240165601, 38.869027041 ], [ 1.24018001, 38.868910121 ], [ 1.240063681, 38.86895342 ] ] ], [ [ [ 1.203258972, 38.869482948 ], [ 1.203076441, 38.869408054 ], [ 1.20305249, 38.869443727 ], [ 1.203258972, 38.869482948 ] ] ], [ [ [ 1.260273099, 38.869715895 ], [ 1.260206165, 38.869624791 ], [ 1.260193326, 38.869678664 ], [ 1.260273099, 38.869715895 ] ] ], [ [ [ 1.203089504, 38.869804719 ], [ 1.203098531, 38.869903974 ], [ 1.203146205, 38.869841634 ], [ 1.203089504, 38.869804719 ] ] ], [ [ [ 1.210530074, 38.870018138 ], [ 1.210679181, 38.870047456 ], [ 1.210714876, 38.87000295 ], [ 1.210530074, 38.870018138 ] ] ], [ [ [ 1.202455989, 38.870245494 ], [ 1.202286566, 38.870107726 ], [ 1.202226688, 38.87019691 ], [ 1.202455989, 38.870245494 ] ] ], [ [ [ 1.201407226, 38.870697889 ], [ 1.201412902, 38.870472712 ], [ 1.201250008, 38.870533276 ], [ 1.201407226, 38.870697889 ] ] ], [ [ [ 1.199400159, 38.870757053 ], [ 1.199317915, 38.870818859 ], [ 1.199409635, 38.870838295 ], [ 1.199400159, 38.870757053 ] ] ], [ [ [ 1.197921956, 38.870869402 ], [ 1.197965769, 38.870960184 ], [ 1.198128666, 38.870899624 ], [ 1.197921956, 38.870869402 ] ] ], [ [ [ 1.225016461, 38.871032271 ], [ 1.22485672, 38.870966768 ], [ 1.224979879, 38.87111281 ], [ 1.225016461, 38.871032271 ] ] ], [ [ [ 1.225106846, 38.87110573 ], [ 1.225163113, 38.871160649 ], [ 1.225164457, 38.871106606 ], [ 1.225106846, 38.87110573 ] ] ], [ [ [ 1.195267612, 38.870999596 ], [ 1.196351395, 38.871899381 ], [ 1.196890424, 38.872006824 ], [ 1.195267612, 38.870999596 ] ] ], [ [ [ 1.236033377, 38.871595759 ], [ 1.236147487, 38.871642536 ], [ 1.236161458, 38.871543631 ], [ 1.236033377, 38.871595759 ] ] ], [ [ [ 1.262877608, 38.872097439 ], [ 1.262774128, 38.872086889 ], [ 1.262795857, 38.872141276 ], [ 1.262877608, 38.872097439 ] ] ], [ [ [ 1.262001272, 38.872111428 ], [ 1.261883199, 38.872226809 ], [ 1.261963634, 38.872237017 ], [ 1.262001272, 38.872111428 ] ] ], [ [ [ 1.26236932, 38.872143939 ], [ 1.262366908, 38.87224302 ], [ 1.262461058, 38.872163325 ], [ 1.26236932, 38.872143939 ] ] ], [ [ [ 1.262091693, 38.872184859 ], [ 1.262263647, 38.872223462 ], [ 1.262184748, 38.872150202 ], [ 1.262091693, 38.872184859 ] ] ], [ [ [ 1.262609968, 38.872201584 ], [ 1.262583415, 38.872345359 ], [ 1.262642122, 38.872301179 ], [ 1.262609968, 38.872201584 ] ] ], [ [ [ 1.262445589, 38.872325286 ], [ 1.262524928, 38.872380531 ], [ 1.262537108, 38.87235368 ], [ 1.262445589, 38.872325286 ] ] ], [ [ [ 1.235589238, 38.872309893 ], [ 1.235552221, 38.87240845 ], [ 1.235611392, 38.87234627 ], [ 1.235589238, 38.872309893 ] ] ], [ [ [ 1.262847986, 38.872367317 ], [ 1.262822749, 38.872457048 ], [ 1.262891881, 38.872458077 ], [ 1.262847986, 38.872367317 ] ] ], [ [ [ 1.225801094, 38.87517103 ], [ 1.225893052, 38.875181439 ], [ 1.225859604, 38.875135878 ], [ 1.225801094, 38.87517103 ] ] ], [ [ [ 1.284828574, 38.8762064 ], [ 1.284944453, 38.876181071 ], [ 1.284876832, 38.876117005 ], [ 1.284828574, 38.8762064 ] ] ], [ [ [ 1.285818027, 38.876284004 ], [ 1.285656057, 38.876308657 ], [ 1.285804123, 38.876382915 ], [ 1.285818027, 38.876284004 ] ] ], [ [ [ 1.279664635, 38.878112715 ], [ 1.279661376, 38.878247823 ], [ 1.279721382, 38.878149592 ], [ 1.279664635, 38.878112715 ] ] ], [ [ [ 1.222435424, 38.879787243 ], [ 1.222551332, 38.879761977 ], [ 1.222472239, 38.879697699 ], [ 1.222435424, 38.879787243 ] ] ], [ [ [ 1.222467301, 38.879895854 ], [ 1.222441112, 38.880021602 ], [ 1.222533749, 38.880004992 ], [ 1.222467301, 38.879895854 ] ] ], [ [ [ 1.218687342, 38.889542495 ], [ 1.21882007, 38.890229315 ], [ 1.219216872, 38.89003714 ], [ 1.218687342, 38.889542495 ] ] ], [ [ [ 1.219677261, 38.89237787 ], [ 1.219583483, 38.892439512 ], [ 1.219663936, 38.89244975 ], [ 1.219677261, 38.89237787 ] ] ], [ [ [ 1.214551406, 38.897246315 ], [ 1.214436595, 38.897226538 ], [ 1.21445852, 38.897271926 ], [ 1.214551406, 38.897246315 ] ] ], [ [ [ 1.221165894, 38.91912551 ], [ 1.22120909, 38.919243304 ], [ 1.221257008, 38.919171951 ], [ 1.221165894, 38.91912551 ] ] ], [ [ [ 1.221481207, 38.920355733 ], [ 1.221266862, 38.920163248 ], [ 1.221298078, 38.92029888 ], [ 1.221481207, 38.920355733 ] ] ], [ [ [ 1.188236142, 38.95630049 ], [ 1.188017195, 38.956288081 ], [ 1.188130028, 38.956388946 ], [ 1.188236142, 38.95630049 ] ] ], [ [ [ 1.188235981, 38.956760016 ], [ 1.189453186, 38.956544635 ], [ 1.188336293, 38.95644621 ], [ 1.188235981, 38.956760016 ] ] ], [ [ [ 1.199965906, 38.957473125 ], [ 1.190927088, 38.957126133 ], [ 1.189766942, 38.957819961 ], [ 1.199965906, 38.957473125 ] ] ], [ [ [ 1.201606955, 38.95875086 ], [ 1.201179745, 38.95830277 ], [ 1.200960707, 38.958749911 ], [ 1.201606955, 38.95875086 ] ] ], [ [ [ 1.199784166, 38.959182287 ], [ 1.199786902, 38.959074205 ], [ 1.199702729, 38.959208061 ], [ 1.199784166, 38.959182287 ] ] ], [ [ [ 1.19170921, 38.959498962 ], [ 1.191608362, 38.959380265 ], [ 1.191605385, 38.959497353 ], [ 1.19170921, 38.959498962 ] ] ], [ [ [ 1.219307321, 38.964392425 ], [ 1.219209803, 38.964138647 ], [ 1.219103265, 38.964245146 ], [ 1.219307321, 38.964392425 ] ] ], [ [ [ 1.217194047, 38.964900783 ], [ 1.21868484, 38.965283959 ], [ 1.218756318, 38.965194947 ], [ 1.217194047, 38.964900783 ] ] ], [ [ [ 1.218600788, 38.966796413 ], [ 1.218411197, 38.966532219 ], [ 1.218383158, 38.966730019 ], [ 1.218600788, 38.966796413 ] ] ], [ [ [ 1.164685508, 38.968267662 ], [ 1.166515777, 38.968458616 ], [ 1.164937408, 38.967451684 ], [ 1.164685508, 38.968267662 ] ] ], [ [ [ 1.165617244, 38.969732971 ], [ 1.165957721, 38.969062549 ], [ 1.1652578, 38.969348888 ], [ 1.165617244, 38.969732971 ] ] ], [ [ [ 1.21842502, 38.966901854 ], [ 1.21516434, 38.972654687 ], [ 1.220150789, 38.968504993 ], [ 1.21842502, 38.966901854 ] ] ], [ [ [ 1.166347063, 38.971420359 ], [ 1.164700425, 38.973502888 ], [ 1.167086347, 38.971846446 ], [ 1.166347063, 38.971420359 ] ] ], [ [ [ 1.231845907, 38.973953804 ], [ 1.232017526, 38.973550939 ], [ 1.231442392, 38.973470142 ], [ 1.231845907, 38.973953804 ] ] ], [ [ [ 1.23170779, 38.977186418 ], [ 1.232013855, 38.976947776 ], [ 1.231774223, 38.976836022 ], [ 1.23170779, 38.977186418 ] ] ], [ [ [ 1.157296622, 38.978585165 ], [ 1.157276579, 38.978467715 ], [ 1.157240561, 38.978521208 ], [ 1.157296622, 38.978585165 ] ] ], [ [ [ 1.157977427, 38.978595913 ], [ 1.157813779, 38.978674422 ], [ 1.157964254, 38.978658777 ], [ 1.157977427, 38.978595913 ] ] ], [ [ [ 1.160298763, 38.979001951 ], [ 1.160322541, 38.979867315 ], [ 1.161474854, 38.980840566 ], [ 1.160298763, 38.979001951 ] ] ], [ [ [ 1.161485366, 38.982219307 ], [ 1.161089521, 38.982348224 ], [ 1.161496796, 38.982670001 ], [ 1.161485366, 38.982219307 ] ] ], [ [ [ 1.168373764, 38.984598217 ], [ 1.168514965, 38.984942824 ], [ 1.168741654, 38.984658052 ], [ 1.168373764, 38.984598217 ] ] ], [ [ [ 1.212855465, 38.97725967 ], [ 1.206234029, 38.989430128 ], [ 1.213638056, 38.995265233 ], [ 1.210547739, 38.984099178 ], [ 1.218921907, 38.978397604 ], [ 1.212855465, 38.97725967 ] ] ], [ [ [ 1.21562433, 38.988357689 ], [ 1.215883649, 38.987685881 ], [ 1.215496697, 38.987923243 ], [ 1.21562433, 38.988357689 ] ] ], [ [ [ 1.422592493, 38.663568563 ], [ 1.422373594, 38.663592644 ], [ 1.422463338, 38.663692976 ], [ 1.422592493, 38.663568563 ] ] ], [ [ [ 1.38494818, 38.713327173 ], [ 1.384945746, 38.713435272 ], [ 1.385005059, 38.713354991 ], [ 1.38494818, 38.713327173 ] ] ], [ [ [ 1.391927702, 38.726741608 ], [ 1.392006584, 38.72681478 ], [ 1.392043104, 38.726725172 ], [ 1.391927702, 38.726741608 ] ] ], [ [ [ 1.431156841, 38.750279757 ], [ 1.431483681, 38.750067878 ], [ 1.430975147, 38.750169179 ], [ 1.431156841, 38.750279757 ] ] ], [ [ [ 1.430728496, 38.750922812 ], [ 1.431511813, 38.751410938 ], [ 1.43155382, 38.751069074 ], [ 1.430728496, 38.750922812 ] ] ], [ [ [ 1.431154055, 38.753559829 ], [ 1.430096947, 38.754536859 ], [ 1.43078623, 38.754591183 ], [ 1.431154055, 38.753559829 ] ] ], [ [ [ 1.42996912, 38.755643528 ], [ 1.430365609, 38.755405555 ], [ 1.429857627, 38.755479825 ], [ 1.42996912, 38.755643528 ] ] ], [ [ [ 1.432222293, 38.771524637 ], [ 1.432116557, 38.771622341 ], [ 1.432289561, 38.771606642 ], [ 1.432222293, 38.771524637 ] ] ], [ [ [ 1.431961832, 38.771854556 ], [ 1.432075524, 38.771919162 ], [ 1.432088018, 38.771874273 ], [ 1.431961832, 38.771854556 ] ] ], [ [ [ 1.416052074, 38.773505143 ], [ 1.417171349, 38.774944103 ], [ 1.417604504, 38.774616557 ], [ 1.416052074, 38.773505143 ] ] ], [ [ [ 1.429662226, 38.774887479 ], [ 1.429740211, 38.775005674 ], [ 1.429799726, 38.774916362 ], [ 1.429662226, 38.774887479 ] ] ], [ [ [ 1.428602163, 38.775458949 ], [ 1.42844125, 38.775447773 ], [ 1.428461695, 38.775565194 ], [ 1.428602163, 38.775458949 ] ] ], [ [ [ 1.427975989, 38.775666791 ], [ 1.427854349, 38.775439872 ], [ 1.427835718, 38.775764026 ], [ 1.427975989, 38.775666791 ] ] ], [ [ [ 1.427420839, 38.775785473 ], [ 1.427360528, 38.775910819 ], [ 1.427442272, 38.775857852 ], [ 1.427420839, 38.775785473 ] ] ], [ [ [ 1.427806172, 38.776061 ], [ 1.427888311, 38.775990016 ], [ 1.427760734, 38.776033354 ], [ 1.427806172, 38.776061 ] ] ], [ [ [ 1.427595071, 38.776238383 ], [ 1.427732969, 38.776249251 ], [ 1.42769983, 38.776185726 ], [ 1.427595071, 38.776238383 ] ] ], [ [ [ 1.427341103, 38.776271007 ], [ 1.426552222, 38.77654874 ], [ 1.425577621, 38.776896053 ], [ 1.427341103, 38.776271007 ] ] ], [ [ [ 1.43162355, 38.78414136 ], [ 1.419365894, 38.779299241 ], [ 1.421868615, 38.797355446 ], [ 1.43162355, 38.78414136 ] ] ], [ [ [ 1.420086239, 38.792555491 ], [ 1.417358431, 38.792509546 ], [ 1.416878897, 38.79492702 ], [ 1.420086239, 38.792555491 ] ] ], [ [ [ 1.423456589, 38.797403927 ], [ 1.423986907, 38.79737504 ], [ 1.424117305, 38.79720559 ], [ 1.423456589, 38.797403927 ] ] ], [ [ [ 1.423400017, 38.797880748 ], [ 1.423287484, 38.797762086 ], [ 1.42327339, 38.797879039 ], [ 1.423400017, 38.797880748 ] ] ], [ [ [ 1.422394495, 38.799615312 ], [ 1.42131085, 38.798627477 ], [ 1.421246529, 38.798932983 ], [ 1.422394495, 38.799615312 ] ] ], [ [ [ 1.419633618, 38.805741536 ], [ 1.419740618, 38.805589797 ], [ 1.419565737, 38.805686552 ], [ 1.419633618, 38.805741536 ] ] ], [ [ [ 1.408007112, 38.810759026 ], [ 1.408010925, 38.810587869 ], [ 1.407938633, 38.81073106 ], [ 1.408007112, 38.810759026 ] ] ], [ [ [ 1.405172989, 38.813835238 ], [ 1.402816492, 38.814145482 ], [ 1.403901872, 38.81453877 ], [ 1.405172989, 38.813835238 ] ] ], [ [ [ 1.412312568, 38.814410013 ], [ 1.409180234, 38.81749425 ], [ 1.4098097, 38.818710292 ], [ 1.412312568, 38.814410013 ] ] ], [ [ [ 1.404095491, 38.815667791 ], [ 1.402386751, 38.815851703 ], [ 1.404564054, 38.816863642 ], [ 1.404095491, 38.815667791 ] ] ], [ [ [ 1.40169277, 38.825249711 ], [ 1.401732558, 38.825015969 ], [ 1.401589733, 38.825221269 ], [ 1.40169277, 38.825249711 ] ] ], [ [ [ 1.407755246, 38.82613443 ], [ 1.408165002, 38.826356275 ], [ 1.407755647, 38.826116414 ], [ 1.407755246, 38.82613443 ] ] ], [ [ [ 1.407388008, 38.826588988 ], [ 1.407524863, 38.827167557 ], [ 1.4078212, 38.826793132 ], [ 1.407388008, 38.826588988 ] ] ], [ [ [ 1.371228192, 38.829118413 ], [ 1.371030763, 38.828683135 ], [ 1.37090388, 38.828690378 ], [ 1.371228192, 38.829118413 ] ] ], [ [ [ 1.370810741, 38.829743365 ], [ 1.370698866, 38.829597631 ], [ 1.370670696, 38.829822513 ], [ 1.370810741, 38.829743365 ] ] ], [ [ [ 1.40539711, 38.83011218 ], [ 1.405266858, 38.830786228 ], [ 1.406069954, 38.83041872 ], [ 1.40539711, 38.83011218 ] ] ], [ [ [ 1.369353502, 38.834534869 ], [ 1.369301882, 38.834272835 ], [ 1.369069073, 38.834377718 ], [ 1.369353502, 38.834534869 ] ] ], [ [ [ 1.321086946, 38.859307005 ], [ 1.321178474, 38.859335354 ], [ 1.321076274, 38.859270808 ], [ 1.321086946, 38.859307005 ] ] ], [ [ [ 1.321290363, 38.859967716 ], [ 1.321151268, 38.860001758 ], [ 1.321217, 38.860146876 ], [ 1.321290363, 38.859967716 ] ] ], [ [ [ 1.297375595, 38.861964094 ], [ 1.297477347, 38.862046675 ], [ 1.297502968, 38.86193892 ], [ 1.297375595, 38.861964094 ] ] ], [ [ [ 1.304413248, 38.8626162 ], [ 1.304363525, 38.862768659 ], [ 1.304479805, 38.862725295 ], [ 1.304413248, 38.8626162 ] ] ], [ [ [ 1.309019238, 38.864241878 ], [ 1.309147892, 38.864162645 ], [ 1.309067671, 38.864143462 ], [ 1.309019238, 38.864241878 ] ] ], [ [ [ 1.298209944, 38.869986757 ], [ 1.298312138, 38.870051322 ], [ 1.298360804, 38.869943904 ], [ 1.298209944, 38.869986757 ] ] ], [ [ [ 1.2985035, 38.870243337 ], [ 1.29838041, 38.87008836 ], [ 1.298228905, 38.870158236 ], [ 1.2985035, 38.870243337 ] ] ], [ [ [ 1.298113172, 38.870661146 ], [ 1.298627235, 38.87037129 ], [ 1.298062009, 38.87039008 ], [ 1.298113172, 38.870661146 ] ] ], [ [ [ 1.299344181, 38.870273613 ], [ 1.299587858, 38.871655798 ], [ 1.299648049, 38.870097828 ], [ 1.299344181, 38.870273613 ] ] ], [ [ [ 1.40562334, 38.871564918 ], [ 1.406394845, 38.872116085 ], [ 1.406645892, 38.871714024 ], [ 1.40562334, 38.871564918 ] ] ], [ [ [ 1.426411555, 38.873928235 ], [ 1.426636865, 38.873642929 ], [ 1.426138566, 38.873762366 ], [ 1.426411555, 38.873928235 ] ] ], [ [ [ 1.29170369, 38.875514292 ], [ 1.291561965, 38.875656384 ], [ 1.291723716, 38.875640731 ], [ 1.29170369, 38.875514292 ] ] ], [ [ [ 1.434684555, 38.883536599 ], [ 1.43463079, 38.884409907 ], [ 1.435132909, 38.884119287 ], [ 1.434684555, 38.883536599 ] ] ], [ [ [ 1.435321777, 38.884968815 ], [ 1.435238924, 38.885066822 ], [ 1.43533093, 38.885077065 ], [ 1.435321777, 38.884968815 ] ] ], [ [ [ 1.43600797, 38.885221295 ], [ 1.435875199, 38.884967219 ], [ 1.435770283, 38.885019877 ], [ 1.43600797, 38.885221295 ] ] ], [ [ [ 1.434989372, 38.88540588 ], [ 1.435508813, 38.885376799 ], [ 1.435202567, 38.88514743 ], [ 1.434989372, 38.88540588 ] ] ], [ [ [ 1.423092766, 38.895770177 ], [ 1.423110367, 38.897058925 ], [ 1.42427742, 38.896948535 ], [ 1.423092766, 38.895770177 ] ] ], [ [ [ 1.434956492, 38.900552253 ], [ 1.435392973, 38.900630188 ], [ 1.435431118, 38.900468509 ], [ 1.434956492, 38.900552253 ] ] ], [ [ [ 1.439538782, 38.916670457 ], [ 1.403154295, 38.874757041 ], [ 1.405930459, 38.831507148 ], [ 1.38446373, 38.842394841 ], [ 1.371198608, 38.830415582 ], [ 1.361267358, 38.860571134 ], [ 1.343124917, 38.871083348 ], [ 1.320420816, 38.855783226 ], [ 1.321372551, 38.85892365 ], [ 1.321518763, 38.863485195 ], [ 1.317028019, 38.867223056 ], [ 1.297439776, 38.862172276 ], [ 1.305206815, 38.867051981 ], [ 1.297408424, 38.876525741 ], [ 1.271782469, 38.879437974 ], [ 1.266448378, 38.877412643 ], [ 1.25601482, 38.866156241 ], [ 1.255295733, 38.85973894 ], [ 1.247970491, 38.855808738 ], [ 1.243234224, 38.86657733 ], [ 1.240889482, 38.869119049 ], [ 1.23567585, 38.872536467 ], [ 1.22884845, 38.873144897 ], [ 1.22416898, 38.870812137 ], [ 1.226227763, 38.875628039 ], [ 1.221997383, 38.878861504 ], [ 1.223049616, 38.880120972 ], [ 1.223552078, 38.883552597 ], [ 1.224907489, 38.885141037 ], [ 1.225188981, 38.888190851 ], [ 1.220092779, 38.890050499 ], [ 1.219645439, 38.892728792 ], [ 1.216664725, 38.893890692 ], [ 1.217887663, 38.894783383 ], [ 1.215831235, 38.89678833 ], [ 1.21465221, 38.897364993 ], [ 1.213497106, 38.897446435 ], [ 1.23648066, 38.938793366 ], [ 1.21490711, 38.958072029 ], [ 1.229176327, 38.974544052 ], [ 1.244787358, 38.965931722 ], [ 1.306530644, 38.972412233 ], [ 1.284462979, 38.993858972 ], [ 1.298936066, 39.009532432 ], [ 1.289951293, 39.028232556 ], [ 1.291470049, 39.027524969 ], [ 1.305544038, 39.036542145 ], [ 1.311173762, 39.044651859 ], [ 1.325307637, 39.047468482 ], [ 1.325742877, 39.052529462 ], [ 1.341747828, 39.053019255 ], [ 1.358837891, 39.07406531 ], [ 1.366082506, 39.064165666 ], [ 1.3751643, 39.062265156 ], [ 1.389594044, 39.079332083 ], [ 1.398338691, 39.074505829 ], [ 1.416884119, 39.077452853 ], [ 1.426282709, 39.092537307 ], [ 1.440526255, 39.080510882 ], [ 1.462696618, 39.103547626 ], [ 1.484134843, 39.100936167 ], [ 1.488428176, 39.110542891 ], [ 1.492376126, 39.101655786 ], [ 1.494940521, 39.101788049 ], [ 1.496196111, 39.098749752 ], [ 1.498357898, 39.098777629 ], [ 1.532526562, 39.118386864 ], [ 1.557142542, 39.093311836 ], [ 1.604238258, 39.09089416 ], [ 1.598462935, 39.082417954 ], [ 1.602000876, 39.078883304 ], [ 1.609911412, 39.079302343 ], [ 1.587976017, 39.063324297 ], [ 1.621493443, 39.02762927 ], [ 1.606146835, 39.029681469 ], [ 1.585215002, 39.015724392 ], [ 1.57788541, 39.001065226 ], [ 1.581341344, 38.989339456 ], [ 1.527380665, 38.982444615 ], [ 1.528848868, 38.944969997 ], [ 1.510187499, 38.946796798 ], [ 1.505213358, 38.933118217 ], [ 1.502819841, 38.933925537 ], [ 1.499811733, 38.933238165 ], [ 1.488756085, 38.927977548 ], [ 1.474684385, 38.915513103 ], [ 1.476825369, 38.913018079 ], [ 1.455066867, 38.917048252 ], [ 1.451915443, 38.913456318 ], [ 1.457178017, 38.903722448 ], [ 1.450558129, 38.91169926 ], [ 1.439538782, 38.916670457 ] ] ], [ [ [ 1.293078118, 39.010609239 ], [ 1.293196597, 39.011926469 ], [ 1.29393784, 39.010396551 ], [ 1.293078118, 39.010609239 ] ] ], [ [ [ 1.291713096, 39.02846559 ], [ 1.291774362, 39.028799865 ], [ 1.291850801, 39.028503646 ], [ 1.291713096, 39.02846559 ] ] ], [ [ [ 1.314075222, 39.048973667 ], [ 1.314079069, 39.049298091 ], [ 1.31417747, 39.049047226 ], [ 1.314075222, 39.048973667 ] ] ], [ [ [ 1.316021799, 39.048749482 ], [ 1.315136433, 39.050025167 ], [ 1.316415862, 39.050647315 ], [ 1.316021799, 39.048749482 ] ] ], [ [ [ 1.373362278, 39.063735744 ], [ 1.373872312, 39.063670769 ], [ 1.373440479, 39.063349397 ], [ 1.373362278, 39.063735744 ] ] ], [ [ [ 1.406392865, 39.076697387 ], [ 1.406489565, 39.076509494 ], [ 1.406398124, 39.076463196 ], [ 1.406392865, 39.076697387 ] ] ], [ [ [ 1.407263686, 39.077042644 ], [ 1.407103106, 39.076986393 ], [ 1.407262069, 39.077114703 ], [ 1.407263686, 39.077042644 ] ] ], [ [ [ 1.403274633, 39.077591831 ], [ 1.403834419, 39.077374233 ], [ 1.403166159, 39.077274994 ], [ 1.403274633, 39.077591831 ] ] ], [ [ [ 1.431806095, 39.091125094 ], [ 1.43221642, 39.092959721 ], [ 1.432865916, 39.092869347 ], [ 1.431806095, 39.091125094 ] ] ], [ [ [ 1.436526459, 38.678695973 ], [ 1.436218912, 38.678565706 ], [ 1.436102813, 38.678618219 ], [ 1.436526459, 38.678695973 ] ] ], [ [ [ 1.388020604, 38.641020049 ], [ 1.390354276, 38.699461662 ], [ 1.386359808, 38.712950165 ], [ 1.380270129, 38.719308911 ], [ 1.391857305, 38.726290089 ], [ 1.396575132, 38.735482987 ], [ 1.419249521, 38.722509363 ], [ 1.412109415, 38.731720967 ], [ 1.428534495, 38.73815165 ], [ 1.435274404, 38.759328282 ], [ 1.433267088, 38.771646797 ], [ 1.446757165, 38.732916736 ], [ 1.456482066, 38.724728405 ], [ 1.46372977, 38.722544193 ], [ 1.472663463, 38.728131206 ], [ 1.477730393, 38.702398438 ], [ 1.495702502, 38.6887542 ], [ 1.530290572, 38.672812079 ], [ 1.569055603, 38.691622007 ], [ 1.584720529, 38.66978017 ], [ 1.572587879, 38.650988283 ], [ 1.533686216, 38.651732371 ], [ 1.447047234, 38.6849727 ], [ 1.435774359, 38.6789202 ], [ 1.430147928, 38.665472446 ], [ 1.424729205, 38.666237606 ], [ 1.388020604, 38.641020049 ] ] ], [ [ [ 1.479141286, 38.710707066 ], [ 1.479079789, 38.7108955 ], [ 1.479184795, 38.710824779 ], [ 1.479141286, 38.710707066 ] ] ], [ [ [ 1.478865425, 38.711784816 ], [ 1.478736848, 38.711882263 ], [ 1.478864088, 38.711847877 ], [ 1.478865425, 38.711784816 ] ] ], [ [ [ 1.459501982, 38.724443893 ], [ 1.459619774, 38.724850949 ], [ 1.460101711, 38.724370706 ], [ 1.459501982, 38.724443893 ] ] ], [ [ [ 1.459441859, 38.725100912 ], [ 1.459278539, 38.725206891 ], [ 1.459440505, 38.725163973 ], [ 1.459441859, 38.725100912 ] ] ], [ [ [ 1.459655413, 38.725869678 ], [ 1.459629898, 38.725986486 ], [ 1.459723059, 38.725933649 ], [ 1.459655413, 38.725869678 ] ] ], [ [ [ 1.45602574, 38.726155145 ], [ 1.456707409, 38.726551632 ], [ 1.457278278, 38.726216751 ], [ 1.45602574, 38.726155145 ] ] ], [ [ [ 1.458551298, 38.72639577 ], [ 1.458967623, 38.726293134 ], [ 1.458506653, 38.726332103 ], [ 1.458551298, 38.72639577 ] ] ], [ [ [ 1.456990651, 38.728357601 ], [ 1.456810328, 38.728184007 ], [ 1.456670966, 38.728245244 ], [ 1.456990651, 38.728357601 ] ] ], [ [ [ 1.456927722, 38.728609082 ], [ 1.456712703, 38.72844404 ], [ 1.456743715, 38.72860665 ], [ 1.456927722, 38.728609082 ] ] ], [ [ [ 1.452692745, 38.730283187 ], [ 1.452852234, 38.730889045 ], [ 1.453303448, 38.73023721 ], [ 1.452692745, 38.730283187 ] ] ], [ [ [ 1.452461432, 38.731406511 ], [ 1.452280335, 38.731268945 ], [ 1.452312115, 38.731395521 ], [ 1.452461432, 38.731406511 ] ] ], [ [ [ 1.450256199, 38.731773757 ], [ 1.450097328, 38.731672526 ], [ 1.450060878, 38.731762154 ], [ 1.450256199, 38.731773757 ] ] ], [ [ [ 1.484540441, 38.786642541 ], [ 1.484948437, 38.786404536 ], [ 1.484974699, 38.786251687 ], [ 1.484540441, 38.786642541 ] ] ], [ [ [ 1.484324867, 38.787036234 ], [ 1.482178279, 38.787278672 ], [ 1.481363019, 38.787718625 ], [ 1.484324867, 38.787036234 ] ] ], [ [ [ 1.480751455, 38.787782755 ], [ 1.480656123, 38.787934704 ], [ 1.48077218, 38.787891159 ], [ 1.480751455, 38.787782755 ] ] ], [ [ [ 1.481423095, 38.788142933 ], [ 1.481489479, 38.788269953 ], [ 1.481480645, 38.788143682 ], [ 1.481423095, 38.788142933 ] ] ], [ [ [ 1.482408031, 38.79923932 ], [ 1.474098825, 38.797400876 ], [ 1.477770283, 38.805054096 ], [ 1.482408031, 38.79923932 ] ] ], [ [ [ 1.47786738, 38.806983714 ], [ 1.478003619, 38.8070756 ], [ 1.477959485, 38.806984915 ], [ 1.47786738, 38.806983714 ] ] ], [ [ [ 1.438015569, 38.887780149 ], [ 1.438978702, 38.888549921 ], [ 1.438838056, 38.887601926 ], [ 1.438015569, 38.887780149 ] ] ], [ [ [ 1.454059002, 38.888561338 ], [ 1.454168209, 38.888310486 ], [ 1.453933973, 38.888478587 ], [ 1.454059002, 38.888561338 ] ] ], [ [ [ 1.438559026, 38.888760564 ], [ 1.43847558, 38.888885597 ], [ 1.43862542, 38.888887601 ], [ 1.438559026, 38.888760564 ] ] ], [ [ [ 1.438382779, 38.888911388 ], [ 1.438265544, 38.888999926 ], [ 1.438404844, 38.888956736 ], [ 1.438382779, 38.888911388 ] ] ], [ [ [ 1.451679459, 38.890358968 ], [ 1.451787895, 38.890144151 ], [ 1.451384666, 38.890129793 ], [ 1.451679459, 38.890358968 ] ] ], [ [ [ 1.441103469, 38.902625844 ], [ 1.44097537, 38.903209822 ], [ 1.441558099, 38.902929264 ], [ 1.441103469, 38.902625844 ] ] ], [ [ [ 1.455643765, 38.908000227 ], [ 1.455589244, 38.907855335 ], [ 1.455471412, 38.907970914 ], [ 1.455643765, 38.908000227 ] ] ], [ [ [ 1.465878602, 38.913631645 ], [ 1.465730458, 38.913548602 ], [ 1.465763107, 38.913639138 ], [ 1.465878602, 38.913631645 ] ] ], [ [ [ 1.475766126, 38.915626347 ], [ 1.475747888, 38.915400844 ], [ 1.475651979, 38.915570793 ], [ 1.475766126, 38.915626347 ] ] ], [ [ [ 1.489588693, 38.924077724 ], [ 1.4894182, 38.92395838 ], [ 1.489381119, 38.924075038 ], [ 1.489588693, 38.924077724 ] ] ], [ [ [ 1.492488817, 38.928206023 ], [ 1.492295817, 38.928059361 ], [ 1.492225285, 38.928121524 ], [ 1.492488817, 38.928206023 ] ] ], [ [ [ 1.502060372, 38.933285055 ], [ 1.501883995, 38.932895336 ], [ 1.501764677, 38.933083028 ], [ 1.502060372, 38.933285055 ] ] ], [ [ [ 1.502485971, 38.933344577 ], [ 1.502316004, 38.933198228 ], [ 1.502290661, 38.93330603 ], [ 1.502485971, 38.933344577 ] ] ], [ [ [ 1.508871327, 38.939679651 ], [ 1.508874349, 38.93953552 ], [ 1.508768083, 38.939651301 ], [ 1.508871327, 38.939679651 ] ] ], [ [ [ 1.577526335, 38.982084507 ], [ 1.579046974, 38.982247206 ], [ 1.577485395, 38.9818227 ], [ 1.577526335, 38.982084507 ] ] ], [ [ [ 1.584867112, 38.98216476 ], [ 1.583006612, 38.98515173 ], [ 1.584466979, 38.986025467 ], [ 1.584867112, 38.98216476 ] ] ], [ [ [ 1.573037368, 38.987165749 ], [ 1.573137486, 38.986779517 ], [ 1.57275224, 38.98699106 ], [ 1.573037368, 38.987165749 ] ] ], [ [ [ 1.584664346, 39.00046286 ], [ 1.584758075, 38.999815237 ], [ 1.584561458, 38.999830873 ], [ 1.584664346, 39.00046286 ] ] ], [ [ [ 1.586754563, 39.001037844 ], [ 1.58697157, 39.002319971 ], [ 1.587497995, 39.001398259 ], [ 1.586754563, 39.001037844 ] ] ], [ [ [ 1.582992403, 39.003235835 ], [ 1.583183232, 39.002931795 ], [ 1.582854759, 39.003189111 ], [ 1.582992403, 39.003235835 ] ] ], [ [ [ 1.583923613, 39.003445375 ], [ 1.583633906, 39.003495921 ], [ 1.583793564, 39.003596975 ], [ 1.583923613, 39.003445375 ] ] ], [ [ [ 1.599588314, 39.02307926 ], [ 1.599296938, 39.023210919 ], [ 1.599319146, 39.023256239 ], [ 1.599588314, 39.02307926 ] ] ], [ [ [ 1.646476591, 39.032066874 ], [ 1.646318498, 39.031875816 ], [ 1.6462361, 39.031955954 ], [ 1.646476591, 39.032066874 ] ] ], [ [ [ 1.646231763, 39.040660146 ], [ 1.639828457, 39.034755748 ], [ 1.636529154, 39.041114721 ], [ 1.646231763, 39.040660146 ] ] ], [ [ [ 1.610086985, 39.040847511 ], [ 1.61013134, 39.04035246 ], [ 1.610026496, 39.040396263 ], [ 1.610086985, 39.040847511 ] ] ], [ [ [ 1.606233508, 39.047036805 ], [ 1.60641935, 39.046399279 ], [ 1.606020028, 39.046727894 ], [ 1.606233508, 39.047036805 ] ] ], [ [ [ 1.60518387, 39.079858548 ], [ 1.604686714, 39.079861605 ], [ 1.605401871, 39.079942253 ], [ 1.60518387, 39.079858548 ] ] ], [ [ [ 1.609209898, 39.080294135 ], [ 1.609826522, 39.080094254 ], [ 1.609133412, 39.080067959 ], [ 1.609209898, 39.080294135 ] ] ], [ [ [ 1.610523149, 39.081120751 ], [ 1.611381433, 39.080977807 ], [ 1.610420461, 39.08046176 ], [ 1.610523149, 39.081120751 ] ] ], [ [ [ 1.446979274, 39.090958971 ], [ 1.447007525, 39.090725079 ], [ 1.446724192, 39.090991611 ], [ 1.446979274, 39.090958971 ] ] ], [ [ [ 1.592303935, 39.097985999 ], [ 1.593592459, 39.098316935 ], [ 1.59357363, 39.098100455 ], [ 1.592303935, 39.097985999 ] ] ], [ [ [ 1.497106225, 39.09945529 ], [ 1.49690043, 39.099344511 ], [ 1.497033805, 39.099598521 ], [ 1.497106225, 39.09945529 ] ] ], [ [ [ 1.590477723, 39.100270607 ], [ 1.590264785, 39.100511314 ], [ 1.590546371, 39.10030748 ], [ 1.590477723, 39.100270607 ] ] ], [ [ [ 1.590485608, 39.101036598 ], [ 1.590186993, 39.100933867 ], [ 1.590252952, 39.101105866 ], [ 1.590485608, 39.101036598 ] ] ], [ [ [ 1.493739097, 39.102817725 ], [ 1.494687482, 39.10281196 ], [ 1.493729643, 39.102718489 ], [ 1.493739097, 39.102817725 ] ] ], [ [ [ 1.478660637, 39.105991704 ], [ 1.478399949, 39.105745021 ], [ 1.478293574, 39.105851756 ], [ 1.478660637, 39.105991704 ] ] ], [ [ [ 2.349177539, 39.57670175 ], [ 2.346997969, 39.576941824 ], [ 2.347955973, 39.577839226 ], [ 2.349177539, 39.57670175 ] ] ], [ [ [ 2.304858141, 39.572480522 ], [ 2.309709052, 39.58346607 ], [ 2.338948678, 39.598169741 ], [ 2.318659766, 39.576734113 ], [ 2.304858141, 39.572480522 ] ] ], [ [ [ 2.341340588, 39.585415704 ], [ 2.341940978, 39.585959721 ], [ 2.341727149, 39.585174613 ], [ 2.341340588, 39.585415704 ] ] ], [ [ [ 2.334528575, 39.589044127 ], [ 2.335201479, 39.589309275 ], [ 2.334529436, 39.588954029 ], [ 2.334528575, 39.589044127 ] ] ], [ [ [ 2.335750629, 39.590339587 ], [ 2.335719135, 39.589978995 ], [ 2.335521514, 39.589941825 ], [ 2.335750629, 39.590339587 ] ] ], [ [ [ 2.337290857, 39.598583791 ], [ 2.33718518, 39.598673291 ], [ 2.337290427, 39.59862884 ], [ 2.337290857, 39.598583791 ] ] ], [ [ [ 2.471150567, 39.462085299 ], [ 2.472435321, 39.462820991 ], [ 2.470967379, 39.461715032 ], [ 2.471150567, 39.462085299 ] ] ], [ [ [ 2.472548843, 39.463181929 ], [ 2.472712396, 39.463074543 ], [ 2.472572907, 39.463073911 ], [ 2.472548843, 39.463181929 ] ] ], [ [ [ 2.474629815, 39.464705124 ], [ 2.474713875, 39.465894899 ], [ 2.475331602, 39.465681434 ], [ 2.474629815, 39.464705124 ] ] ], [ [ [ 2.475885866, 39.466179514 ], [ 2.475574771, 39.465808679 ], [ 2.47550232, 39.466168775 ], [ 2.475885866, 39.466179514 ] ] ], [ [ [ 2.541041235, 39.479024665 ], [ 2.54103446, 39.478285776 ], [ 2.540455673, 39.477896034 ], [ 2.541041235, 39.479024665 ] ] ], [ [ [ 2.447650802, 39.495324126 ], [ 2.450999064, 39.499908313 ], [ 2.455142341, 39.501045099 ], [ 2.447650802, 39.495324126 ] ] ], [ [ [ 2.456055249, 39.501806255 ], [ 2.454767939, 39.502818416 ], [ 2.456550946, 39.502376234 ], [ 2.456055249, 39.501806255 ] ] ], [ [ [ 2.545434975, 39.502460255 ], [ 2.543068177, 39.505109054 ], [ 2.54709583, 39.502827169 ], [ 2.545434975, 39.502460255 ] ] ], [ [ [ 2.45587171, 39.504463498 ], [ 2.456116803, 39.504356518 ], [ 2.455908428, 39.504229396 ], [ 2.45587171, 39.504463498 ] ] ], [ [ [ 2.573938207, 39.529852163 ], [ 2.572579637, 39.529396641 ], [ 2.572471772, 39.52990984 ], [ 2.573938207, 39.529852163 ] ] ], [ [ [ 2.588710672, 39.528653209 ], [ 2.587615944, 39.530793788 ], [ 2.588880674, 39.531393006 ], [ 2.588710672, 39.528653209 ] ] ], [ [ [ 2.574968368, 39.530738967 ], [ 2.575167598, 39.530505425 ], [ 2.57498198, 39.53041464 ], [ 2.574968368, 39.530738967 ] ] ], [ [ [ 2.458615223, 39.531651932 ], [ 2.458396807, 39.531308518 ], [ 2.458325175, 39.531542456 ], [ 2.458615223, 39.531651932 ] ] ], [ [ [ 2.577767713, 39.531542112 ], [ 2.577848616, 39.531632511 ], [ 2.577849216, 39.531533398 ], [ 2.577767713, 39.531542112 ] ] ], [ [ [ 2.578232755, 39.531606877 ], [ 2.578057839, 39.531669314 ], [ 2.578266844, 39.531742158 ], [ 2.578232755, 39.531606877 ] ] ], [ [ [ 2.584708579, 39.532495321 ], [ 2.584836462, 39.532513804 ], [ 2.584872066, 39.532396796 ], [ 2.584708579, 39.532495321 ] ] ], [ [ [ 2.584521606, 39.532629803 ], [ 2.584416403, 39.532710517 ], [ 2.58456788, 39.532675023 ], [ 2.584521606, 39.532629803 ] ] ], [ [ [ 2.586392998, 39.532960924 ], [ 2.586126182, 39.532824807 ], [ 2.586079052, 39.532923753 ], [ 2.586392998, 39.532960924 ] ] ], [ [ [ 2.44042797, 39.533133682 ], [ 2.44016042, 39.533123384 ], [ 2.44035736, 39.533232458 ], [ 2.44042797, 39.533133682 ] ] ], [ [ [ 2.593162161, 39.533453613 ], [ 2.591354673, 39.534122992 ], [ 2.592376932, 39.534414956 ], [ 2.593162161, 39.533453613 ] ] ], [ [ [ 2.365046172, 39.534692819 ], [ 2.364989305, 39.534548341 ], [ 2.364941531, 39.534683237 ], [ 2.365046172, 39.534692819 ] ] ], [ [ [ 2.421999775, 39.536918065 ], [ 2.422568837, 39.537056049 ], [ 2.422154332, 39.536522373 ], [ 2.421999775, 39.536918065 ] ] ], [ [ [ 2.411223615, 39.536972139 ], [ 2.411280731, 39.537098574 ], [ 2.411281568, 39.536999464 ], [ 2.411223615, 39.536972139 ] ] ], [ [ [ 2.412478062, 39.537248796 ], [ 2.412407637, 39.537320524 ], [ 2.412616333, 39.537411683 ], [ 2.412478062, 39.537248796 ] ] ], [ [ [ 2.413425805, 39.538019469 ], [ 2.41323871, 39.538126651 ], [ 2.413425426, 39.538064519 ], [ 2.413425805, 39.538019469 ] ] ], [ [ [ 2.41523672, 39.538551195 ], [ 2.415073429, 39.538595426 ], [ 2.415235889, 39.538650306 ], [ 2.41523672, 39.538551195 ] ] ], [ [ [ 2.600508463, 39.550968987 ], [ 2.600426507, 39.549031407 ], [ 2.595726525, 39.546699206 ], [ 2.597060107, 39.543514119 ], [ 2.590316423, 39.536552131 ], [ 2.590313777, 39.53106473 ], [ 2.588286667, 39.533463294 ], [ 2.576091115, 39.533626422 ], [ 2.575443172, 39.531110135 ], [ 2.56466443, 39.528024647 ], [ 2.561591542, 39.531914602 ], [ 2.541042571, 39.524833999 ], [ 2.523201014, 39.457471732 ], [ 2.509804728, 39.458317062 ], [ 2.476082877, 39.466261497 ], [ 2.479146554, 39.491937294 ], [ 2.456183361, 39.504771312 ], [ 2.479606491, 39.517610278 ], [ 2.455622567, 39.534917776 ], [ 2.450125141, 39.537027397 ], [ 2.43805885, 39.532554601 ], [ 2.440497784, 39.528781962 ], [ 2.419440037, 39.522894036 ], [ 2.423618047, 39.536826981 ], [ 2.413661838, 39.539011809 ], [ 2.387276885, 39.520863862 ], [ 2.388525163, 39.533746403 ], [ 2.36387702, 39.53146969 ], [ 2.390510765, 39.546209257 ], [ 2.34653198, 39.564558928 ], [ 2.354417392, 39.576667878 ], [ 2.344619453, 39.587182226 ], [ 2.368981351, 39.61413161 ], [ 2.462224318, 39.652010702 ], [ 2.481760035, 39.672300246 ], [ 2.488482533, 39.671401941 ], [ 2.498159405, 39.684355703 ], [ 2.51595887, 39.690467954 ], [ 2.527744641, 39.701490804 ], [ 2.541690084, 39.698744412 ], [ 2.555444926, 39.700077226 ], [ 2.585709073, 39.716398192 ], [ 2.622859741, 39.7479337 ], [ 2.619827592, 39.755951823 ], [ 2.627663309, 39.753265129 ], [ 2.635747686, 39.765301167 ], [ 2.641413045, 39.760228088 ], [ 2.66319621, 39.772402734 ], [ 2.669429999, 39.792224706 ], [ 2.694358556, 39.791274929 ], [ 2.699459106, 39.810849139 ], [ 2.775595959, 39.839853716 ], [ 2.778373882, 39.855590486 ], [ 2.844540324, 39.861581331 ], [ 2.902233571, 39.897494248 ], [ 2.917476637, 39.89655993 ], [ 2.91975139, 39.901922395 ], [ 2.925134735, 39.89997081 ], [ 2.925800444, 39.90097133 ], [ 2.931449809, 39.901821694 ], [ 2.935881371, 39.904076666 ], [ 2.950364546, 39.920076184 ], [ 2.964703657, 39.910467803 ], [ 2.982663298, 39.908246355 ], [ 3.042079063, 39.937746994 ], [ 3.060298657, 39.919836298 ], [ 3.120498798, 39.931384805 ], [ 3.165672355, 39.959916912 ], [ 3.179784019, 39.961157221 ], [ 3.173134085, 39.952094488 ], [ 3.173952234, 39.951570694 ], [ 3.179581871, 39.951066553 ], [ 3.190510516, 39.957527109 ], [ 3.194482201, 39.954376085 ], [ 3.20598853, 39.95762673 ], [ 3.214186688, 39.962206865 ], [ 3.154396494, 39.923217602 ], [ 3.138386448, 39.928085176 ], [ 3.13132737, 39.926868085 ], [ 3.110791591, 39.89926549 ], [ 3.080041603, 39.902273135 ], [ 3.083787347, 39.875484204 ], [ 3.105638834, 39.857653777 ], [ 3.144994684, 39.865485751 ], [ 3.152387052, 39.872089488 ], [ 3.159296633, 39.871620669 ], [ 3.185604737, 39.884087052 ], [ 3.190364445, 39.892422422 ], [ 3.204459814, 39.888812409 ], [ 3.188252783, 39.881623073 ], [ 3.184142503, 39.870898953 ], [ 3.186588897, 39.86324563 ], [ 3.197212622, 39.861858461 ], [ 3.178544521, 39.84058042 ], [ 3.130964166, 39.840986584 ], [ 3.11873915, 39.827791232 ], [ 3.123917724, 39.796449105 ], [ 3.153159951, 39.767716861 ], [ 3.236051156, 39.732330002 ], [ 3.254174782, 39.72942645 ], [ 3.328907545, 39.75980014 ], [ 3.348120402, 39.789368717 ], [ 3.432188904, 39.745099055 ], [ 3.461318344, 39.74810431 ], [ 3.452687422, 39.722486954 ], [ 3.478662655, 39.716003675 ], [ 3.456705295, 39.705505398 ], [ 3.452354007, 39.682231752 ], [ 3.455938457, 39.656304941 ], [ 3.441007393, 39.656479741 ], [ 3.436286811, 39.634269638 ], [ 3.396889069, 39.628310959 ], [ 3.385017391, 39.592796743 ], [ 3.404074326, 39.579442111 ], [ 3.379417811, 39.576074133 ], [ 3.368317107, 39.550916989 ], [ 3.331860579, 39.540439528 ], [ 3.340317015, 39.534882759 ], [ 3.291844644, 39.494287714 ], [ 3.274858985, 39.415927989 ], [ 3.267109814, 39.427840223 ], [ 3.260960953, 39.424033667 ], [ 3.244405267, 39.377439607 ], [ 3.222134119, 39.372871109 ], [ 3.232231871, 39.361641876 ], [ 3.188003805, 39.351936356 ], [ 3.171054709, 39.326534071 ], [ 3.14639635, 39.329973937 ], [ 3.065039326, 39.265647735 ], [ 3.003014039, 39.317253021 ], [ 2.986054718, 39.315909604 ], [ 2.99079645, 39.336769982 ], [ 2.957815634, 39.362479151 ], [ 2.928864122, 39.36415921 ], [ 2.914094289, 39.358238303 ], [ 2.913509484, 39.352416954 ], [ 2.881940951, 39.36615771 ], [ 2.787911768, 39.362663574 ], [ 2.739535976, 39.411267964 ], [ 2.747314388, 39.441470421 ], [ 2.721995653, 39.475787559 ], [ 2.751163921, 39.499442961 ], [ 2.739840021, 39.520151171 ], [ 2.669333801, 39.562538465 ], [ 2.634474382, 39.55912815 ], [ 2.644130463, 39.567051169 ], [ 2.641455286, 39.568818127 ], [ 2.620157403, 39.550468076 ], [ 2.639443889, 39.552619819 ], [ 2.632464537, 39.54520032 ], [ 2.607917001, 39.551913642 ], [ 2.600508463, 39.550968987 ] ] ], [ [ [ 2.363465995, 39.553552028 ], [ 2.363848766, 39.553698289 ], [ 2.363815493, 39.553517899 ], [ 2.363465995, 39.553552028 ] ] ], [ [ [ 2.363942042, 39.553680778 ], [ 2.364185557, 39.553781225 ], [ 2.364187694, 39.553546966 ], [ 2.363942042, 39.553680778 ] ] ], [ [ [ 2.424266033, 39.63866507 ], [ 2.424137173, 39.638745524 ], [ 2.424276939, 39.638755227 ], [ 2.424266033, 39.63866507 ] ] ], [ [ [ 2.435685892, 39.645956258 ], [ 2.435920228, 39.64580422 ], [ 2.435665656, 39.64557773 ], [ 2.435685892, 39.645956258 ] ] ], [ [ [ 2.436335482, 39.646337837 ], [ 2.43622047, 39.646148065 ], [ 2.436208011, 39.646247117 ], [ 2.436335482, 39.646337837 ] ] ], [ [ [ 2.450972006, 39.649588453 ], [ 2.451403039, 39.649617518 ], [ 2.451030995, 39.649498629 ], [ 2.450972006, 39.649588453 ] ] ], [ [ [ 2.512458628, 39.690678593 ], [ 2.512282427, 39.690858058 ], [ 2.512340549, 39.690885332 ], [ 2.512458628, 39.690678593 ] ] ], [ [ [ 2.512882728, 39.691734562 ], [ 2.513023942, 39.691554949 ], [ 2.512930706, 39.691545549 ], [ 2.512882728, 39.691734562 ] ] ], [ [ [ 2.524426754, 39.698846314 ], [ 2.524333815, 39.698791873 ], [ 2.524380037, 39.698855134 ], [ 2.524426754, 39.698846314 ] ] ], [ [ [ 2.54590658, 39.699634933 ], [ 2.545987873, 39.699689312 ], [ 2.545988403, 39.699608222 ], [ 2.54590658, 39.699634933 ] ] ], [ [ [ 2.543813262, 39.700464692 ], [ 2.543755654, 39.700356344 ], [ 2.543719951, 39.700464326 ], [ 2.543813262, 39.700464692 ] ] ], [ [ [ 2.537572777, 39.700485106 ], [ 2.537596646, 39.700404109 ], [ 2.537514638, 39.700457844 ], [ 2.537572777, 39.700485106 ] ] ], [ [ [ 2.552198312, 39.70069549 ], [ 2.552069659, 39.700749056 ], [ 2.552209394, 39.700785635 ], [ 2.552198312, 39.70069549 ] ] ], [ [ [ 2.526954863, 39.700992035 ], [ 2.526860998, 39.701072745 ], [ 2.526977884, 39.70103718 ], [ 2.526954863, 39.700992035 ] ] ], [ [ [ 2.553444031, 39.701060685 ], [ 2.553280213, 39.701141148 ], [ 2.553443741, 39.701105735 ], [ 2.553444031, 39.701060685 ] ] ], [ [ [ 2.553687989, 39.701214794 ], [ 2.553605703, 39.701313591 ], [ 2.553746077, 39.701251058 ], [ 2.553687989, 39.701214794 ] ] ], [ [ [ 2.52701091, 39.70132564 ], [ 2.52684749, 39.701342996 ], [ 2.527045595, 39.701370832 ], [ 2.52701091, 39.70132564 ] ] ], [ [ [ 2.554185314, 39.701874445 ], [ 2.554021842, 39.701900849 ], [ 2.554079815, 39.701955132 ], [ 2.554185314, 39.701874445 ] ] ], [ [ [ 2.52805577, 39.702050698 ], [ 2.527846858, 39.701896677 ], [ 2.52775336, 39.701923328 ], [ 2.52805577, 39.702050698 ] ] ], [ [ [ 2.557531366, 39.702130492 ], [ 2.557414264, 39.702202129 ], [ 2.5575428, 39.702166577 ], [ 2.557531366, 39.702130492 ] ] ], [ [ [ 2.558521214, 39.702386538 ], [ 2.558427614, 39.702431233 ], [ 2.558485706, 39.702467495 ], [ 2.558521214, 39.702386538 ] ] ], [ [ [ 2.578302162, 39.714227172 ], [ 2.578255003, 39.714308093 ], [ 2.578348443, 39.714290411 ], [ 2.578302162, 39.714227172 ] ] ], [ [ [ 2.590902525, 39.722038885 ], [ 2.590961448, 39.721939981 ], [ 2.590891177, 39.721984784 ], [ 2.590902525, 39.722038885 ] ] ], [ [ [ 2.592851453, 39.723955865 ], [ 2.592863756, 39.723847787 ], [ 2.592793643, 39.723865562 ], [ 2.592851453, 39.723955865 ] ] ], [ [ [ 2.596936382, 39.727781362 ], [ 2.596983685, 39.727673405 ], [ 2.596948627, 39.727682294 ], [ 2.596936382, 39.727781362 ] ] ], [ [ [ 2.59677255, 39.727861886 ], [ 2.596841932, 39.727970247 ], [ 2.596889131, 39.72788031 ], [ 2.59677255, 39.727861886 ] ] ], [ [ [ 2.59793931, 39.729893195 ], [ 2.598031981, 39.730010647 ], [ 2.598114082, 39.72993885 ], [ 2.59793931, 39.729893195 ] ] ], [ [ [ 2.59840335, 39.730363323 ], [ 2.598228472, 39.730335689 ], [ 2.598332918, 39.730435161 ], [ 2.59840335, 39.730363323 ] ] ], [ [ [ 2.599275651, 39.732880147 ], [ 2.599403807, 39.732916628 ], [ 2.599357754, 39.732808349 ], [ 2.599275651, 39.732880147 ] ] ], [ [ [ 2.603915623, 39.735716189 ], [ 2.603871726, 39.735229495 ], [ 2.603707627, 39.735355078 ], [ 2.603915623, 39.735716189 ] ] ], [ [ [ 2.60647092, 39.737851238 ], [ 2.606622583, 39.737860761 ], [ 2.606564641, 39.737788484 ], [ 2.60647092, 39.737851238 ] ] ], [ [ [ 2.607122564, 39.738186812 ], [ 2.607216591, 39.738069999 ], [ 2.60715829, 39.738060792 ], [ 2.607122564, 39.738186812 ] ] ], [ [ [ 2.939809688, 39.120877586 ], [ 2.940469052, 39.120895949 ], [ 2.940526968, 39.120805866 ], [ 2.939809688, 39.120877586 ] ] ], [ [ [ 2.936986266, 39.121786227 ], [ 2.935563327, 39.121839513 ], [ 2.935389481, 39.122190857 ], [ 2.936372825, 39.122146344 ], [ 2.936986266, 39.121786227 ] ] ], [ [ [ 2.944399172, 39.124727699 ], [ 2.944445518, 39.124637609 ], [ 2.944399243, 39.124637586 ], [ 2.944399172, 39.124727699 ] ] ], [ [ [ 2.939031376, 39.124634887 ], [ 2.93960866, 39.125977869 ], [ 2.94034958, 39.125374497 ], [ 2.939031376, 39.124634887 ] ] ], [ [ [ 2.958513176, 39.124400197 ], [ 2.958373249, 39.12626548 ], [ 2.960479354, 39.125274977 ], [ 2.958513176, 39.124400197 ] ] ], [ [ [ 2.944097857, 39.125394388 ], [ 2.942350776, 39.125627825 ], [ 2.942500679, 39.126231655 ], [ 2.944097857, 39.125394388 ] ] ], [ [ [ 2.938035488, 39.125751757 ], [ 2.938752327, 39.126247757 ], [ 2.939423496, 39.126049862 ], [ 2.938035488, 39.125751757 ] ] ], [ [ [ 2.937477778, 39.128463849 ], [ 2.937732367, 39.128391895 ], [ 2.937466305, 39.128355707 ], [ 2.937477778, 39.128463849 ] ] ], [ [ [ 2.923324168, 39.132465369 ], [ 2.922860848, 39.132942659 ], [ 2.923485727, 39.13285296 ], [ 2.923324168, 39.132465369 ] ] ], [ [ [ 2.956632598, 39.134879607 ], [ 2.956736748, 39.134852613 ], [ 2.956621061, 39.134825536 ], [ 2.956632598, 39.134879607 ] ] ], [ [ [ 2.962230894, 39.138143638 ], [ 2.960819021, 39.138548676 ], [ 2.96273997, 39.138224904 ], [ 2.962230894, 39.138143638 ] ] ], [ [ [ 2.957933241, 39.126914133 ], [ 2.930857082, 39.131577988 ], [ 2.919452193, 39.128993412 ], [ 2.926900011, 39.131764799 ], [ 2.916891643, 39.161621299 ], [ 2.930544803, 39.143220336 ], [ 2.931087271, 39.156494202 ], [ 2.949669142, 39.148411677 ], [ 2.950733302, 39.165677631 ], [ 2.97652578, 39.158179387 ], [ 2.95664792, 39.147567445 ], [ 2.95635013, 39.142584118 ], [ 2.961858973, 39.141189318 ], [ 2.9539715, 39.134752422 ], [ 2.957933241, 39.126914133 ] ] ], [ [ [ 2.957204219, 39.146215967 ], [ 2.957076892, 39.146269987 ], [ 2.957262064, 39.146243022 ], [ 2.957204219, 39.146215967 ] ] ], [ [ [ 2.963637546, 39.147795127 ], [ 2.963625918, 39.147903258 ], [ 2.963683817, 39.147831186 ], [ 2.963637546, 39.147795127 ] ] ], [ [ [ 2.963834241, 39.147867278 ], [ 2.963556053, 39.14873227 ], [ 2.964123346, 39.148272874 ], [ 2.963834241, 39.147867278 ] ] ], [ [ [ 2.963926066, 39.149336138 ], [ 2.964064791, 39.14962454 ], [ 2.964319575, 39.14926417 ], [ 2.963926066, 39.149336138 ] ] ], [ [ [ 2.917662087, 39.156043905 ], [ 2.917604165, 39.15608892 ], [ 2.917662034, 39.156088961 ], [ 2.917662087, 39.156043905 ] ] ], [ [ [ 2.958906047, 39.16478871 ], [ 2.958963891, 39.164842798 ], [ 2.958963917, 39.164797742 ], [ 2.958906047, 39.16478871 ] ] ], [ [ [ 2.961921496, 39.175296765 ], [ 2.961817353, 39.175206619 ], [ 2.961724673, 39.175323734 ], [ 2.961921496, 39.175296765 ] ] ], [ [ [ 2.966054365, 39.175514316 ], [ 2.955838105, 39.184044438 ], [ 2.969856949, 39.190068374 ], [ 2.966054365, 39.175514316 ] ] ], [ [ [ 2.965836654, 39.194698982 ], [ 2.965106891, 39.195131299 ], [ 2.964678238, 39.195500626 ], [ 2.965836654, 39.194698982 ] ] ], [ [ [ 2.916730556, 39.357005741 ], [ 2.91697462, 39.356735593 ], [ 2.916533464, 39.356816376 ], [ 2.916730556, 39.357005741 ] ] ], [ [ [ 2.705960377, 39.534297856 ], [ 2.706286463, 39.534235599 ], [ 2.705914173, 39.534216647 ], [ 2.705960377, 39.534297856 ] ] ], [ [ [ 2.706599055, 39.534614817 ], [ 2.707250775, 39.534598423 ], [ 2.706622745, 39.534515762 ], [ 2.706599055, 39.534614817 ] ] ], [ [ [ 2.615222546, 39.744376762 ], [ 2.615291723, 39.744530162 ], [ 2.615315567, 39.74444014 ], [ 2.615222546, 39.744376762 ] ] ], [ [ [ 2.616139491, 39.745298816 ], [ 2.615999282, 39.745325384 ], [ 2.616092605, 39.745334702 ], [ 2.616139491, 39.745298816 ] ] ], [ [ [ 2.619889376, 39.755330329 ], [ 2.619761317, 39.75526684 ], [ 2.619749545, 39.755284822 ], [ 2.619889376, 39.755330329 ] ] ], [ [ [ 2.631275206, 39.75890794 ], [ 2.631169518, 39.759024736 ], [ 2.6312864, 39.758998077 ], [ 2.631275206, 39.75890794 ] ] ], [ [ [ 2.642769691, 39.762016258 ], [ 2.642653181, 39.761970849 ], [ 2.642699412, 39.762061092 ], [ 2.642769691, 39.762016258 ] ] ], [ [ [ 2.645311227, 39.762699793 ], [ 2.645264992, 39.762609551 ], [ 2.645218109, 39.762645448 ], [ 2.645311227, 39.762699793 ] ] ], [ [ [ 2.649895589, 39.765750077 ], [ 2.649942699, 39.765669128 ], [ 2.649860746, 39.765713931 ], [ 2.649895589, 39.765750077 ] ] ], [ [ [ 2.650337506, 39.766093788 ], [ 2.65043118, 39.76604001 ], [ 2.650314475, 39.766030649 ], [ 2.650337506, 39.766093788 ] ] ], [ [ [ 2.65153672, 39.766755122 ], [ 2.651687589, 39.766935775 ], [ 2.651595186, 39.766737277 ], [ 2.65153672, 39.766755122 ] ] ], [ [ [ 2.651743696, 39.767386446 ], [ 2.651767546, 39.767287407 ], [ 2.651673963, 39.767323167 ], [ 2.651743696, 39.767386446 ] ] ], [ [ [ 2.652244192, 39.767694286 ], [ 2.652174593, 39.767603977 ], [ 2.65212762, 39.767657897 ], [ 2.652244192, 39.767694286 ] ] ], [ [ [ 2.652499645, 39.767974361 ], [ 2.652605221, 39.767875566 ], [ 2.652418098, 39.767938077 ], [ 2.652499645, 39.767974361 ] ] ], [ [ [ 2.65417684, 39.768790265 ], [ 2.654142579, 39.768636993 ], [ 2.654002158, 39.768699645 ], [ 2.65417684, 39.768790265 ] ] ], [ [ [ 2.710756941, 39.816301924 ], [ 2.70899839, 39.81772111 ], [ 2.709810245, 39.819155744 ], [ 2.710756941, 39.816301924 ] ] ], [ [ [ 2.848266007, 39.86865901 ], [ 2.848137368, 39.868667852 ], [ 2.848125496, 39.868748926 ], [ 2.848266007, 39.86865901 ] ] ], [ [ [ 2.933086731, 39.902687587 ], [ 2.933028029, 39.90290379 ], [ 2.933180127, 39.902885857 ], [ 2.933086731, 39.902687587 ] ] ], [ [ [ 2.965990588, 39.91054927 ], [ 2.965815118, 39.91049516 ], [ 2.965815061, 39.910612288 ], [ 2.965990588, 39.91054927 ] ] ], [ [ [ 2.965265091, 39.910774305 ], [ 2.965183247, 39.910666163 ], [ 2.965101303, 39.910756237 ], [ 2.965265091, 39.910774305 ] ] ], [ [ [ 2.963450699, 39.912530678 ], [ 2.963240102, 39.912521603 ], [ 2.963275178, 39.912566663 ], [ 2.963450699, 39.912530678 ] ] ], [ [ [ 2.978560071, 39.167172965 ], [ 2.974716154, 39.169415971 ], [ 2.978049975, 39.169623908 ], [ 2.978560071, 39.167172965 ] ] ], [ [ [ 2.970535186, 39.17426299 ], [ 2.970546714, 39.174380138 ], [ 2.970581463, 39.174335091 ], [ 2.970535186, 39.17426299 ] ] ], [ [ [ 2.974046527, 39.195890582 ], [ 2.971081195, 39.197755183 ], [ 2.973431889, 39.198215313 ], [ 2.974046527, 39.195890582 ] ] ], [ [ [ 2.975133335, 39.200801884 ], [ 2.971334838, 39.200521661 ], [ 2.972087415, 39.201008445 ], [ 2.975133335, 39.200801884 ] ] ], [ [ [ 2.97533004, 39.201297538 ], [ 2.975167967, 39.201117281 ], [ 2.975086873, 39.201189352 ], [ 2.97533004, 39.201297538 ] ] ], [ [ [ 2.975932155, 39.201613054 ], [ 2.976186575, 39.202694441 ], [ 2.97739108, 39.202586549 ], [ 2.975932155, 39.201613054 ] ] ], [ [ [ 2.979394032, 39.204740581 ], [ 2.978745324, 39.205163986 ], [ 2.979347508, 39.205407395 ], [ 2.979394032, 39.204740581 ] ] ], [ [ [ 2.979798764, 39.206921342 ], [ 2.977968798, 39.206884963 ], [ 2.978593956, 39.2077952 ], [ 2.979798764, 39.206921342 ] ] ], [ [ [ 3.035603124, 39.279230928 ], [ 3.036762713, 39.279591005 ], [ 3.036205887, 39.278987448 ], [ 3.035603124, 39.279230928 ] ] ], [ [ [ 3.0103542, 39.298329924 ], [ 3.00936863, 39.299726683 ], [ 3.009902153, 39.300033006 ], [ 3.0103542, 39.298329924 ] ] ], [ [ [ 3.018902328, 39.30213141 ], [ 3.019273385, 39.301870036 ], [ 3.018821126, 39.302068348 ], [ 3.018902328, 39.30213141 ] ] ], [ [ [ 3.008742841, 39.303466216 ], [ 3.0082209, 39.303204941 ], [ 3.008186117, 39.303295051 ], [ 3.008742841, 39.303466216 ] ] ], [ [ [ 3.013927134, 39.303402635 ], [ 3.01370676, 39.303339586 ], [ 3.013776373, 39.303465729 ], [ 3.013927134, 39.303402635 ] ] ], [ [ [ 3.012036684, 39.303528997 ], [ 3.010610472, 39.305781836 ], [ 3.012570497, 39.305222971 ], [ 3.012036684, 39.303528997 ] ] ], [ [ [ 3.00192343, 39.310882417 ], [ 2.999800774, 39.310197614 ], [ 3.000276342, 39.311062649 ], [ 3.00192343, 39.310882417 ] ] ], [ [ [ 3.00673709, 39.310693009 ], [ 3.006679109, 39.310855207 ], [ 3.006945891, 39.310855191 ], [ 3.00673709, 39.310693009 ] ] ], [ [ [ 3.005322033, 39.311278785 ], [ 3.00498564, 39.311080562 ], [ 3.004776852, 39.31106255 ], [ 3.005322033, 39.311278785 ] ] ], [ [ [ 2.986600628, 39.31216118 ], [ 2.987516992, 39.312107218 ], [ 2.986496269, 39.311971941 ], [ 2.986600628, 39.31216118 ] ] ], [ [ [ 3.003361816, 39.31254938 ], [ 3.003477831, 39.312945852 ], [ 3.004081013, 39.313017918 ], [ 3.003361816, 39.31254938 ] ] ], [ [ [ 2.982516268, 39.317684247 ], [ 2.983014903, 39.318432216 ], [ 2.983281875, 39.317747436 ], [ 2.982516268, 39.317684247 ] ] ], [ [ [ 2.983570039, 39.325703995 ], [ 2.982270627, 39.325811932 ], [ 2.984207985, 39.32635286 ], [ 2.983570039, 39.325703995 ] ] ], [ [ [ 2.982908351, 39.327334849 ], [ 2.98300121, 39.327154647 ], [ 2.982873587, 39.327163639 ], [ 2.982908351, 39.327334849 ] ] ], [ [ [ 2.987838868, 39.329083563 ], [ 2.987873699, 39.328939395 ], [ 2.987641643, 39.329011456 ], [ 2.987838868, 39.329083563 ] ] ], [ [ [ 2.98891711, 39.334003535 ], [ 2.989775757, 39.333841422 ], [ 2.988487853, 39.333661087 ], [ 2.98891711, 39.334003535 ] ] ], [ [ [ 3.187660482, 39.754673449 ], [ 3.188337378, 39.754618289 ], [ 3.187694473, 39.754294969 ], [ 3.187660482, 39.754673449 ] ] ], [ [ [ 3.188665901, 39.755230441 ], [ 3.188537077, 39.755077479 ], [ 3.188362249, 39.755176875 ], [ 3.188665901, 39.755230441 ] ] ], [ [ [ 3.170208141, 39.83466449 ], [ 3.169767453, 39.83604366 ], [ 3.171682902, 39.835554288 ], [ 3.170208141, 39.83466449 ] ] ], [ [ [ 3.118790598, 39.86422725 ], [ 3.119187571, 39.863911496 ], [ 3.11908211, 39.863776456 ], [ 3.118790598, 39.86422725 ] ] ], [ [ [ 3.185903687, 39.86925633 ], [ 3.18606665, 39.868985771 ], [ 3.185774385, 39.869004262 ], [ 3.185903687, 39.86925633 ] ] ], [ [ [ 3.161908037, 39.873247828 ], [ 3.162201585, 39.873760979 ], [ 3.162328997, 39.873247238 ], [ 3.161908037, 39.873247828 ] ] ], [ [ [ 3.17732873, 39.881189881 ], [ 3.177024506, 39.881127279 ], [ 3.177177025, 39.881316252 ], [ 3.17732873, 39.881189881 ] ] ], [ [ [ 3.149743329, 39.919781972 ], [ 3.144261964, 39.922888328 ], [ 3.150107392, 39.920385158 ], [ 3.149743329, 39.919781972 ] ] ], [ [ [ 3.152676342, 39.923228897 ], [ 3.152735434, 39.923490104 ], [ 3.152782282, 39.923508062 ], [ 3.152676342, 39.923228897 ] ] ], [ [ [ 3.184146864, 39.937796958 ], [ 3.18402873, 39.937391705 ], [ 3.183713246, 39.937590422 ], [ 3.184146864, 39.937796958 ] ] ], [ [ [ 3.13168873, 39.944373735 ], [ 3.131399209, 39.945995828 ], [ 3.13237063, 39.94591363 ], [ 3.13168873, 39.944373735 ] ] ], [ [ [ 3.142784275, 39.949369986 ], [ 3.142878284, 39.949541056 ], [ 3.142913139, 39.949414875 ], [ 3.142784275, 39.949369986 ] ] ], [ [ [ 3.177581626, 39.951682306 ], [ 3.177733673, 39.951628014 ], [ 3.177546435, 39.951655331 ], [ 3.177581626, 39.951682306 ] ] ], [ [ [ 3.174783988, 39.951794684 ], [ 3.174947744, 39.951740378 ], [ 3.174865705, 39.951704463 ], [ 3.174783988, 39.951794684 ] ] ], [ [ [ 3.175744059, 39.951838279 ], [ 3.17587332, 39.952027288 ], [ 3.175990017, 39.951882954 ], [ 3.175744059, 39.951838279 ] ] ], [ [ [ 3.175229746, 39.952145391 ], [ 3.17525346, 39.952262483 ], [ 3.175264936, 39.952172367 ], [ 3.175229746, 39.952145391 ] ] ], [ [ [ 3.175710559, 39.952469014 ], [ 3.175546663, 39.952469263 ], [ 3.175570216, 39.952523286 ], [ 3.175710559, 39.952469014 ] ] ], [ [ [ 3.176500968, 39.954810353 ], [ 3.176442664, 39.95490054 ], [ 3.176559761, 39.954909371 ], [ 3.176500968, 39.954810353 ] ] ], [ [ [ 3.177052658, 39.955368116 ], [ 3.177040717, 39.955278037 ], [ 3.176982413, 39.955368224 ], [ 3.177052658, 39.955368116 ] ] ], [ [ [ 3.260226159, 39.40453625 ], [ 3.260994169, 39.404921982 ], [ 3.26028383, 39.404427993 ], [ 3.260226159, 39.40453625 ] ] ], [ [ [ 3.375423501, 39.565130566 ], [ 3.37570158, 39.564886391 ], [ 3.375364956, 39.565067683 ], [ 3.375423501, 39.565130566 ] ] ], [ [ [ 3.457649487, 39.703636623 ], [ 3.457474751, 39.703673351 ], [ 3.457592234, 39.703799027 ], [ 3.457649487, 39.703636623 ] ] ], [ [ [ 3.456731794, 39.704216875 ], [ 3.456626103, 39.704109172 ], [ 3.456544928, 39.704181571 ], [ 3.456731794, 39.704216875 ] ] ], [ [ [ 3.475497398, 39.708745615 ], [ 3.475611071, 39.708312669 ], [ 3.47530913, 39.708512126 ], [ 3.475497398, 39.708745615 ] ] ], [ [ [ 3.461125508, 39.721057175 ], [ 3.46109958, 39.720669849 ], [ 3.460961978, 39.721030795 ], [ 3.461125508, 39.721057175 ] ] ], [ [ [ 3.459239459, 39.72168634 ], [ 3.459120858, 39.721398489 ], [ 3.459039963, 39.721515939 ], [ 3.459239459, 39.72168634 ] ] ], [ [ [ 3.406029108, 39.770187276 ], [ 3.406914959, 39.76993189 ], [ 3.405734348, 39.769701771 ], [ 3.406029108, 39.770187276 ] ] ], [ [ [ 4.275387171, 39.809417731 ], [ 4.026472536, 39.919875724 ], [ 3.959380387, 39.938379365 ], [ 3.824033455, 39.921941238 ], [ 3.835955234, 40.002447285 ], [ 3.798903783, 39.99781641 ], [ 3.792141921, 40.019918355 ], [ 3.822352004, 40.051151199 ], [ 3.867340886, 40.058030605 ], [ 3.921267791, 40.045343285 ], [ 3.933945084, 40.062918288 ], [ 3.942062082, 40.056320694 ], [ 3.949314768, 40.05682906 ], [ 3.961540257, 40.060782441 ], [ 3.978731413, 40.051097476 ], [ 4.016172386, 40.055595132 ], [ 4.032115152, 40.065562679 ], [ 4.041056279, 40.055941799 ], [ 4.053725989, 40.051872136 ], [ 4.089462844, 40.06905562 ], [ 4.082104279, 40.08941348 ], [ 4.099022273, 40.085992943 ], [ 4.09249708, 40.074747952 ], [ 4.096419194, 40.06629627 ], [ 4.092239253, 40.063011301 ], [ 4.103360817, 40.044481979 ], [ 4.133527765, 40.0632456 ], [ 4.126597072, 40.026149759 ], [ 4.140810949, 40.035921022 ], [ 4.136546286, 40.067081026 ], [ 4.172528632, 40.060641345 ], [ 4.164484044, 40.057812479 ], [ 4.162822016, 40.047630646 ], [ 4.166329387, 40.04432503 ], [ 4.158486504, 40.044971263 ], [ 4.160800207, 40.033479287 ], [ 4.171083576, 40.036493035 ], [ 4.173921922, 40.033184924 ], [ 4.169030729, 40.030900984 ], [ 4.167974054, 40.0294161 ], [ 4.168879836, 40.026866342 ], [ 4.182234255, 40.021793706 ], [ 4.195306164, 40.032209451 ], [ 4.193190049, 40.023762515 ], [ 4.202884823, 40.018617016 ], [ 4.194107635, 40.009842655 ], [ 4.205282437, 39.993032564 ], [ 4.207555331, 40.013018665 ], [ 4.220457905, 39.996693633 ], [ 4.269853123, 39.996541415 ], [ 4.254850445, 39.992857698 ], [ 4.266174387, 39.981914527 ], [ 4.254766776, 39.963938773 ], [ 4.265467267, 39.949912184 ], [ 4.280661487, 39.949907658 ], [ 4.274343361, 39.933670339 ], [ 4.309712765, 39.880355481 ], [ 4.327784036, 39.876924854 ], [ 4.310346747, 39.870041492 ], [ 4.310279407, 39.878177814 ], [ 4.29611872, 39.891859918 ], [ 4.256542684, 39.897169118 ], [ 4.307592615, 39.864774933 ], [ 4.303767293, 39.831906009 ], [ 4.275387171, 39.809417731 ] ] ], [ [ [ 4.02999969, 39.915537832 ], [ 4.030005813, 39.916727053 ], [ 4.030332568, 39.916670092 ], [ 4.02999969, 39.915537832 ] ] ], [ [ [ 3.200177522, 39.956285457 ], [ 3.200130349, 39.956168411 ], [ 3.200142505, 39.956321557 ], [ 3.200177522, 39.956285457 ] ] ], [ [ [ 3.828934367, 39.993452066 ], [ 3.82857181, 39.993499706 ], [ 3.828946625, 39.993497026 ], [ 3.828934367, 39.993452066 ] ] ], [ [ [ 4.168930443, 40.029145183 ], [ 4.16905534, 40.028909681 ], [ 4.168822218, 40.028984108 ], [ 4.168930443, 40.029145183 ] ] ], [ [ [ 4.169515036, 40.030436621 ], [ 4.169325706, 40.030330421 ], [ 4.169246449, 40.030493388 ], [ 4.169515036, 40.030436621 ] ] ], [ [ [ 4.182411585, 40.032747212 ], [ 4.182494235, 40.032782406 ], [ 4.182481272, 40.032710464 ], [ 4.182411585, 40.032747212 ] ] ], [ [ [ 4.183017769, 40.033236534 ], [ 4.183089479, 40.033316886 ], [ 4.183087923, 40.033226808 ], [ 4.183017769, 40.033236534 ] ] ], [ [ [ 4.187595208, 40.035640224 ], [ 4.187690831, 40.035747355 ], [ 4.187725362, 40.035710964 ], [ 4.187595208, 40.035640224 ] ] ], [ [ [ 4.170608031, 40.036786139 ], [ 4.170773789, 40.036883566 ], [ 4.170808484, 40.036856187 ], [ 4.170608031, 40.036786139 ] ] ], [ [ [ 4.138896016, 40.038471464 ], [ 4.138758382, 40.038653003 ], [ 4.139015756, 40.038623446 ], [ 4.138896016, 40.038471464 ] ] ], [ [ [ 4.137083181, 40.04435432 ], [ 4.137630694, 40.04485347 ], [ 4.137669983, 40.043690884 ], [ 4.137083181, 40.04435432 ] ] ], [ [ [ 4.136980593, 40.048058152 ], [ 4.136174752, 40.047534504 ], [ 4.136781787, 40.04808713 ], [ 4.136980593, 40.048058152 ] ] ], [ [ [ 4.102904453, 40.047441375 ], [ 4.10290028, 40.047909898 ], [ 4.103092711, 40.04748463 ], [ 4.102904453, 40.047441375 ] ] ], [ [ [ 4.101119615, 40.049440388 ], [ 4.101104706, 40.049242325 ], [ 4.100884178, 40.049379559 ], [ 4.101119615, 40.049440388 ] ] ], [ [ [ 3.915124898, 40.050581444 ], [ 3.915097076, 40.051131241 ], [ 3.91558206, 40.050577831 ], [ 3.915124898, 40.050581444 ] ] ], [ [ [ 4.108253677, 40.051291389 ], [ 4.108043129, 40.05132043 ], [ 4.108268316, 40.051471436 ], [ 4.108253677, 40.051291389 ] ] ], [ [ [ 4.165081645, 40.052283781 ], [ 4.164894715, 40.052321697 ], [ 4.165035986, 40.052356315 ], [ 4.165081645, 40.052283781 ] ] ], [ [ [ 4.100634337, 40.052796456 ], [ 4.101289592, 40.052718159 ], [ 4.100348091, 40.052492857 ], [ 4.100634337, 40.052796456 ] ] ], [ [ [ 3.986039186, 40.05300856 ], [ 3.985640109, 40.052975918 ], [ 3.985558961, 40.053039675 ], [ 3.986039186, 40.05300856 ] ] ], [ [ [ 3.980089296, 40.05423028 ], [ 3.979876871, 40.054132974 ], [ 3.979925696, 40.054267702 ], [ 3.980089296, 40.05423028 ] ] ], [ [ [ 3.973717483, 40.054653406 ], [ 3.974347299, 40.054422875 ], [ 3.97375758, 40.05417557 ], [ 3.973717483, 40.054653406 ] ] ], [ [ [ 4.043943903, 40.055402276 ], [ 4.04468764, 40.055737925 ], [ 4.044554293, 40.055450829 ], [ 4.043943903, 40.055402276 ] ] ], [ [ [ 4.168336309, 40.056827726 ], [ 4.168091489, 40.057595984 ], [ 4.168826464, 40.057381357 ], [ 4.168336309, 40.056827726 ] ] ], [ [ [ 3.946722088, 40.05756203 ], [ 3.946907415, 40.057398345 ], [ 3.946731318, 40.057381766 ], [ 3.946722088, 40.05756203 ] ] ], [ [ [ 3.949001762, 40.057930776 ], [ 3.948939648, 40.057679021 ], [ 3.94881319, 40.057860246 ], [ 3.949001762, 40.057930776 ] ] ], [ [ [ 4.04150475, 40.057676567 ], [ 4.043335931, 40.058588045 ], [ 4.043817439, 40.057871971 ], [ 4.04150475, 40.057676567 ] ] ], [ [ [ 3.895082833, 40.059026783 ], [ 3.894896196, 40.059100301 ], [ 3.895106516, 40.059044619 ], [ 3.895082833, 40.059026783 ] ] ], [ [ [ 4.006862191, 40.05949639 ], [ 4.007243226, 40.059096665 ], [ 4.00664375, 40.058993763 ], [ 4.006862191, 40.05949639 ] ] ], [ [ [ 4.095233992, 40.059649614 ], [ 4.09503081, 40.059408283 ], [ 4.095188542, 40.059740137 ], [ 4.095233992, 40.059649614 ] ] ], [ [ [ 4.01949663, 40.059953486 ], [ 4.019782421, 40.060248279 ], [ 4.019978899, 40.060057353 ], [ 4.01949663, 40.059953486 ] ] ], [ [ [ 3.928554491, 40.06055612 ], [ 3.928423085, 40.060376984 ], [ 3.928354331, 40.060494658 ], [ 3.928554491, 40.06055612 ] ] ], [ [ [ 3.928667095, 40.061077764 ], [ 3.929167675, 40.060812475 ], [ 3.928686019, 40.060744263 ], [ 3.928667095, 40.061077764 ] ] ], [ [ [ 3.961579226, 40.0610524 ], [ 3.961357614, 40.061135324 ], [ 3.961592343, 40.061151394 ], [ 3.961579226, 40.0610524 ] ] ], [ [ [ 4.024902893, 40.062374344 ], [ 4.024845894, 40.06248296 ], [ 4.024950733, 40.062436986 ], [ 4.024902893, 40.062374344 ] ] ], [ [ [ 4.027117412, 40.063832262 ], [ 4.027442843, 40.06364018 ], [ 4.026832656, 40.063609553 ], [ 4.027117412, 40.063832262 ] ] ], [ [ [ 4.131918421, 40.063774855 ], [ 4.131429952, 40.064725599 ], [ 4.132217176, 40.06411429 ], [ 4.131918421, 40.063774855 ] ] ], [ [ [ 4.027219455, 40.064380927 ], [ 4.028372941, 40.065451812 ], [ 4.02840554, 40.065280345 ], [ 4.027219455, 40.064380927 ] ] ], [ [ [ 4.034802734, 40.065718888 ], [ 4.033787366, 40.065259469 ], [ 4.03361477, 40.065477233 ], [ 4.034802734, 40.065718888 ] ] ], [ [ [ 4.0317556, 40.066601954 ], [ 4.03119047, 40.069562044 ], [ 4.033219046, 40.068778175 ], [ 4.0317556, 40.066601954 ] ] ], [ [ [ 4.078293572, 40.070916889 ], [ 4.078320005, 40.071105837 ], [ 4.078459568, 40.071032463 ], [ 4.078293572, 40.070916889 ] ] ], [ [ [ 4.094934434, 40.073896107 ], [ 4.094712518, 40.073952258 ], [ 4.094970908, 40.073976846 ], [ 4.094934434, 40.073896107 ] ] ], [ [ [ 4.099608481, 40.084518859 ], [ 4.099302417, 40.084449687 ], [ 4.099280556, 40.084548997 ], [ 4.099608481, 40.084518859 ] ] ], [ [ [ 4.081741277, 40.089452909 ], [ 4.081485681, 40.089608456 ], [ 4.081788333, 40.089461479 ], [ 4.081741277, 40.089452909 ] ] ], [ [ [ 4.082259739, 40.089601224 ], [ 4.082036191, 40.089558266 ], [ 4.081990847, 40.089657793 ], [ 4.082259739, 40.089601224 ] ] ], [ [ [ 4.081242097, 40.089781909 ], [ 4.081400405, 40.090149815 ], [ 4.082816951, 40.089974414 ], [ 4.081242097, 40.089781909 ] ] ], [ [ [ 4.076202701, 40.090810879 ], [ 4.075487725, 40.094574428 ], [ 4.077524571, 40.092068906 ], [ 4.076202701, 40.090810879 ] ] ], [ [ [ 4.293021879, 39.799167948 ], [ 4.28881903, 39.803656436 ], [ 4.296129695, 39.800457726 ], [ 4.293021879, 39.799167948 ] ] ], [ [ [ 4.295415088, 39.802835244 ], [ 4.295323689, 39.802944379 ], [ 4.295568092, 39.802896605 ], [ 4.295415088, 39.802835244 ] ] ], [ [ [ 4.241740428, 39.813178968 ], [ 4.241910284, 39.812879833 ], [ 4.241487516, 39.812758217 ], [ 4.241740428, 39.813178968 ] ] ], [ [ [ 4.241429431, 39.813425554 ], [ 4.241355295, 39.813201104 ], [ 4.241274504, 39.813256026 ], [ 4.241429431, 39.813425554 ] ] ], [ [ [ 4.221308686, 39.821837663 ], [ 4.221454518, 39.824133592 ], [ 4.222827298, 39.8237948 ], [ 4.221308686, 39.821837663 ] ] ], [ [ [ 4.223429175, 39.824130828 ], [ 4.224230787, 39.823870112 ], [ 4.22402403, 39.823412798 ], [ 4.223429175, 39.824130828 ] ] ], [ [ [ 4.214000558, 39.825509132 ], [ 4.214366431, 39.826379244 ], [ 4.21462968, 39.825403448 ], [ 4.214000558, 39.825509132 ] ] ], [ [ [ 4.214577102, 39.827061775 ], [ 4.215103314, 39.8270833 ], [ 4.214402591, 39.826441933 ], [ 4.214577102, 39.827061775 ] ] ], [ [ [ 4.214984485, 39.827634132 ], [ 4.214736124, 39.827465546 ], [ 4.214904132, 39.827716059 ], [ 4.214984485, 39.827634132 ] ] ], [ [ [ 4.305930048, 39.878830446 ], [ 4.301688703, 39.875922974 ], [ 4.301553029, 39.881735587 ], [ 4.305930048, 39.878830446 ] ] ], [ [ [ 4.298320992, 39.881501489 ], [ 4.298371218, 39.882924419 ], [ 4.299241412, 39.881320014 ], [ 4.298320992, 39.881501489 ] ] ], [ [ [ 4.286996575, 39.885645779 ], [ 4.286926637, 39.88816019 ], [ 4.288795599, 39.886788042 ], [ 4.286996575, 39.885645779 ] ] ], [ [ [ 4.310699114, 39.888551939 ], [ 4.311534976, 39.888839811 ], [ 4.311350999, 39.888391418 ], [ 4.310699114, 39.888551939 ] ] ], [ [ [ 4.311673556, 39.889360792 ], [ 4.311798059, 39.889143159 ], [ 4.31137711, 39.889147914 ], [ 4.311673556, 39.889360792 ] ] ], [ [ [ 4.308638659, 39.892133903 ], [ 4.308837149, 39.891501007 ], [ 4.308346539, 39.891533565 ], [ 4.308638659, 39.892133903 ] ] ], [ [ [ 4.307611411, 39.895316793 ], [ 4.307543814, 39.895452695 ], [ 4.307729551, 39.895378528 ], [ 4.307611411, 39.895316793 ] ] ], [ [ [ 4.308274017, 39.897561681 ], [ 4.308194211, 39.897670693 ], [ 4.308452518, 39.897721838 ], [ 4.308274017, 39.897561681 ] ] ], [ [ [ 4.307117006, 39.89884504 ], [ 4.306919736, 39.898928346 ], [ 4.307145358, 39.899105994 ], [ 4.307117006, 39.89884504 ] ] ], [ [ [ 4.308176208, 39.899184476 ], [ 4.308034843, 39.899132013 ], [ 4.308047052, 39.899158903 ], [ 4.308176208, 39.899184476 ] ] ], [ [ [ 4.295346053, 39.903004186 ], [ 4.295142482, 39.902754194 ], [ 4.295205877, 39.90301476 ], [ 4.295346053, 39.903004186 ] ] ], [ [ [ 4.29661939, 39.904773834 ], [ 4.296356991, 39.904506483 ], [ 4.296241222, 39.904570841 ], [ 4.29661939, 39.904773834 ] ] ], [ [ [ 4.295966538, 39.907997483 ], [ 4.296028415, 39.908176981 ], [ 4.296073163, 39.908068368 ], [ 4.295966538, 39.907997483 ] ] ], [ [ [ 4.294101567, 39.908982295 ], [ 4.293987483, 39.909136727 ], [ 4.294126824, 39.909081117 ], [ 4.294101567, 39.908982295 ] ] ], [ [ [ 4.291064422, 39.911718936 ], [ 4.291160196, 39.911834993 ], [ 4.291193765, 39.911753535 ], [ 4.291064422, 39.911718936 ] ] ], [ [ [ 4.29167554, 39.911865297 ], [ 4.29153856, 39.912047009 ], [ 4.291923885, 39.912006684 ], [ 4.29167554, 39.911865297 ] ] ], [ [ [ 4.290310238, 39.911430012 ], [ 4.289587816, 39.912834498 ], [ 4.29071737, 39.912551661 ], [ 4.290310238, 39.911430012 ] ] ], [ [ [ 4.294538274, 39.916022774 ], [ 4.294044089, 39.915875126 ], [ 4.293742153, 39.915995613 ], [ 4.294538274, 39.916022774 ] ] ], [ [ [ 4.294214469, 39.916224591 ], [ 4.294089185, 39.916406175 ], [ 4.294240239, 39.916350434 ], [ 4.294214469, 39.916224591 ] ] ], [ [ [ 4.293385795, 39.91633293 ], [ 4.293272545, 39.916532398 ], [ 4.293435297, 39.916476528 ], [ 4.293385795, 39.91633293 ] ] ], [ [ [ 4.289699702, 39.918175815 ], [ 4.28953745, 39.918258702 ], [ 4.289747846, 39.918247355 ], [ 4.289699702, 39.918175815 ] ] ], [ [ [ 4.286688816, 39.92047058 ], [ 4.28672644, 39.920605303 ], [ 4.286829535, 39.920487038 ], [ 4.286688816, 39.92047058 ] ] ], [ [ [ 4.287415692, 39.921795902 ], [ 4.287205958, 39.921843275 ], [ 4.287394319, 39.921904251 ], [ 4.287415692, 39.921795902 ] ] ], [ [ [ 4.28535707, 39.923089037 ], [ 4.28524227, 39.92320743 ], [ 4.285382152, 39.923178853 ], [ 4.28535707, 39.923089037 ] ] ], [ [ [ 4.287601749, 39.926730957 ], [ 4.287641121, 39.926334109 ], [ 4.287456967, 39.926498321 ], [ 4.287601749, 39.926730957 ] ] ], [ [ [ 4.282150511, 39.929340951 ], [ 4.281469222, 39.929204327 ], [ 4.282174751, 39.92938573 ], [ 4.282150511, 39.929340951 ] ] ], [ [ [ 4.281014433, 39.929290431 ], [ 4.281321993, 39.929467223 ], [ 4.281378981, 39.92938551 ], [ 4.281014433, 39.929290431 ] ] ], [ [ [ 4.275409147, 39.935604647 ], [ 4.275504595, 39.9357027 ], [ 4.275607564, 39.935575438 ], [ 4.275409147, 39.935604647 ] ] ], [ [ [ 4.279760746, 39.951196917 ], [ 4.280082859, 39.950265405 ], [ 4.279469618, 39.950650559 ], [ 4.279760746, 39.951196917 ] ] ], [ [ [ 4.28422666, 39.960274001 ], [ 4.273530108, 39.964292926 ], [ 4.277977669, 39.966721584 ], [ 4.28422666, 39.960274001 ] ] ], [ [ [ 4.273480958, 39.963536684 ], [ 4.273127109, 39.963396418 ], [ 4.273167905, 39.963702287 ], [ 4.273480958, 39.963536684 ] ] ], [ [ [ 4.258385394, 39.999107881 ], [ 4.258067516, 39.999021235 ], [ 4.258034197, 39.999120699 ], [ 4.258385394, 39.999107881 ] ] ], [ [ [ 4.255659281, 39.999930243 ], [ 4.255778547, 40.000046074 ], [ 4.255894515, 39.999981753 ], [ 4.255659281, 39.999930243 ] ] ], [ [ [ 4.252424863, 40.000505768 ], [ 4.252073657, 40.000518568 ], [ 4.252437233, 40.000541672 ], [ 4.252424863, 40.000505768 ] ] ], [ [ [ 4.251306681, 40.001499855 ], [ 4.251202912, 40.001591068 ], [ 4.251343462, 40.001589552 ], [ 4.251306681, 40.001499855 ] ] ], [ [ [ 4.250164602, 40.001827496 ], [ 4.250201875, 40.001944217 ], [ 4.250576677, 40.001940177 ], [ 4.250164602, 40.001827496 ] ] ], [ [ [ 4.19891279, 40.006576677 ], [ 4.199576003, 40.00698424 ], [ 4.199743985, 40.006541042 ], [ 4.19891279, 40.006576677 ] ] ], [ [ [ 4.204088562, 40.013766495 ], [ 4.204397736, 40.014691243 ], [ 4.205317036, 40.013663624 ], [ 4.204088562, 40.013766495 ] ] ], [ [ [ 4.212282237, 40.014627011 ], [ 4.213272352, 40.014959 ], [ 4.212208761, 40.014447593 ], [ 4.212282237, 40.014627011 ] ] ], [ [ [ 4.210937562, 40.014785225 ], [ 4.210740475, 40.014904407 ], [ 4.21093963, 40.014902325 ], [ 4.210937562, 40.014785225 ] ] ], [ [ [ 4.204026021, 40.014875294 ], [ 4.203889871, 40.015128971 ], [ 4.204155836, 40.014928001 ], [ 4.204026021, 40.014875294 ] ] ], [ [ [ 4.212546659, 40.015002636 ], [ 4.212349096, 40.015094797 ], [ 4.212559011, 40.015038544 ], [ 4.212546659, 40.015002636 ] ] ], [ [ [ 4.210352289, 40.01481837 ], [ 4.21038708, 40.018115424 ], [ 4.212743342, 40.018171864 ], [ 4.210352289, 40.01481837 ] ] ], [ [ [ 4.210196401, 40.019261602 ], [ 4.210292354, 40.01938673 ], [ 4.210314672, 40.019323432 ], [ 4.210196401, 40.019261602 ] ] ], [ [ [ 4.210646433, 40.02019387 ], [ 4.208368257, 40.021911411 ], [ 4.20873432, 40.02206976 ], [ 4.210646433, 40.02019387 ] ] ], [ [ [ 4.201122068, 40.022338143 ], [ 4.201228778, 40.022409111 ], [ 4.201144237, 40.022265839 ], [ 4.201122068, 40.022338143 ] ] ], [ [ [ 4.194556616, 40.024847566 ], [ 4.194452736, 40.024938731 ], [ 4.194593337, 40.024937281 ], [ 4.194556616, 40.024847566 ] ] ], [ [ [ 4.195984475, 40.03011229 ], [ 4.195819641, 40.030068945 ], [ 4.195831988, 40.030104855 ], [ 4.195984475, 40.03011229 ] ] ], [ [ [ 4.187960673, 40.035762606 ], [ 4.188055985, 40.035851722 ], [ 4.188067078, 40.035815571 ], [ 4.187960673, 40.035762606 ] ] ] ] } },
{ "type": "Feature", "properties": { "INSPIREID": "ES.IGN.BDDAE.34060000000", "COUNTRY": "ES", "NATLEV": "https://inspire.ec.europa.eu/codelist/AdministrativeHierarchyLevel/2ndOrder", "NATLEVNAME": "Comunidad autónoma", "NATCODE": "34060000000", "NAMEUNIT": "Cantabria", "CODNUT1": "ES1", "CODNUT2": "ES13", "CODNUT3": null }, "geometry": { "type": "MultiPolygon", "coordinates": [ [ [ [ -4.143907026, 42.868854697 ], [ -4.213975876, 42.847313172 ], [ -4.238323669, 42.95415525 ], [ -4.347977019, 42.972391446 ], [ -4.398101221, 43.03500984 ], [ -4.447555556, 43.058365722 ], [ -4.462069041, 43.060988881 ], [ -4.475346404, 43.038680467 ], [ -4.521247408, 43.047532527 ], [ -4.559373764, 43.019227335 ], [ -4.606641048, 43.035571982 ], [ -4.639508686, 43.016363955 ], [ -4.737845469, 43.020944068 ], [ -4.740053244, 43.053168088 ], [ -4.766054276, 43.055284064 ], [ -4.766860471, 43.074688377 ], [ -4.833214763, 43.101903666 ], [ -4.851425504, 43.125944856 ], [ -4.834566521, 43.157462656 ], [ -4.851658502, 43.173584772 ], [ -4.778994755, 43.192081755 ], [ -4.738032321, 43.186363692 ], [ -4.721011425, 43.229511499 ], [ -4.730944651, 43.257335754 ], [ -4.631567048, 43.267083472 ], [ -4.607564599, 43.298633084 ], [ -4.551762989, 43.286721678 ], [ -4.547374004, 43.268979385 ], [ -4.523512984, 43.278170094 ], [ -4.522482585, 43.33569854 ], [ -4.539919773, 43.35606501 ], [ -4.511498674, 43.393658604 ], [ -4.389355599, 43.389920948 ], [ -4.340664908, 43.405872011 ], [ -4.328020164, 43.391252228 ], [ -4.280254159, 43.387996522 ], [ -4.175226484, 43.401053721 ], [ -4.081231892, 43.438322105 ], [ -3.978685993, 43.440875312 ], [ -3.957098093, 43.455816515 ], [ -3.945544846, 43.471148366 ], [ -3.942847341, 43.469414763 ], [ -3.935898734, 43.470192236 ], [ -3.933297252, 43.468250513 ], [ -3.90643932, 43.477840441 ], [ -3.894935084, 43.470826417 ], [ -3.842707439, 43.483991806 ], [ -3.838659666, 43.478348575 ], [ -3.811566056, 43.494932587 ], [ -3.785203631, 43.491766321 ], [ -3.784884935, 43.476712511 ], [ -3.775476217, 43.470058705 ], [ -3.763286209, 43.467195612 ], [ -3.80174799, 43.461495007 ], [ -3.814332108, 43.449474831 ], [ -3.825337526, 43.451674261 ], [ -3.815153534, 43.437006375 ], [ -3.830686058, 43.43515688 ], [ -3.803718282, 43.426362502 ], [ -3.82894541, 43.408003923 ], [ -3.810126351, 43.393669595 ], [ -3.766541517, 43.406029993 ], [ -3.80712557, 43.396267946 ], [ -3.81531473, 43.407559631 ], [ -3.779136638, 43.420966991 ], [ -3.791278648, 43.432212033 ], [ -3.77604055, 43.449424907 ], [ -3.755927335, 43.448145042 ], [ -3.757217185, 43.430631424 ], [ -3.736434, 43.431511983 ], [ -3.72649289, 43.442418601 ], [ -3.716768758, 43.422374166 ], [ -3.71569843, 43.421806343 ], [ -3.71184463, 43.422594771 ], [ -3.714168851, 43.420102281 ], [ -3.709374213, 43.41126063 ], [ -3.711659451, 43.422605823 ], [ -3.726205851, 43.44342713 ], [ -3.752471024, 43.435516088 ], [ -3.746307912, 43.451872769 ], [ -3.777179032, 43.458214922 ], [ -3.734618317, 43.459277862 ], [ -3.723280252, 43.473577128 ], [ -3.681143075, 43.478057276 ], [ -3.644810498, 43.49873368 ], [ -3.633371223, 43.49660901 ], [ -3.611800732, 43.499183831 ], [ -3.589366864, 43.513653871 ], [ -3.578457106, 43.506502135 ], [ -3.546344126, 43.507707039 ], [ -3.539034776, 43.49370091 ], [ -3.530106117, 43.492412425 ], [ -3.526079552, 43.496183039 ], [ -3.513071439, 43.492219479 ], [ -3.514747529, 43.479369178 ], [ -3.493795499, 43.470535237 ], [ -3.430883719, 43.461995332 ], [ -3.429783935, 43.441009964 ], [ -3.464967993, 43.444601091 ], [ -3.491682256, 43.424796655 ], [ -3.463569211, 43.431280039 ], [ -3.464720287, 43.403937578 ], [ -3.450050584, 43.436061069 ], [ -3.424931754, 43.413203923 ], [ -3.337379634, 43.41265645 ], [ -3.323270784, 43.419072197 ], [ -3.320764211, 43.402789953 ], [ -3.222479581, 43.394458634 ], [ -3.225775164, 43.387392639 ], [ -3.211891288, 43.374839696 ], [ -3.150758775, 43.348714952 ], [ -3.157326504, 43.301319601 ], [ -3.209449053, 43.283606765 ], [ -3.332405267, 43.301878046 ], [ -3.33858411, 43.278060889 ], [ -3.450147105, 43.236207793 ], [ -3.417608303, 43.13331769 ], [ -3.603186248, 43.149764761 ], [ -3.612593267, 43.169573077 ], [ -3.649503844, 43.179842048 ], [ -3.703505387, 43.116723176 ], [ -3.754946286, 43.100663837 ], [ -3.758128296, 43.083668579 ], [ -3.847012846, 43.08442112 ], [ -3.831769023, 43.063826327 ], [ -3.850785688, 43.039247517 ], [ -3.89086808, 43.041928879 ], [ -3.956088113, 42.997962595 ], [ -3.99057831, 42.930610471 ], [ -3.97434274, 42.912154252 ], [ -3.929986958, 42.914849279 ], [ -3.933543075, 42.899601666 ], [ -3.867094526, 42.954829361 ], [ -3.83066732, 42.930131794 ], [ -3.86561738, 42.899315031 ], [ -3.908670613, 42.914992107 ], [ -3.892205466, 42.887044245 ], [ -3.924105715, 42.888911413 ], [ -3.896927156, 42.881608179 ], [ -3.91395837, 42.860242153 ], [ -3.879958153, 42.851121206 ], [ -3.863823445, 42.88963469 ], [ -3.826191393, 42.871021688 ], [ -3.823556426, 42.798859665 ], [ -3.86337477, 42.786458379 ], [ -3.89444605, 42.804537662 ], [ -3.910952696, 42.768385671 ], [ -3.978884661, 42.758081285 ], [ -3.99965179, 42.768978796 ], [ -4.007441107, 42.831112204 ], [ -4.014182907, 42.80637743 ], [ -4.050216651, 42.779801303 ], [ -4.046112067, 42.766800545 ], [ -4.081458376, 42.761622812 ], [ -4.098541438, 42.791290302 ], [ -4.150543072, 42.789408985 ], [ -4.182503262, 42.810433943 ], [ -4.185869764, 42.817183668 ], [ -4.178730925, 42.826129333 ], [ -4.14068392, 42.829104621 ], [ -4.12813602, 42.846252402 ], [ -4.143907026, 42.868854697 ] ], [ [ -4.179810517, 42.823263558 ], [ -4.175206674, 42.811811227 ], [ -4.160418457, 42.815176933 ], [ -4.161588903, 42.820331367 ], [ -4.179810517, 42.823263558 ] ], [ [ -4.101571902, 42.79373494 ], [ -4.091927288, 42.821092566 ], [ -4.112633546, 42.822215188 ], [ -4.101571902, 42.79373494 ] ] ], [ [ [ -4.463727362, 43.393348218 ], [ -4.463936254, 43.393301081 ], [ -4.463771565, 43.39349587 ], [ -4.463727362, 43.393348218 ] ] ], [ [ [ -4.389848268, 43.394732303 ], [ -4.389987348, 43.394874684 ], [ -4.389742103, 43.394949697 ], [ -4.389848268, 43.394732303 ] ] ], [ [ [ -4.389481838, 43.394907834 ], [ -4.389074262, 43.394903777 ], [ -4.389490688, 43.394754653 ], [ -4.389481838, 43.394907834 ] ] ], [ [ [ -4.484327259, 43.395427945 ], [ -4.482706975, 43.396331375 ], [ -4.482037364, 43.395709745 ], [ -4.484327259, 43.395427945 ] ] ], [ [ [ -4.475772469, 43.395821903 ], [ -4.476397044, 43.395873133 ], [ -4.476118083, 43.396103998 ], [ -4.475772469, 43.395821903 ] ] ], [ [ [ -4.500805852, 43.396176481 ], [ -4.499802002, 43.397531286 ], [ -4.499250688, 43.396205871 ], [ -4.500805852, 43.396176481 ] ] ], [ [ [ -4.021852667, 43.450546782 ], [ -4.021467828, 43.451180534 ], [ -4.020827295, 43.450573948 ], [ -4.021852667, 43.450546782 ] ] ], [ [ [ -4.015736715, 43.452141036 ], [ -4.016135633, 43.452344595 ], [ -4.015702352, 43.452303422 ], [ -4.015736715, 43.452141036 ] ] ], [ [ [ -4.021363334, 43.452316033 ], [ -4.022142487, 43.45234509 ], [ -4.021030731, 43.452382035 ], [ -4.021363334, 43.452316033 ] ] ], [ [ [ -4.013901849, 43.452544514 ], [ -4.01309298, 43.452956886 ], [ -4.013194137, 43.452352689 ], [ -4.013901849, 43.452544514 ] ] ], [ [ [ -4.015939558, 43.453183755 ], [ -4.016143017, 43.45278575 ], [ -4.016173308, 43.453118647 ], [ -4.015939558, 43.453183755 ] ] ], [ [ [ -4.021701239, 43.452565141 ], [ -4.026443609, 43.45307195 ], [ -4.020963851, 43.452814847 ], [ -4.021701239, 43.452565141 ] ] ], [ [ [ -3.952309699, 43.462600915 ], [ -3.952388099, 43.462870398 ], [ -3.952053096, 43.462792148 ], [ -3.952309699, 43.462600915 ] ] ], [ [ [ -3.947580094, 43.470050965 ], [ -3.947925244, 43.469985071 ], [ -3.947694164, 43.47023011 ], [ -3.947580094, 43.470050965 ] ] ], [ [ [ -3.942787576, 43.470342724 ], [ -3.942031055, 43.470988285 ], [ -3.941851557, 43.470575555 ], [ -3.942787576, 43.470342724 ] ] ], [ [ [ -3.946598021, 43.470500325 ], [ -3.946094687, 43.470729606 ], [ -3.946188811, 43.470422673 ], [ -3.946598021, 43.470500325 ] ] ], [ [ [ -3.938617044, 43.47168271 ], [ -3.938723708, 43.471384684 ], [ -3.93883859, 43.471617859 ], [ -3.938617044, 43.47168271 ] ] ], [ [ [ -3.9394712, 43.472549134 ], [ -3.9393506, 43.47194682 ], [ -3.939675088, 43.472142253 ], [ -3.9394712, 43.472549134 ] ] ], [ [ [ -3.933974329, 43.472882332 ], [ -3.932867512, 43.473269562 ], [ -3.932834205, 43.472711552 ], [ -3.933974329, 43.472882332 ] ] ], [ [ [ -3.79494131, 43.418427472 ], [ -3.794972602, 43.417986021 ], [ -3.795419286, 43.418136011 ], [ -3.79494131, 43.418427472 ] ] ], [ [ [ -3.792341747, 43.430349732 ], [ -3.791569182, 43.429850787 ], [ -3.792390228, 43.43027736 ], [ -3.792341747, 43.430349732 ] ] ], [ [ [ -3.796696526, 43.43359735 ], [ -3.796995299, 43.433766362 ], [ -3.796698767, 43.433768425 ], [ -3.796696526, 43.43359735 ] ] ], [ [ [ -3.768504108, 43.464306383 ], [ -3.768431876, 43.464459946 ], [ -3.768283761, 43.464478944 ], [ -3.768504108, 43.464306383 ] ] ], [ [ [ -3.771975305, 43.465057567 ], [ -3.770230755, 43.465924708 ], [ -3.77014319, 43.46584425 ], [ -3.771975305, 43.465057567 ] ] ], [ [ [ -3.776945759, 43.472813264 ], [ -3.777501546, 43.472764488 ], [ -3.777551463, 43.47280017 ], [ -3.776945759, 43.472813264 ] ] ], [ [ [ -3.754607254, 43.473177952 ], [ -3.756543199, 43.472751031 ], [ -3.756844874, 43.473145257 ], [ -3.754607254, 43.473177952 ] ] ], [ [ [ -3.932465405, 43.47284963 ], [ -3.931870977, 43.473592852 ], [ -3.931634289, 43.473477722 ], [ -3.932465405, 43.47284963 ] ] ], [ [ [ -3.919931983, 43.473914689 ], [ -3.918304587, 43.474224927 ], [ -3.920163053, 43.4736607 ], [ -3.919931983, 43.473914689 ] ] ], [ [ [ -3.926520805, 43.473825446 ], [ -3.925995938, 43.474270923 ], [ -3.925536864, 43.474166587 ], [ -3.926520805, 43.473825446 ] ] ], [ [ [ -3.924364039, 43.474284134 ], [ -3.924646464, 43.474155785 ], [ -3.924600305, 43.474372268 ], [ -3.924364039, 43.474284134 ] ] ], [ [ [ -3.917215586, 43.474981052 ], [ -3.916630986, 43.474751624 ], [ -3.917873792, 43.474354452 ], [ -3.917215586, 43.474981052 ] ] ], [ [ [ -3.916059712, 43.475404534 ], [ -3.914566622, 43.475605588 ], [ -3.916534122, 43.474887469 ], [ -3.916059712, 43.475404534 ] ] ], [ [ [ -3.913906062, 43.47607911 ], [ -3.914095987, 43.476374742 ], [ -3.913710283, 43.476215744 ], [ -3.913906062, 43.47607911 ] ] ], [ [ [ -3.917408976, 43.477140598 ], [ -3.917574576, 43.476644017 ], [ -3.917847932, 43.476731867 ], [ -3.917408976, 43.477140598 ] ] ], [ [ [ -3.779784613, 43.485878007 ], [ -3.779316314, 43.486007244 ], [ -3.779783106, 43.485760956 ], [ -3.779784613, 43.485878007 ] ] ], [ [ [ -3.829947053, 43.487759006 ], [ -3.829617353, 43.488067558 ], [ -3.829503715, 43.487897292 ], [ -3.829947053, 43.487759006 ] ] ], [ [ [ -3.813069126, 43.494489685 ], [ -3.813047652, 43.494732966 ], [ -3.812873658, 43.494671169 ], [ -3.813069126, 43.494489685 ] ] ], [ [ [ -3.727457381, 43.471344655 ], [ -3.731495575, 43.474020472 ], [ -3.729066938, 43.476674256 ], [ -3.727457381, 43.471344655 ] ] ], [ [ [ -3.753610824, 43.473589691 ], [ -3.753871361, 43.473660024 ], [ -3.753859669, 43.473714129 ], [ -3.753610824, 43.473589691 ] ] ], [ [ [ -3.675900707, 43.483661993 ], [ -3.675802583, 43.483734605 ], [ -3.675814248, 43.483671505 ], [ -3.675900707, 43.483661993 ] ] ], [ [ [ -3.674921557, 43.484577196 ], [ -3.675147044, 43.484837006 ], [ -3.674725704, 43.484758434 ], [ -3.674921557, 43.484577196 ] ] ], [ [ [ -3.672897247, 43.486038773 ], [ -3.672674955, 43.486067086 ], [ -3.672797321, 43.485949312 ], [ -3.672897247, 43.486038773 ] ] ], [ [ [ -3.672454258, 43.486239461 ], [ -3.672431718, 43.486437693 ], [ -3.672294992, 43.486375459 ], [ -3.672454258, 43.486239461 ] ] ], [ [ [ -3.530939482, 43.49323699 ], [ -3.530910194, 43.492714868 ], [ -3.531173209, 43.493091841 ], [ -3.530939482, 43.49323699 ] ] ], [ [ [ -3.655317353, 43.493469806 ], [ -3.655080618, 43.493309071 ], [ -3.655376861, 43.493253359 ], [ -3.655317353, 43.493469806 ] ] ], [ [ [ -3.655227441, 43.494307738 ], [ -3.655067823, 43.4944167 ], [ -3.655139409, 43.494173171 ], [ -3.655227441, 43.494307738 ] ] ], [ [ [ -3.654029982, 43.494521645 ], [ -3.653791115, 43.494162819 ], [ -3.654024942, 43.494053438 ], [ -3.654029982, 43.494521645 ] ] ], [ [ [ -3.521705276, 43.495233168 ], [ -3.521538294, 43.495954278 ], [ -3.521239223, 43.495694504 ], [ -3.521705276, 43.495233168 ] ] ], [ [ [ -3.527567618, 43.495197447 ], [ -3.528202028, 43.497040444 ], [ -3.526735008, 43.496173737 ], [ -3.527567618, 43.495197447 ] ] ], [ [ [ -3.524836752, 43.496929774 ], [ -3.525042821, 43.496442596 ], [ -3.525219549, 43.496855993 ], [ -3.524836752, 43.496929774 ] ] ], [ [ [ -3.630684241, 43.497524191 ], [ -3.630637008, 43.497740557 ], [ -3.630599715, 43.497722752 ], [ -3.630684241, 43.497524191 ] ] ], [ [ [ -3.628298215, 43.497645279 ], [ -3.628459379, 43.497680418 ], [ -3.628323697, 43.497717176 ], [ -3.628298215, 43.497645279 ] ] ], [ [ [ -3.631007695, 43.497702511 ], [ -3.630973859, 43.498017853 ], [ -3.630912016, 43.498018192 ], [ -3.631007695, 43.497702511 ] ] ], [ [ [ -3.630059319, 43.498094891 ], [ -3.630475281, 43.497651397 ], [ -3.630512761, 43.49768721 ], [ -3.630059319, 43.498094891 ] ] ], [ [ [ -3.524758244, 43.497866591 ], [ -3.524785309, 43.4981366 ], [ -3.524561977, 43.498056578 ], [ -3.524758244, 43.497866591 ] ] ], [ [ [ -3.623764768, 43.49823721 ], [ -3.623855044, 43.4985969 ], [ -3.623768371, 43.498588365 ], [ -3.623764768, 43.49823721 ] ] ], [ [ [ -3.573892266, 43.507482918 ], [ -3.574005051, 43.507635432 ], [ -3.573745777, 43.50769075 ], [ -3.573892266, 43.507482918 ] ] ], [ [ [ -3.305738926, 43.253324198 ], [ -3.249176449, 43.259649859 ], [ -3.27079468, 43.230134076 ], [ -3.265649913, 43.206014448 ], [ -3.284817865, 43.197172633 ], [ -3.305738926, 43.253324198 ] ] ], [ [ [ -3.21901921, 43.386730363 ], [ -3.218376525, 43.38654249 ], [ -3.219093063, 43.386667191 ], [ -3.21901921, 43.386730363 ] ] ], [ [ [ -3.246872458, 43.398893144 ], [ -3.247046213, 43.399108881 ], [ -3.246848268, 43.39901926 ], [ -3.246872458, 43.398893144 ] ] ], [ [ [ -3.247663874, 43.399161581 ], [ -3.247417079, 43.399207135 ], [ -3.247416897, 43.399162112 ], [ -3.247663874, 43.399161581 ] ] ], [ [ [ -3.256002591, 43.402871227 ], [ -3.256844517, 43.403382612 ], [ -3.255286389, 43.402890827 ], [ -3.256002591, 43.402871227 ] ] ], [ [ [ -3.313575429, 43.404961869 ], [ -3.312978568, 43.406584316 ], [ -3.312234468, 43.405983032 ], [ -3.313575429, 43.404961869 ] ] ], [ [ [ -3.315236734, 43.406199959 ], [ -3.315350625, 43.406730916 ], [ -3.315103107, 43.406632544 ], [ -3.315236734, 43.406199959 ] ] ], [ [ [ -3.314757991, 43.406768558 ], [ -3.314684862, 43.406957854 ], [ -3.314610018, 43.406813985 ], [ -3.314757991, 43.406768558 ] ] ], [ [ [ -3.293307891, 43.407356507 ], [ -3.293049092, 43.407474225 ], [ -3.293023615, 43.407312208 ], [ -3.293307891, 43.407356507 ] ] ], [ [ [ -3.419848233, 43.413987955 ], [ -3.419801672, 43.414402335 ], [ -3.419688034, 43.414042566 ], [ -3.419848233, 43.413987955 ] ] ], [ [ [ -3.334688486, 43.415194597 ], [ -3.335084689, 43.41536453 ], [ -3.334627267, 43.415293825 ], [ -3.334688486, 43.415194597 ] ] ], [ [ [ -3.409076156, 43.417493473 ], [ -3.408849899, 43.41690898 ], [ -3.409162321, 43.417448144 ], [ -3.409076156, 43.417493473 ] ] ], [ [ [ -3.405766653, 43.417360923 ], [ -3.404793569, 43.417676134 ], [ -3.404707203, 43.417551725 ], [ -3.405766653, 43.417360923 ] ] ], [ [ [ -3.409335976, 43.417555582 ], [ -3.409819709, 43.417851013 ], [ -3.409163225, 43.41758321 ], [ -3.409335976, 43.417555582 ] ] ], [ [ [ -3.410232051, 43.418551901 ], [ -3.410068146, 43.418057234 ], [ -3.410501568, 43.418217772 ], [ -3.410232051, 43.418551901 ] ] ], [ [ [ -3.500758887, 43.474877132 ], [ -3.500612148, 43.475075869 ], [ -3.500574465, 43.475003997 ], [ -3.500758887, 43.474877132 ] ] ], [ [ [ -3.499843267, 43.476303815 ], [ -3.499506998, 43.476008128 ], [ -3.499891542, 43.476159534 ], [ -3.499843267, 43.476303815 ] ] ], [ [ [ -3.503399374, 43.477206772 ], [ -3.502905543, 43.477298975 ], [ -3.502855417, 43.477218154 ], [ -3.503399374, 43.477206772 ] ] ], [ [ [ -3.509171243, 43.47838798 ], [ -3.50909382, 43.478001132 ], [ -3.509392526, 43.478233925 ], [ -3.509171243, 43.47838798 ] ] ], [ [ [ -3.509713627, 43.478187482 ], [ -3.509937244, 43.478312553 ], [ -3.509764366, 43.478340333 ], [ -3.509713627, 43.478187482 ] ] ], [ [ [ -3.50841798, 43.478508368 ], [ -3.508543957, 43.478786949 ], [ -3.508333081, 43.478706841 ], [ -3.50841798, 43.478508368 ] ] ] ] } },
{ "type": "Feature", "properties": { "INSPIREID": "ES.IGN.BDDAE.34070000000", "COUNTRY": "ES", "NATLEV": "https://inspire.ec.europa.eu/codelist/AdministrativeHierarchyLevel/2ndOrder", "NATLEVNAME": "Comunidad autónoma", "NATCODE": "34070000000", "NAMEUNIT": "Castilla y León", "CODNUT1": "ES4", "CODNUT2": "ES41", "CODNUT3": null }, "geometry": { "type": "MultiPolygon", "coordinates": [ [ [ [ -6.862328128, 40.278075346 ], [ -6.861383475, 40.299609201 ], [ -6.794114469, 40.328399896 ], [ -6.780986003, 40.364327112 ], [ -6.834472087, 40.407702862 ], [ -6.849698309, 40.451514418 ], [ -6.795273337, 40.511364612 ], [ -6.800868503, 40.550349862 ], [ -6.845363087, 40.565951557 ], [ -6.79402042, 40.66129336 ], [ -6.831118106, 40.752805241 ], [ -6.816864726, 40.797166148 ], [ -6.825933057, 40.843630759 ], [ -6.800163116, 40.848632354 ], [ -6.809033995, 40.882395509 ], [ -6.848873684, 40.902502193 ], [ -6.85894141, 40.949479662 ], [ -6.921579371, 41.002480865 ], [ -6.931198801, 41.029426198 ], [ -6.808931007, 41.036496483 ], [ -6.754757505, 41.10163786 ], [ -6.768693598, 41.133718788 ], [ -6.709186998, 41.172683639 ], [ -6.648348642, 41.247737795 ], [ -6.599762895, 41.243468427 ], [ -6.591608639, 41.255237229 ], [ -6.571329826, 41.239042001 ], [ -6.521875212, 41.275817173 ], [ -6.496305484, 41.266225916 ], [ -6.478524596, 41.275836805 ], [ -6.486877673, 41.291346934 ], [ -6.43721677, 41.305568616 ], [ -6.415268689, 41.347958508 ], [ -6.376961431, 41.35935823 ], [ -6.393482185, 41.369862862 ], [ -6.389647519, 41.384709259 ], [ -6.31766043, 41.385742146 ], [ -6.33326949, 41.410326995 ], [ -6.300123348, 41.428738437 ], [ -6.305415171, 41.44967212 ], [ -6.25109959, 41.500194545 ], [ -6.257750571, 41.514110865 ], [ -6.189170183, 41.574826855 ], [ -6.302291391, 41.661809168 ], [ -6.444265085, 41.684836223 ], [ -6.457356696, 41.666593084 ], [ -6.499560918, 41.657095612 ], [ -6.548269224, 41.685593334 ], [ -6.548807102, 41.725525411 ], [ -6.568973693, 41.743782756 ], [ -6.543543406, 41.77849266 ], [ -6.515514121, 41.871658432 ], [ -6.571170279, 41.88349389 ], [ -6.546503057, 41.939455001 ], [ -6.584752779, 41.966335001 ], [ -6.621376668, 41.939737223 ], [ -6.699995001, 41.933315279 ], [ -6.750572501, 41.943644723 ], [ -6.76867611, 41.98409056 ], [ -6.811336668, 41.992523056 ], [ -6.830537223, 41.943493612 ], [ -6.941507612, 41.943883779 ], [ -6.957796001, 41.968940223 ], [ -6.98576017, 41.97103939 ], [ -6.991107698, 41.988344107 ], [ -6.961098314, 42.027906261 ], [ -6.974791576, 42.055156634 ], [ -7.011831929, 42.052415942 ], [ -7.033584738, 42.074235049 ], [ -7.002120899, 42.084599798 ], [ -6.986158456, 42.124028383 ], [ -6.948654866, 42.135591992 ], [ -6.943846746, 42.171860574 ], [ -6.900848465, 42.189467623 ], [ -6.886560805, 42.214541959 ], [ -6.84364492, 42.228305155 ], [ -6.786991359, 42.215911444 ], [ -6.803080256, 42.239043818 ], [ -6.766996834, 42.257457732 ], [ -6.741145835, 42.29866347 ], [ -6.733953272, 42.359111408 ], [ -6.842307278, 42.403617154 ], [ -6.814272911, 42.427353936 ], [ -6.822768387, 42.452912624 ], [ -6.808391272, 42.469059452 ], [ -6.826693985, 42.492958148 ], [ -6.860561631, 42.489087515 ], [ -6.932195554, 42.520543951 ], [ -6.96008852, 42.517763131 ], [ -6.97854163, 42.493253227 ], [ -7.000956478, 42.505698633 ], [ -7.02868503, 42.49786469 ], [ -7.077068851, 42.508000404 ], [ -7.05943272, 42.530582954 ], [ -7.069518824, 42.554015158 ], [ -7.033562204, 42.584090056 ], [ -7.050168556, 42.59793714 ], [ -7.047004794, 42.632700426 ], [ -7.004357066, 42.642872197 ], [ -7.045191837, 42.694765391 ], [ -7.010887596, 42.723660718 ], [ -6.972884429, 42.725005446 ], [ -6.959482839, 42.755030203 ], [ -6.935602975, 42.740863039 ], [ -6.867430475, 42.787173713 ], [ -6.840321198, 42.823364747 ], [ -6.871279201, 42.873840932 ], [ -6.814053008, 42.871692404 ], [ -6.841976886, 42.906357147 ], [ -6.801042558, 42.91016949 ], [ -6.75666936, 42.883057543 ], [ -6.723192425, 42.917377609 ], [ -6.689904653, 42.922463784 ], [ -6.48976955, 42.920249037 ], [ -6.43310164, 42.939756834 ], [ -6.433638323, 42.964159949 ], [ -6.473011357, 42.967751764 ], [ -6.478135509, 42.991204586 ], [ -6.424126991, 42.987624219 ], [ -6.4073667, 42.999422787 ], [ -6.411106844, 43.016932342 ], [ -6.394351905, 43.016611814 ], [ -6.397047338, 43.038321659 ], [ -6.359087739, 43.05957689 ], [ -6.326492658, 43.031329888 ], [ -6.285190615, 43.036369259 ], [ -6.226808241, 43.008912599 ], [ -6.215559788, 43.047200361 ], [ -6.178401281, 43.047798362 ], [ -6.136667408, 43.020992899 ], [ -6.095963559, 43.031277804 ], [ -6.081288337, 43.075895497 ], [ -6.020928245, 43.053785486 ], [ -5.973840127, 43.065307479 ], [ -5.956528504, 43.017633028 ], [ -5.887186391, 42.994086813 ], [ -5.888485374, 42.979192799 ], [ -5.804005514, 42.962615248 ], [ -5.760284716, 42.972670354 ], [ -5.766414573, 42.985882099 ], [ -5.728262866, 43.042491014 ], [ -5.693101101, 43.056340639 ], [ -5.569781409, 43.022076209 ], [ -5.493801927, 43.021242482 ], [ -5.478523183, 43.054908946 ], [ -5.390450724, 43.049336714 ], [ -5.369135512, 43.094577449 ], [ -5.282121128, 43.077427898 ], [ -5.21659735, 43.08448804 ], [ -5.147802849, 43.115119052 ], [ -5.101735578, 43.101847374 ], [ -5.07662678, 43.178950504 ], [ -5.02146011, 43.183513678 ], [ -4.997620299, 43.170260211 ], [ -4.963064434, 43.212668898 ], [ -4.894788306, 43.238165756 ], [ -4.839552312, 43.189661813 ], [ -4.851778269, 43.17306957 ], [ -4.834566521, 43.157462656 ], [ -4.851425504, 43.125944856 ], [ -4.833214763, 43.101903666 ], [ -4.766860471, 43.074688377 ], [ -4.766054276, 43.055284064 ], [ -4.740053244, 43.053168088 ], [ -4.737845469, 43.020944068 ], [ -4.639508686, 43.016363955 ], [ -4.606641048, 43.035571982 ], [ -4.559373764, 43.019227335 ], [ -4.521247408, 43.047532527 ], [ -4.475346404, 43.038680467 ], [ -4.462069041, 43.060988881 ], [ -4.447555556, 43.058365722 ], [ -4.398101221, 43.03500984 ], [ -4.347977019, 42.972391446 ], [ -4.238323669, 42.95415525 ], [ -4.213975876, 42.847313172 ], [ -4.150117867, 42.871438184 ], [ -4.12601737, 42.856680559 ], [ -4.14068392, 42.829104621 ], [ -4.158067943, 42.837482352 ], [ -4.184332815, 42.821831865 ], [ -4.182503262, 42.810433943 ], [ -4.150543072, 42.789408985 ], [ -4.098541438, 42.791290302 ], [ -4.081458376, 42.761622812 ], [ -4.054482872, 42.763395394 ], [ -4.003555135, 42.831407481 ], [ -3.99965179, 42.768978796 ], [ -3.977295459, 42.758049853 ], [ -3.910952696, 42.768385671 ], [ -3.89444605, 42.804537662 ], [ -3.862042955, 42.78652242 ], [ -3.816497378, 42.81040987 ], [ -3.834007378, 42.877194437 ], [ -3.863823445, 42.88963469 ], [ -3.879958153, 42.851121206 ], [ -3.91395837, 42.860242153 ], [ -3.896927156, 42.881608179 ], [ -3.924105715, 42.888911413 ], [ -3.892205466, 42.887044245 ], [ -3.910945054, 42.911081165 ], [ -3.908670613, 42.914992107 ], [ -3.867980745, 42.898861651 ], [ -3.833898294, 42.918074118 ], [ -3.840764413, 42.940645333 ], [ -3.887383307, 42.948766884 ], [ -3.891277378, 42.925485456 ], [ -3.911490009, 42.92339055 ], [ -3.933543075, 42.899601666 ], [ -3.929641656, 42.914698991 ], [ -3.973274079, 42.911586114 ], [ -3.99057831, 42.930610471 ], [ -3.956088113, 42.997962595 ], [ -3.89086808, 43.041928879 ], [ -3.849866026, 43.040217862 ], [ -3.831769023, 43.063826327 ], [ -3.850717619, 43.077050707 ], [ -3.847012846, 43.08442112 ], [ -3.758128296, 43.083668579 ], [ -3.754946286, 43.100663837 ], [ -3.703505387, 43.116723176 ], [ -3.649503844, 43.179842048 ], [ -3.612593267, 43.169573077 ], [ -3.603186248, 43.149764761 ], [ -3.444369506, 43.131184492 ], [ -3.350210087, 43.153750199 ], [ -3.253273483, 43.198747316 ], [ -3.22409276, 43.170132492 ], [ -3.154180927, 43.176973935 ], [ -3.141885043, 43.161154535 ], [ -3.181786383, 43.120878743 ], [ -3.133940741, 43.097234226 ], [ -3.158187498, 43.074016004 ], [ -3.140311797, 43.067150218 ], [ -3.141860073, 43.029814094 ], [ -3.177802283, 43.021984337 ], [ -3.060367053, 43.003210652 ], [ -3.037102377, 42.981834377 ], [ -3.041868093, 42.969224593 ], [ -2.98106635, 42.939654859 ], [ -3.018905972, 42.90851203 ], [ -3.092101501, 42.898778715 ], [ -3.14927294, 42.917062679 ], [ -3.144731581, 42.93468239 ], [ -3.224729322, 42.949691737 ], [ -3.248544554, 42.912145441 ], [ -3.277239172, 42.901579579 ], [ -3.282608715, 42.875514359 ], [ -3.205533459, 42.827401091 ], [ -3.222175605, 42.838635785 ], [ -3.190686477, 42.869463475 ], [ -3.16282285, 42.85673665 ], [ -3.11494004, 42.88924895 ], [ -3.113149875, 42.861064245 ], [ -3.159228831, 42.804591427 ], [ -3.123254536, 42.78932587 ], [ -3.14791334, 42.756696943 ], [ -3.048035431, 42.765359163 ], [ -3.04166604, 42.739185591 ], [ -3.016659689, 42.741008681 ], [ -2.980601719, 42.703484183 ], [ -2.931357552, 42.70840209 ], [ -2.902501674, 42.693602658 ], [ -2.896510123, 42.654192302 ], [ -2.858067449, 42.638384046 ], [ -2.916008199, 42.619520671 ], [ -2.946450725, 42.639316547 ], [ -3.084152043, 42.640686532 ], [ -3.059830471, 42.589188302 ], [ -3.13427139, 42.542052886 ], [ -3.072571546, 42.528923037 ], [ -3.094695372, 42.488074353 ], [ -3.046003952, 42.445154104 ], [ -3.063299389, 42.424909567 ], [ -3.056880815, 42.370273072 ], [ -3.082652173, 42.397383967 ], [ -3.078179096, 42.415750419 ], [ -3.10134658, 42.416777244 ], [ -3.105270453, 42.386369236 ], [ -3.084811077, 42.385386308 ], [ -3.063462189, 42.356697465 ], [ -3.109668462, 42.351448463 ], [ -3.088589378, 42.245725063 ], [ -3.129393763, 42.199457463 ], [ -3.096572414, 42.169453726 ], [ -3.085678215, 42.134220372 ], [ -3.058954805, 42.126969056 ], [ -3.034373454, 42.085963234 ], [ -2.935332665, 42.089407697 ], [ -2.913623757, 42.022852139 ], [ -2.883825829, 42.009487101 ], [ -2.797986452, 42.046843948 ], [ -2.803343634, 42.080483704 ], [ -2.774851011, 42.123535939 ], [ -2.729060425, 42.123148167 ], [ -2.7067233, 42.10567452 ], [ -2.708421018, 42.086287855 ], [ -2.755744936, 42.023929498 ], [ -2.746166536, 42.008678432 ], [ -2.705136485, 42.015136666 ], [ -2.673580753, 41.998064435 ], [ -2.57990898, 41.996263779 ], [ -2.549066695, 42.051510302 ], [ -2.514880428, 42.068861466 ], [ -2.514676105, 42.114541631 ], [ -2.484368848, 42.106348525 ], [ -2.43846157, 42.137268089 ], [ -2.315743521, 42.144490416 ], [ -2.282159806, 42.131702985 ], [ -2.261164059, 42.087267002 ], [ -2.236484174, 42.102506152 ], [ -2.136748861, 42.103085881 ], [ -2.127239506, 42.080461842 ], [ -2.161912832, 42.066733731 ], [ -2.107632136, 42.002774303 ], [ -2.124072165, 41.995308507 ], [ -2.10996097, 41.9578675 ], [ -2.036391865, 41.939404182 ], [ -2.028314375, 41.95338643 ], [ -1.970297834, 41.919141653 ], [ -1.855915552, 41.966296912 ], [ -1.85728121, 41.909515445 ], [ -1.817512745, 41.853065349 ], [ -1.818747618, 41.829053665 ], [ -1.85212444, 41.788258358 ], [ -1.802920641, 41.751423697 ], [ -1.809049243, 41.7363104 ], [ -1.775371604, 41.724788949 ], [ -1.812594956, 41.686071895 ], [ -1.806223984, 41.664263382 ], [ -1.85899076, 41.661530007 ], [ -1.923100415, 41.598334522 ], [ -1.993238249, 41.600510223 ], [ -1.993482435, 41.576898696 ], [ -1.96717354, 41.545481936 ], [ -1.981111508, 41.486435224 ], [ -1.953275639, 41.462450753 ], [ -1.95393193, 41.424064009 ], [ -1.937904369, 41.407465879 ], [ -2.029270449, 41.384157756 ], [ -2.043787579, 41.397029833 ], [ -2.036004769, 41.426424545 ], [ -2.101520366, 41.445788757 ], [ -2.116767181, 41.424946515 ], [ -2.116032658, 41.382047085 ], [ -2.163137103, 41.355349862 ], [ -2.173671268, 41.288084988 ], [ -2.146241565, 41.184394933 ], [ -2.07989599, 41.170984472 ], [ -2.051693319, 41.146848954 ], [ -2.065718523, 41.095886746 ], [ -2.056652434, 41.069563733 ], [ -2.131855281, 41.118097829 ], [ -2.175298091, 41.083754855 ], [ -2.232146643, 41.097011454 ], [ -2.263543521, 41.067535404 ], [ -2.32340716, 41.056507809 ], [ -2.355329083, 41.086453632 ], [ -2.418909918, 41.057705549 ], [ -2.46946628, 41.078109989 ], [ -2.48226075, 41.116272279 ], [ -2.508850762, 41.118857077 ], [ -2.536510389, 41.162525384 ], [ -2.575577106, 41.139471701 ], [ -2.595314357, 41.150253293 ], [ -2.577492793, 41.178663258 ], [ -2.622066406, 41.187988213 ], [ -2.593741263, 41.200205344 ], [ -2.589485944, 41.224538221 ], [ -2.629198098, 41.21521496 ], [ -2.646014592, 41.240210331 ], [ -2.709546129, 41.251980871 ], [ -2.716772238, 41.275671167 ], [ -2.760945569, 41.274023711 ], [ -2.775511138, 41.250083509 ], [ -2.822245158, 41.256614593 ], [ -2.866888148, 41.274464953 ], [ -2.866845526, 41.313072001 ], [ -2.888425028, 41.325237642 ], [ -2.941190769, 41.313936427 ], [ -2.950131422, 41.292636973 ], [ -3.06197194, 41.273330443 ], [ -3.199754652, 41.304429226 ], [ -3.231244539, 41.294867457 ], [ -3.254264338, 41.258383199 ], [ -3.274265403, 41.260265372 ], [ -3.276375914, 41.275182351 ], [ -3.290488016, 41.257236235 ], [ -3.337192883, 41.252680985 ], [ -3.367463981, 41.260287085 ], [ -3.409468849, 41.260415331 ], [ -3.415146516, 41.273197168 ], [ -3.41180707, 41.261193993 ], [ -3.39975496, 41.254613435 ], [ -3.401480232, 41.213555324 ], [ -3.444019684, 41.215000226 ], [ -3.466515932, 41.183384124 ], [ -3.517110277, 41.162890849 ], [ -3.613701828, 41.149052741 ], [ -3.676064805, 41.086695623 ], [ -3.740454995, 41.053640291 ], [ -3.78136611, 41.000311848 ], [ -3.907382726, 40.95525455 ], [ -3.952276176, 40.893631932 ], [ -3.947105212, 40.862974386 ], [ -3.979675717, 40.784554834 ], [ -4.076700276, 40.788881353 ], [ -4.096990778, 40.747739287 ], [ -4.171566939, 40.680626313 ], [ -4.172852715, 40.630362196 ], [ -4.161182832, 40.623464891 ], [ -4.245438812, 40.602446971 ], [ -4.262140773, 40.605179983 ], [ -4.271101687, 40.62902274 ], [ -4.290708751, 40.627823412 ], [ -4.278572449, 40.603172371 ], [ -4.289261821, 40.564194253 ], [ -4.328217936, 40.533757357 ], [ -4.315678853, 40.464765542 ], [ -4.341251652, 40.428678072 ], [ -4.321088525, 40.410308756 ], [ -4.421730258, 40.406228907 ], [ -4.443729012, 40.385700139 ], [ -4.438641657, 40.352721018 ], [ -4.460596193, 40.341381256 ], [ -4.45576083, 40.319351579 ], [ -4.504883189, 40.315340741 ], [ -4.526787497, 40.344873413 ], [ -4.54622523, 40.341825157 ], [ -4.529379145, 40.293124839 ], [ -4.569537537, 40.257284353 ], [ -4.560906994, 40.222793914 ], [ -4.616749742, 40.199998597 ], [ -4.686714212, 40.210289478 ], [ -4.698141369, 40.282192458 ], [ -4.761590128, 40.260902185 ], [ -4.803469151, 40.275265308 ], [ -4.818111378, 40.254788762 ], [ -4.807288695, 40.234739809 ], [ -4.924843931, 40.170073159 ], [ -4.925286842, 40.136273711 ], [ -4.957403329, 40.132924103 ], [ -4.95501629, 40.121438543 ], [ -5.011731934, 40.111015657 ], [ -5.01688131, 40.159114718 ], [ -5.029167852, 40.157959391 ], [ -5.067925427, 40.150534548 ], [ -5.141366034, 40.09197578 ], [ -5.201266663, 40.082115582 ], [ -5.215916468, 40.107732508 ], [ -5.335693035, 40.115152963 ], [ -5.368520063, 40.16311391 ], [ -5.370138917, 40.216929273 ], [ -5.34356464, 40.26340341 ], [ -5.429096831, 40.252606738 ], [ -5.47091046, 40.207853072 ], [ -5.548114767, 40.197242693 ], [ -5.614519657, 40.218298246 ], [ -5.62199979, 40.24588134 ], [ -5.649198888, 40.249720301 ], [ -5.692661929, 40.292106062 ], [ -5.793144468, 40.28670483 ], [ -5.802735351, 40.297632977 ], [ -5.781992279, 40.312455841 ], [ -5.799337074, 40.353750549 ], [ -5.884244723, 40.326604475 ], [ -5.917173742, 40.277697221 ], [ -5.937782424, 40.281066607 ], [ -6.00593918, 40.305805063 ], [ -6.01614364, 40.339979481 ], [ -6.105855583, 40.356823206 ], [ -6.081729193, 40.363293575 ], [ -6.08672645, 40.376798415 ], [ -6.071104752, 40.386608657 ], [ -6.084685, 40.389990034 ], [ -6.065065045, 40.396977054 ], [ -6.129254858, 40.420387503 ], [ -6.115607066, 40.441068208 ], [ -6.147755161, 40.437284449 ], [ -6.15579744, 40.457028587 ], [ -6.23126831, 40.486651389 ], [ -6.275326119, 40.458516046 ], [ -6.344642928, 40.442775644 ], [ -6.371396277, 40.40187358 ], [ -6.41882577, 40.399289958 ], [ -6.438315058, 40.372772749 ], [ -6.536284055, 40.347244319 ], [ -6.56041037, 40.329048985 ], [ -6.556175451, 40.290776923 ], [ -6.587021989, 40.270721166 ], [ -6.671752814, 40.263232446 ], [ -6.690137055, 40.242662486 ], [ -6.718575297, 40.26920105 ], [ -6.755602541, 40.238923473 ], [ -6.834521967, 40.247580233 ], [ -6.862328128, 40.278075346 ] ], [ [ -4.324121894, 40.658028753 ], [ -4.256038872, 40.651460684 ], [ -4.253876395, 40.661891008 ], [ -4.289966771, 40.680562233 ], [ -4.324121894, 40.658028753 ] ] ], [ [ [ -4.112633546, 42.822215188 ], [ -4.088870612, 42.818534468 ], [ -4.090032053, 42.799274663 ], [ -4.101571902, 42.79373494 ], [ -4.112633546, 42.822215188 ] ] ], [ [ [ -4.161588903, 42.820331367 ], [ -4.175206674, 42.811811227 ], [ -4.182981248, 42.820495054 ], [ -4.161588903, 42.820331367 ] ] ], [ [ [ -2.945214271, 42.603886272 ], [ -2.922628722, 42.600828963 ], [ -2.93960373, 42.594454255 ], [ -2.945214271, 42.603886272 ] ] ], [ [ [ -2.994524578, 42.615490639 ], [ -2.986247596, 42.60705126 ], [ -2.999377982, 42.600946386 ], [ -2.994524578, 42.615490639 ] ] ], [ [ [ -2.864238163, 42.743907836 ], [ -2.835473533, 42.796269546 ], [ -2.826812348, 42.784450459 ], [ -2.731702933, 42.794485752 ], [ -2.644009719, 42.764681098 ], [ -2.602245785, 42.770712299 ], [ -2.5893664, 42.750322721 ], [ -2.558302413, 42.762733265 ], [ -2.572628537, 42.725171827 ], [ -2.608980617, 42.695860927 ], [ -2.577767559, 42.668212513 ], [ -2.522023902, 42.684031532 ], [ -2.517397391, 42.646332391 ], [ -2.634851292, 42.647795259 ], [ -2.659175256, 42.672456053 ], [ -2.767899848, 42.666010911 ], [ -2.784502963, 42.698941959 ], [ -2.825301986, 42.708936724 ], [ -2.864238163, 42.743907836 ] ] ] ] } },
{ "type": "Feature", "properties": { "INSPIREID": "ES.IGN.BDDAE.34080000000", "COUNTRY": "ES", "NATLEV": "https://inspire.ec.europa.eu/codelist/AdministrativeHierarchyLevel/2ndOrder", "NATLEVNAME": "Comunidad autónoma", "NATCODE": "34080000000", "NAMEUNIT": "Castilla-La Mancha", "CODNUT1": "ES4", "CODNUT2": "ES42", "CODNUT3": null }, "geometry": { "type": "MultiPolygon", "coordinates": [ [ [ [ -4.452779424, 38.401469952 ], [ -4.540140157, 38.482430873 ], [ -4.607863813, 38.494003763 ], [ -4.621962692, 38.523451023 ], [ -4.701445059, 38.552034738 ], [ -4.705238986, 38.571198109 ], [ -4.859623813, 38.614386675 ], [ -4.876969923, 38.686094111 ], [ -5.004599618, 38.695095074 ], [ -5.008025176, 38.715228922 ], [ -5.04694842, 38.729087381 ], [ -4.989993646, 38.739757574 ], [ -4.94348397, 38.854378438 ], [ -4.914939892, 38.88744037 ], [ -4.847319415, 38.882402633 ], [ -4.831130276, 38.935611461 ], [ -4.918221206, 38.957044819 ], [ -4.962504487, 39.05872671 ], [ -4.879987471, 39.032424848 ], [ -4.832792755, 39.046159562 ], [ -4.826935057, 39.064118822 ], [ -4.874403673, 39.1004336 ], [ -4.853171008, 39.152437643 ], [ -4.810273488, 39.199415534 ], [ -4.647892828, 39.166866282 ], [ -4.708229346, 39.209868203 ], [ -4.713548493, 39.2443172 ], [ -4.733681124, 39.25254273 ], [ -4.761095633, 39.320717723 ], [ -4.707083115, 39.327983831 ], [ -4.704261577, 39.364440924 ], [ -4.668962197, 39.423927893 ], [ -4.69027731, 39.451788828 ], [ -4.774613833, 39.39719413 ], [ -4.870934788, 39.368312927 ], [ -4.902002097, 39.374503437 ], [ -4.996924468, 39.425318176 ], [ -5.052431854, 39.483931684 ], [ -5.086019535, 39.491658464 ], [ -5.202069592, 39.592021558 ], [ -5.150499293, 39.662844596 ], [ -5.137793795, 39.714998939 ], [ -5.173964104, 39.751254738 ], [ -5.15845866, 39.759661268 ], [ -5.16689958, 39.799881729 ], [ -5.206465451, 39.797559379 ], [ -5.254823043, 39.752342093 ], [ -5.308079086, 39.760024521 ], [ -5.312588015, 39.824274808 ], [ -5.28404867, 39.863874677 ], [ -5.323612613, 39.891726645 ], [ -5.406109631, 39.877729065 ], [ -5.365143998, 39.982918599 ], [ -5.365072751, 40.104588872 ], [ -5.337457881, 40.115905356 ], [ -5.216677059, 40.107903836 ], [ -5.203087616, 40.08273554 ], [ -5.17128819, 40.085404538 ], [ -5.088720761, 40.12396636 ], [ -5.067147389, 40.150931804 ], [ -5.01688131, 40.159114718 ], [ -5.011731934, 40.111015657 ], [ -4.95501629, 40.121438543 ], [ -4.957403329, 40.132924103 ], [ -4.925286842, 40.136273711 ], [ -4.924843931, 40.170073159 ], [ -4.807288695, 40.234739809 ], [ -4.818111378, 40.254788762 ], [ -4.803469151, 40.275265308 ], [ -4.761590128, 40.260902185 ], [ -4.698141369, 40.282192458 ], [ -4.6868931, 40.210512163 ], [ -4.654295602, 40.198047846 ], [ -4.579076175, 40.217196172 ], [ -4.527911286, 40.200092818 ], [ -4.509789138, 40.219189971 ], [ -4.437425742, 40.236697157 ], [ -4.43524522, 40.25912689 ], [ -4.383481996, 40.289049879 ], [ -4.380108718, 40.318341548 ], [ -4.356386295, 40.308621366 ], [ -4.348488074, 40.236746542 ], [ -4.307988819, 40.233881652 ], [ -4.306110333, 40.221778286 ], [ -4.269961255, 40.235685326 ], [ -4.24799892, 40.273481432 ], [ -4.203229807, 40.268817616 ], [ -4.190870508, 40.297354665 ], [ -4.143991483, 40.264620915 ], [ -4.145768642, 40.245177396 ], [ -4.104271629, 40.241833528 ], [ -4.072894226, 40.265451431 ], [ -4.023984925, 40.248949419 ], [ -4.026158711, 40.235611333 ], [ -3.991001405, 40.209478672 ], [ -3.952866249, 40.212797441 ], [ -3.949996296, 40.189122469 ], [ -3.931143116, 40.203976549 ], [ -3.876321814, 40.191222692 ], [ -3.834186355, 40.161352464 ], [ -3.80460243, 40.176840571 ], [ -3.77045237, 40.139399362 ], [ -3.744375088, 40.132224668 ], [ -3.722216013, 40.147713102 ], [ -3.683723098, 40.13226963 ], [ -3.667312302, 40.143290586 ], [ -3.656331061, 40.125340204 ], [ -3.607628161, 40.108966786 ], [ -3.636088083, 40.041625875 ], [ -3.699891293, 40.019542801 ], [ -3.720088026, 39.984440612 ], [ -3.746615248, 39.980748096 ], [ -3.727936115, 39.96454488 ], [ -3.758876073, 39.968867544 ], [ -3.754493785, 39.950399979 ], [ -3.770681783, 39.950607993 ], [ -3.757972834, 39.958335633 ], [ -3.763602359, 39.967518391 ], [ -3.78334654, 39.944795636 ], [ -3.809547719, 39.953965201 ], [ -3.832042288, 39.931560148 ], [ -3.840044425, 39.941955581 ], [ -3.875190426, 39.928736283 ], [ -3.868938202, 39.905244408 ], [ -3.814893697, 39.885742298 ], [ -3.743869878, 39.94080236 ], [ -3.634498904, 39.965891764 ], [ -3.637991655, 39.988375872 ], [ -3.590014713, 40.013220527 ], [ -3.519710763, 40.021094858 ], [ -3.506544012, 40.048760904 ], [ -3.401071674, 40.03418102 ], [ -3.375781986, 40.051255823 ], [ -3.377707211, 40.074767892 ], [ -3.334418051, 40.081052392 ], [ -3.274866158, 40.047352711 ], [ -3.200955926, 40.060487611 ], [ -3.17800488, 40.092228237 ], [ -3.160964436, 40.064712282 ], [ -3.088802251, 40.070593758 ], [ -3.052983314, 40.099387879 ], [ -3.096755364, 40.142388686 ], [ -3.089276392, 40.162970409 ], [ -3.067845137, 40.157914155 ], [ -3.085759438, 40.186145363 ], [ -3.079704127, 40.227773108 ], [ -3.098813306, 40.274614375 ], [ -3.128241013, 40.278786914 ], [ -3.173396925, 40.234169775 ], [ -3.197205394, 40.257547152 ], [ -3.180614472, 40.313386421 ], [ -3.14118363, 40.350596524 ], [ -3.153429758, 40.36770319 ], [ -3.130557952, 40.405184993 ], [ -3.155514605, 40.43942444 ], [ -3.198596658, 40.442252272 ], [ -3.199954903, 40.514448437 ], [ -3.23045529, 40.539005768 ], [ -3.297126978, 40.537521229 ], [ -3.284068983, 40.568976687 ], [ -3.328274952, 40.594836459 ], [ -3.321643863, 40.612192373 ], [ -3.338515839, 40.625848666 ], [ -3.323675335, 40.629686382 ], [ -3.313856831, 40.649743495 ], [ -3.316496527, 40.655177616 ], [ -3.345598163, 40.63774285 ], [ -3.393354044, 40.692458271 ], [ -3.404734459, 40.669638066 ], [ -3.468549617, 40.689935624 ], [ -3.434944945, 40.727986174 ], [ -3.450415604, 40.734886992 ], [ -3.44434315, 40.761579563 ], [ -3.459068702, 40.781222865 ], [ -3.511572263, 40.788495809 ], [ -3.477386654, 40.823560765 ], [ -3.472668496, 40.864096559 ], [ -3.440487412, 40.875349929 ], [ -3.460577211, 40.906658699 ], [ -3.444062218, 40.906849406 ], [ -3.418296049, 40.987563522 ], [ -3.394450315, 41.000277633 ], [ -3.438934782, 41.042669716 ], [ -3.42580545, 41.082898574 ], [ -3.488751214, 41.094293953 ], [ -3.509261746, 41.136395436 ], [ -3.541098185, 41.149666901 ], [ -3.539722192, 41.16504109 ], [ -3.466515932, 41.183384124 ], [ -3.443659511, 41.215145106 ], [ -3.401480232, 41.213555324 ], [ -3.39975496, 41.254613435 ], [ -3.41180707, 41.261193993 ], [ -3.414425553, 41.265899207 ], [ -3.415146516, 41.273197168 ], [ -3.409468849, 41.260415331 ], [ -3.337192883, 41.252680985 ], [ -3.290488016, 41.257236235 ], [ -3.276375914, 41.275182351 ], [ -3.274265403, 41.260265372 ], [ -3.254264338, 41.258383199 ], [ -3.231244539, 41.294867457 ], [ -3.199754652, 41.304429226 ], [ -3.06197194, 41.273330443 ], [ -2.950131422, 41.292636973 ], [ -2.941190769, 41.313936427 ], [ -2.888425028, 41.325237642 ], [ -2.866845526, 41.313072001 ], [ -2.866888148, 41.274464953 ], [ -2.822245158, 41.256614593 ], [ -2.775511138, 41.250083509 ], [ -2.760945569, 41.274023711 ], [ -2.716772238, 41.275671167 ], [ -2.709546129, 41.251980871 ], [ -2.646014592, 41.240210331 ], [ -2.629198098, 41.21521496 ], [ -2.589485944, 41.224538221 ], [ -2.593741263, 41.200205344 ], [ -2.622066406, 41.187988213 ], [ -2.577492793, 41.178663258 ], [ -2.595314357, 41.150253293 ], [ -2.575577106, 41.139471701 ], [ -2.536510389, 41.162525384 ], [ -2.508850762, 41.118857077 ], [ -2.48226075, 41.116272279 ], [ -2.46946628, 41.078109989 ], [ -2.418909918, 41.057705549 ], [ -2.355329083, 41.086453632 ], [ -2.32340716, 41.056507809 ], [ -2.263543521, 41.067535404 ], [ -2.232146643, 41.097011454 ], [ -2.175298091, 41.083754855 ], [ -2.131855281, 41.118097829 ], [ -2.056652434, 41.069563733 ], [ -2.065718523, 41.095886746 ], [ -2.047617172, 41.152652353 ], [ -1.959016864, 41.172486175 ], [ -1.932446669, 41.138590094 ], [ -1.803212036, 41.089982802 ], [ -1.611852446, 40.937558213 ], [ -1.621391645, 40.880400035 ], [ -1.542334351, 40.811218708 ], [ -1.539908199, 40.760733355 ], [ -1.562017126, 40.739751701 ], [ -1.535637879, 40.687018778 ], [ -1.564856223, 40.61474242 ], [ -1.545515087, 40.595195286 ], [ -1.598749323, 40.562053904 ], [ -1.678100638, 40.590952324 ], [ -1.701623978, 40.541095695 ], [ -1.692511959, 40.486823884 ], [ -1.748599875, 40.462896643 ], [ -1.805277142, 40.39675338 ], [ -1.756225038, 40.340436888 ], [ -1.709528492, 40.314480483 ], [ -1.729395683, 40.300967175 ], [ -1.718178971, 40.277729093 ], [ -1.690345742, 40.309660115 ], [ -1.540482715, 40.190804015 ], [ -1.510902489, 40.203715226 ], [ -1.474415872, 40.185041785 ], [ -1.439208362, 40.197013661 ], [ -1.456213071, 40.130953751 ], [ -1.407597151, 40.101403666 ], [ -1.420285587, 40.093514399 ], [ -1.376859644, 40.016499219 ], [ -1.249456014, 39.995103161 ], [ -1.16518784, 40.010096312 ], [ -1.14254654, 39.971949487 ], [ -1.208317603, 39.943907117 ], [ -1.20004371, 39.8587059 ], [ -1.21500358, 39.808774279 ], [ -1.275409276, 39.738640561 ], [ -1.261995292, 39.698907122 ], [ -1.307852357, 39.670817082 ], [ -1.368534634, 39.689614847 ], [ -1.417931747, 39.654935777 ], [ -1.461796253, 39.576905651 ], [ -1.521054116, 39.549961934 ], [ -1.502615376, 39.546636047 ], [ -1.498912214, 39.501659941 ], [ -1.512358036, 39.495891055 ], [ -1.513123799, 39.45797293 ], [ -1.528778043, 39.454400796 ], [ -1.521046616, 39.431743822 ], [ -1.496891189, 39.429055465 ], [ -1.504804401, 39.417038886 ], [ -1.483279205, 39.422418512 ], [ -1.487423057, 39.400541887 ], [ -1.45177065, 39.397883362 ], [ -1.467511049, 39.382801631 ], [ -1.448286319, 39.378510259 ], [ -1.454150337, 39.361090643 ], [ -1.432161404, 39.377429095 ], [ -1.424547618, 39.363910183 ], [ -1.413363913, 39.38058006 ], [ -1.336280894, 39.333804217 ], [ -1.3121275, 39.342871895 ], [ -1.164587171, 39.310076453 ], [ -1.180825758, 39.211821917 ], [ -1.255720494, 39.106169915 ], [ -1.266750474, 39.051020134 ], [ -1.226537716, 39.024672637 ], [ -1.147157226, 38.929123764 ], [ -0.959391353, 38.944286682 ], [ -0.951626292, 38.911413692 ], [ -0.924318354, 38.891586182 ], [ -0.929143774, 38.783650543 ], [ -0.961699214, 38.77451798 ], [ -0.915793253, 38.695964591 ], [ -0.932501648, 38.677519745 ], [ -0.962466352, 38.656925342 ], [ -1.033996658, 38.656594594 ], [ -1.115777811, 38.711408719 ], [ -1.119665015, 38.737692415 ], [ -1.183777575, 38.755084348 ], [ -1.249687429, 38.73865154 ], [ -1.343076148, 38.677409106 ], [ -1.366551579, 38.703966004 ], [ -1.402115098, 38.690806663 ], [ -1.44767739, 38.649477248 ], [ -1.452018685, 38.581461349 ], [ -1.487771857, 38.56321145 ], [ -1.498749235, 38.532068942 ], [ -1.479911132, 38.479785907 ], [ -1.478498419, 38.376252334 ], [ -1.589496492, 38.3099012 ], [ -1.669711683, 38.311773938 ], [ -1.693311678, 38.337677979 ], [ -1.687707696, 38.365434851 ], [ -1.703760455, 38.374769436 ], [ -1.719147008, 38.363033972 ], [ -1.744364159, 38.380807744 ], [ -1.771973709, 38.378378676 ], [ -1.770278136, 38.364248347 ], [ -1.794511812, 38.368942898 ], [ -1.784082664, 38.355850253 ], [ -1.907450103, 38.297700225 ], [ -1.982581131, 38.2811819 ], [ -2.048572559, 38.305693918 ], [ -2.112883809, 38.2376841 ], [ -2.2132885, 38.202052875 ], [ -2.265667206, 38.108837019 ], [ -2.328134311, 38.068372878 ], [ -2.341221583, 38.025832833 ], [ -2.358700142, 38.021837689 ], [ -2.552334581, 38.084093161 ], [ -2.446576137, 38.18499833 ], [ -2.454774358, 38.215661142 ], [ -2.435445071, 38.271951486 ], [ -2.485400657, 38.301480438 ], [ -2.483416221, 38.397748 ], [ -2.573905629, 38.416388566 ], [ -2.566598511, 38.490698643 ], [ -2.597279236, 38.512440346 ], [ -2.681253458, 38.496929277 ], [ -2.770284733, 38.532463577 ], [ -2.780328564, 38.508951309 ], [ -2.861021193, 38.475486684 ], [ -2.880138866, 38.452413666 ], [ -2.904507469, 38.469724133 ], [ -2.962666724, 38.471186178 ], [ -2.993591391, 38.449499693 ], [ -3.002580894, 38.40793415 ], [ -3.064966383, 38.478247721 ], [ -3.138288276, 38.438576821 ], [ -3.279423502, 38.460243874 ], [ -3.326492432, 38.482120862 ], [ -3.375012021, 38.475234969 ], [ -3.376684039, 38.43959599 ], [ -3.451698381, 38.400318431 ], [ -3.528442673, 38.408641044 ], [ -3.541888464, 38.44538493 ], [ -3.583075976, 38.451468907 ], [ -3.598236236, 38.398474084 ], [ -3.785612228, 38.425268665 ], [ -3.828639826, 38.414255105 ], [ -3.854987311, 38.37493378 ], [ -3.912792133, 38.367839669 ], [ -4.155670606, 38.38069807 ], [ -4.255491749, 38.401620331 ], [ -4.276302797, 38.390543238 ], [ -4.268467841, 38.347026716 ], [ -4.286484599, 38.342452539 ], [ -4.452779424, 38.401469952 ] ] ], [ [ [ -3.371729113, 40.625768517 ], [ -3.374049363, 40.640249048 ], [ -3.363605957, 40.63842108 ], [ -3.371729113, 40.625768517 ] ] ] ] } },
{ "type": "Feature", "properties": { "INSPIREID": "ES.IGN.BDDAE.34090000000", "COUNTRY": "ES", "NATLEV": "https://inspire.ec.europa.eu/codelist/AdministrativeHierarchyLevel/2ndOrder", "NATLEVNAME": "Comunidad autónoma", "NATCODE": "34090000000", "NAMEUNIT": "Cataluña/Catalunya", "CODNUT1": "ES5", "CODNUT2": "ES51", "CODNUT3": null }, "geometry": { "type": "MultiPolygon", "coordinates": [ [ [ [ 0.647165834, 40.574768155 ], [ 0.648191552, 40.574951853 ], [ 0.648834757, 40.574400151 ], [ 0.647804646, 40.574135545 ], [ 0.647165834, 40.574768155 ] ] ], [ [ [ 0.645563662, 40.57527812 ], [ 0.646475813, 40.574024471 ], [ 0.644540387, 40.575139352 ], [ 0.645563662, 40.57527812 ] ] ], [ [ [ 0.646669775, 40.574333546 ], [ 0.64607463, 40.575117871 ], [ 0.64613401, 40.575341142 ], [ 0.646669775, 40.574333546 ] ] ], [ [ [ 0.648574394, 40.576344668 ], [ 0.649026722, 40.574889403 ], [ 0.647580661, 40.575880779 ], [ 0.648574394, 40.576344668 ] ] ], [ [ [ 0.642442974, 40.575664925 ], [ 0.641981146, 40.577165496 ], [ 0.642895144, 40.57507426 ], [ 0.642442974, 40.575664925 ] ] ], [ [ [ 0.644871304, 40.575795334 ], [ 0.645956227, 40.576850757 ], [ 0.647376365, 40.57559905 ], [ 0.644871304, 40.575795334 ] ] ], [ [ [ 0.649687417, 40.577264075 ], [ 0.65022911, 40.57593206 ], [ 0.648908343, 40.576838435 ], [ 0.649687417, 40.577264075 ] ] ], [ [ [ 0.615536296, 40.577394261 ], [ 0.614935101, 40.576539526 ], [ 0.6146513, 40.576971705 ], [ 0.615536296, 40.577394261 ] ] ], [ [ [ 0.63981843, 40.577359864 ], [ 0.640233229, 40.576950508 ], [ 0.639722638, 40.577335869 ], [ 0.63981843, 40.577359864 ] ] ], [ [ [ 0.643814465, 40.57612593 ], [ 0.641871085, 40.578618931 ], [ 0.643429483, 40.57708372 ], [ 0.643814465, 40.57612593 ] ] ], [ [ [ 0.580178347, 40.603645969 ], [ 0.514616031, 40.522968415 ], [ 0.448092756, 40.541707329 ], [ 0.433566503, 40.565694769 ], [ 0.443237369, 40.578695546 ], [ 0.403036659, 40.602216222 ], [ 0.279075167, 40.629795933 ], [ 0.267662808, 40.658093142 ], [ 0.292036295, 40.688129028 ], [ 0.261989038, 40.706022191 ], [ 0.236085122, 40.701645194 ], [ 0.22638268, 40.73313161 ], [ 0.197293037, 40.72414217 ], [ 0.159070266, 40.750367611 ], [ 0.174720344, 40.741180226 ], [ 0.175475056, 40.754902675 ], [ 0.229921428, 40.767394652 ], [ 0.233569853, 40.786992731 ], [ 0.279564211, 40.8208095 ], [ 0.238634776, 40.884548368 ], [ 0.293500763, 40.970561014 ], [ 0.258634955, 41.014630488 ], [ 0.279053356, 41.021133222 ], [ 0.218509391, 41.042774507 ], [ 0.230327948, 41.056935915 ], [ 0.219895939, 41.082984481 ], [ 0.200669839, 41.084802647 ], [ 0.200647778, 41.126093286 ], [ 0.249786683, 41.12961008 ], [ 0.252990104, 41.150152702 ], [ 0.303317789, 41.164379545 ], [ 0.322403778, 41.22524081 ], [ 0.381311238, 41.236429683 ], [ 0.385694968, 41.278548962 ], [ 0.367802625, 41.319363099 ], [ 0.348454743, 41.328089579 ], [ 0.373967681, 41.351538856 ], [ 0.32003648, 41.394183003 ], [ 0.355180755, 41.451089975 ], [ 0.339676822, 41.483331577 ], [ 0.397385282, 41.490572778 ], [ 0.446923322, 41.542235782 ], [ 0.428494362, 41.602376064 ], [ 0.349612819, 41.599464027 ], [ 0.35824714, 41.631967908 ], [ 0.327016522, 41.678170464 ], [ 0.384741762, 41.740311627 ], [ 0.395240537, 41.731820994 ], [ 0.398675638, 41.757810855 ], [ 0.468601203, 41.764976033 ], [ 0.48323184, 41.801463139 ], [ 0.515461131, 41.822353587 ], [ 0.543573496, 41.820404577 ], [ 0.555210937, 41.853011449 ], [ 0.580053126, 41.850909815 ], [ 0.579897081, 41.863623234 ], [ 0.607477737, 41.871822752 ], [ 0.592096896, 41.884422433 ], [ 0.594895553, 41.917954787 ], [ 0.607487074, 41.919315306 ], [ 0.561879704, 41.938219163 ], [ 0.586266401, 41.967132827 ], [ 0.605486235, 41.960005644 ], [ 0.616826975, 41.987159644 ], [ 0.638728714, 41.994612921 ], [ 0.64208617, 41.982183697 ], [ 0.658219269, 42.002581727 ], [ 0.651824867, 42.026202145 ], [ 0.699612648, 42.105141397 ], [ 0.695497681, 42.151411659 ], [ 0.713849242, 42.162819582 ], [ 0.698082004, 42.171803733 ], [ 0.701986558, 42.189075159 ], [ 0.76462313, 42.322481415 ], [ 0.740360083, 42.33687274 ], [ 0.771306673, 42.350642699 ], [ 0.722224251, 42.367420228 ], [ 0.746096717, 42.384776182 ], [ 0.689899632, 42.483722273 ], [ 0.742156156, 42.505603202 ], [ 0.721592502, 42.524884682 ], [ 0.734740814, 42.540345633 ], [ 0.752768258, 42.533948785 ], [ 0.740810495, 42.545398593 ], [ 0.767568509, 42.611585098 ], [ 0.698644803, 42.628833216 ], [ 0.695593463, 42.658623954 ], [ 0.65987932, 42.688426862 ], [ 0.676746427, 42.690825557 ], [ 0.680173919, 42.723251086 ], [ 0.66089761, 42.751872819 ], [ 0.647314796, 42.751445741 ], [ 0.639279647, 42.754865139 ], [ 0.667222712, 42.775112441 ], [ 0.644822276, 42.782984009 ], [ 0.669850493, 42.802286882 ], [ 0.659092401, 42.838149731 ], [ 0.67802238, 42.855249896 ], [ 0.810886234, 42.838713775 ], [ 0.926270729, 42.789355713 ], [ 0.96005767, 42.805937515 ], [ 0.984028066, 42.786698701 ], [ 1.078870126, 42.788326327 ], [ 1.170470651, 42.707926687 ], [ 1.229242004, 42.727823677 ], [ 1.253123871, 42.714468608 ], [ 1.357377622, 42.719699035 ], [ 1.351152779, 42.702637933 ], [ 1.387274214, 42.689164771 ], [ 1.387470048, 42.668618474 ], [ 1.413700111, 42.655578498 ], [ 1.443021793, 42.602761195 ], [ 1.426481686, 42.582801732 ], [ 1.444947151, 42.568012568 ], [ 1.41363845, 42.535352784 ], [ 1.450545219, 42.539892058 ], [ 1.468366031, 42.510015911 ], [ 1.41913886, 42.48394516 ], [ 1.441191964, 42.475356787 ], [ 1.455182705, 42.436052026 ], [ 1.551997048, 42.432590995 ], [ 1.561073736, 42.45864585 ], [ 1.579194649, 42.449719351 ], [ 1.597370397, 42.466322689 ], [ 1.657020872, 42.468216115 ], [ 1.669977915, 42.50418925 ], [ 1.703610051, 42.489802177 ], [ 1.725659356, 42.504676411 ], [ 1.730100751, 42.49238917 ], [ 1.823421001, 42.486627399 ], [ 1.891167301, 42.447716799 ], [ 1.936988672, 42.453694449 ], [ 1.965347648, 42.380935301 ], [ 2.01606296, 42.347092974 ], [ 2.084668536, 42.361761579 ], [ 2.14887363, 42.42094038 ], [ 2.201356325, 42.416402863 ], [ 2.256773221, 42.438736767 ], [ 2.432847444, 42.394667698 ], [ 2.433475571, 42.377163788 ], [ 2.480923464, 42.34103052 ], [ 2.532646876, 42.332921852 ], [ 2.56186531, 42.361134411 ], [ 2.67175157, 42.340865142 ], [ 2.651321505, 42.389699056 ], [ 2.67120467, 42.387606673 ], [ 2.674338655, 42.404982304 ], [ 2.733542627, 42.424830124 ], [ 2.800662428, 42.418408794 ], [ 2.839087274, 42.459411652 ], [ 2.918371416, 42.456145681 ], [ 2.947122657, 42.482143091 ], [ 2.967414589, 42.465499474 ], [ 3.040442109, 42.474217398 ], [ 3.085866824, 42.425560404 ], [ 3.12087461, 42.438183304 ], [ 3.14483345, 42.433151614 ], [ 3.153441763, 42.43577697 ], [ 3.156415904, 42.434139826 ], [ 3.163526936, 42.436093889 ], [ 3.172232904, 42.434524656 ], [ 3.174369592, 42.435151627 ], [ 3.174966765, 42.434981558 ], [ 3.160576831, 42.428061239 ], [ 3.17097461, 42.416391309 ], [ 3.16660085, 42.414779314 ], [ 3.16455002, 42.41320888 ], [ 3.165542653, 42.411682702 ], [ 3.165266427, 42.410618564 ], [ 3.162199601, 42.411358739 ], [ 3.156098123, 42.407227916 ], [ 3.165024197, 42.400657118 ], [ 3.152683997, 42.393389885 ], [ 3.153603519, 42.391281195 ], [ 3.159696788, 42.388965508 ], [ 3.166934029, 42.389888295 ], [ 3.155166252, 42.379980707 ], [ 3.16294265, 42.360462284 ], [ 3.196529587, 42.334969355 ], [ 3.229267945, 42.351560536 ], [ 3.23822275, 42.348983441 ], [ 3.236836837, 42.343577276 ], [ 3.239580259, 42.337477507 ], [ 3.249757917, 42.329773937 ], [ 3.251347174, 42.330263054 ], [ 3.250463667, 42.33577525 ], [ 3.260284824, 42.333158037 ], [ 3.267695105, 42.340438775 ], [ 3.286252692, 42.325457822 ], [ 3.294301278, 42.329884252 ], [ 3.31102873, 42.320085941 ], [ 3.322273919, 42.319500028 ], [ 3.311695313, 42.31766378 ], [ 3.312818968, 42.313029057 ], [ 3.302825527, 42.311330628 ], [ 3.298144525, 42.306728146 ], [ 3.300480762, 42.305960219 ], [ 3.300347129, 42.304383368 ], [ 3.290885432, 42.307380198 ], [ 3.286912714, 42.303665354 ], [ 3.286273431, 42.293259033 ], [ 3.299292035, 42.28451277 ], [ 3.295848428, 42.28583676 ], [ 3.290556211, 42.282005709 ], [ 3.276201826, 42.287088827 ], [ 3.276900334, 42.279867399 ], [ 3.28786422, 42.26572673 ], [ 3.253710309, 42.252497265 ], [ 3.264233164, 42.237807015 ], [ 3.229516324, 42.251532544 ], [ 3.227189279, 42.250543237 ], [ 3.226818809, 42.249123234 ], [ 3.230643181, 42.243811092 ], [ 3.225959376, 42.243733344 ], [ 3.229411639, 42.240664812 ], [ 3.217922475, 42.232379387 ], [ 3.165417399, 42.264604827 ], [ 3.119447926, 42.226750614 ], [ 3.117878429, 42.142168468 ], [ 3.124524783, 42.12759987 ], [ 3.136753284, 42.12665585 ], [ 3.136362593, 42.1252064 ], [ 3.1366023, 42.124224622 ], [ 3.138329582, 42.121549434 ], [ 3.137950932, 42.115791954 ], [ 3.149205241, 42.121223036 ], [ 3.164859838, 42.113042365 ], [ 3.166990365, 42.113393993 ], [ 3.169318141, 42.115001569 ], [ 3.172623103, 42.111767236 ], [ 3.174862629, 42.111304759 ], [ 3.176814376, 42.111536367 ], [ 3.169537031, 42.105331545 ], [ 3.171872809, 42.103126208 ], [ 3.174557814, 42.102522158 ], [ 3.179552925, 42.102801315 ], [ 3.181907777, 42.105257305 ], [ 3.184558002, 42.099218248 ], [ 3.195288932, 42.086953816 ], [ 3.195087222, 42.0831573 ], [ 3.202179692, 42.082286677 ], [ 3.198856098, 42.077705387 ], [ 3.206511876, 42.070620223 ], [ 3.212265939, 42.068804467 ], [ 3.208945432, 42.065735511 ], [ 3.210391385, 42.061624494 ], [ 3.214697668, 42.06119242 ], [ 3.212162996, 42.05948499 ], [ 3.213705565, 42.059572164 ], [ 3.212271988, 42.058623968 ], [ 3.211056095, 42.055332658 ], [ 3.211288251, 42.054248917 ], [ 3.212152392, 42.054192954 ], [ 3.201245306, 42.053443996 ], [ 3.197627876, 42.045584069 ], [ 3.19570903, 42.013769797 ], [ 3.210304131, 41.973585744 ], [ 3.231254037, 41.969051614 ], [ 3.226936496, 41.964265793 ], [ 3.229219361, 41.962375866 ], [ 3.230485721, 41.962571292 ], [ 3.229743709, 41.960502315 ], [ 3.231811781, 41.959468496 ], [ 3.232433254, 41.959638634 ], [ 3.232647694, 41.961162679 ], [ 3.233555204, 41.961997827 ], [ 3.23364979, 41.958565617 ], [ 3.232092867, 41.958452236 ], [ 3.229338012, 41.954898955 ], [ 3.233472475, 41.950374705 ], [ 3.228217685, 41.948631594 ], [ 3.227906904, 41.94735581 ], [ 3.226868826, 41.947345318 ], [ 3.226009885, 41.946105615 ], [ 3.225998933, 41.945534069 ], [ 3.225358388, 41.945590093 ], [ 3.224725921, 41.945336624 ], [ 3.224232631, 41.944691266 ], [ 3.22162952, 41.944205197 ], [ 3.217820292, 41.942415749 ], [ 3.218611811, 41.941000382 ], [ 3.216920397, 41.939419915 ], [ 3.217666666, 41.939146494 ], [ 3.217192538, 41.938324535 ], [ 3.217505725, 41.937797096 ], [ 3.217176406, 41.937947613 ], [ 3.217127179, 41.938616753 ], [ 3.21641115, 41.938707007 ], [ 3.216912817, 41.937899677 ], [ 3.215849588, 41.938293301 ], [ 3.215357031, 41.938001058 ], [ 3.215868095, 41.937380699 ], [ 3.214752926, 41.937144118 ], [ 3.214281653, 41.935929897 ], [ 3.216701032, 41.93396835 ], [ 3.220529476, 41.93484091 ], [ 3.219565325, 41.931824952 ], [ 3.215788011, 41.930513444 ], [ 3.215199519, 41.929710344 ], [ 3.215905447, 41.929523024 ], [ 3.214921801, 41.928975011 ], [ 3.217553269, 41.922066303 ], [ 3.220381617, 41.922272554 ], [ 3.215593571, 41.921497715 ], [ 3.21630092, 41.918119681 ], [ 3.207426539, 41.917332486 ], [ 3.207673842, 41.913061298 ], [ 3.211891076, 41.910455896 ], [ 3.206951401, 41.907987588 ], [ 3.20957098, 41.901967347 ], [ 3.205350843, 41.900324036 ], [ 3.205844583, 41.899082031 ], [ 3.204382465, 41.897550057 ], [ 3.202946109, 41.891569885 ], [ 3.19395333, 41.893497598 ], [ 3.182252804, 41.886875487 ], [ 3.181606261, 41.884552105 ], [ 3.182690111, 41.883305347 ], [ 3.181930102, 41.882671338 ], [ 3.183236845, 41.881736571 ], [ 3.180152555, 41.880733124 ], [ 3.178298322, 41.878997052 ], [ 3.176757935, 41.866332589 ], [ 3.151596202, 41.861988122 ], [ 3.142556106, 41.856427389 ], [ 3.144821404, 41.849554635 ], [ 3.137830547, 41.848873293 ], [ 3.137149355, 41.847808622 ], [ 3.13754288, 41.84554538 ], [ 3.136872368, 41.844673232 ], [ 3.135787007, 41.844073669 ], [ 3.13687219, 41.847641548 ], [ 3.132391392, 41.846280363 ], [ 3.129160245, 41.841134881 ], [ 3.128494956, 41.842372366 ], [ 3.121065242, 41.8412371 ], [ 3.120051066, 41.84162312 ], [ 3.122222458, 41.848142539 ], [ 3.113954953, 41.848537714 ], [ 3.102192752, 41.844970431 ], [ 3.071615073, 41.819476365 ], [ 3.066634743, 41.800693629 ], [ 3.045605584, 41.788313517 ], [ 3.043632943, 41.778489163 ], [ 3.030598238, 41.779905824 ], [ 3.029292759, 41.778939428 ], [ 3.029509816, 41.775876502 ], [ 3.031751523, 41.771455685 ], [ 3.011125811, 41.772180576 ], [ 2.97713977, 41.7575326 ], [ 2.934871045, 41.720358371 ], [ 2.933989842, 41.714850013 ], [ 2.854529513, 41.700008328 ], [ 2.846219277, 41.697177432 ], [ 2.845216256, 41.69631001 ], [ 2.845164681, 41.694864655 ], [ 2.845037213, 41.695149739 ], [ 2.844659588, 41.694714454 ], [ 2.843591357, 41.695260009 ], [ 2.84274352, 41.694321929 ], [ 2.842728964, 41.693735995 ], [ 2.841738374, 41.693738688 ], [ 2.841216484, 41.693193216 ], [ 2.84002224, 41.693378188 ], [ 2.8384471, 41.692723957 ], [ 2.83836655, 41.693169968 ], [ 2.836655817, 41.694345684 ], [ 2.833993132, 41.694296652 ], [ 2.819398897, 41.688856469 ], [ 2.791573463, 41.672384074 ], [ 2.773762826, 41.648382833 ], [ 2.55543663, 41.579365088 ], [ 2.369043537, 41.490446406 ], [ 2.266867719, 41.459017357 ], [ 2.185360735, 41.357735268 ], [ 2.186444354, 41.379656009 ], [ 2.177970603, 41.374134055 ], [ 2.183417389, 41.363339902 ], [ 2.172842615, 41.317218471 ], [ 2.182263022, 41.364523562 ], [ 2.150919525, 41.34648513 ], [ 2.148818159, 41.32996888 ], [ 2.156854133, 41.342299996 ], [ 2.166205423, 41.341174197 ], [ 2.142750649, 41.299268837 ], [ 2.167595352, 41.311343012 ], [ 2.152366953, 41.295696498 ], [ 1.934794606, 41.262386353 ], [ 1.607566184, 41.183624902 ], [ 1.511707706, 41.177307344 ], [ 1.401512134, 41.13261873 ], [ 1.297918427, 41.127771877 ], [ 1.21348977, 41.078642788 ], [ 1.248917231, 41.108871382 ], [ 1.204819129, 41.095714008 ], [ 1.21420062, 41.087102581 ], [ 1.198866036, 41.094018861 ], [ 1.207811126, 41.082130441 ], [ 1.193946707, 41.089448163 ], [ 1.170340657, 41.054633143 ], [ 1.124863966, 41.074766326 ], [ 0.985098571, 41.039926827 ], [ 0.862047953, 40.946921551 ], [ 0.741336, 40.823324954 ], [ 0.699995743, 40.803400757 ], [ 0.729312597, 40.769796378 ], [ 0.782131912, 40.768720548 ], [ 0.725170381, 40.787775023 ], [ 0.767720104, 40.791801156 ], [ 0.828927949, 40.733581237 ], [ 0.87356681, 40.730156487 ], [ 0.864285368, 40.692536695 ], [ 0.756259905, 40.639903739 ], [ 0.697202751, 40.576527475 ], [ 0.662212807, 40.557228531 ], [ 0.618696886, 40.552071117 ], [ 0.592412621, 40.57763305 ], [ 0.618350804, 40.571983434 ], [ 0.61786991, 40.585840748 ], [ 0.63414692, 40.576449017 ], [ 0.648944176, 40.572937724 ], [ 0.657040825, 40.578255895 ], [ 0.660325239, 40.591471438 ], [ 0.708717394, 40.591126299 ], [ 0.745233792, 40.636114702 ], [ 0.692719157, 40.63981345 ], [ 0.604715547, 40.623184927 ], [ 0.593204349, 40.616319779 ], [ 0.604518157, 40.60908781 ], [ 0.580178347, 40.603645969 ] ] ], [ [ [ 0.645506201, 40.57856711 ], [ 0.646608099, 40.578847478 ], [ 0.646949242, 40.578170249 ], [ 0.645506201, 40.57856711 ] ] ], [ [ [ 0.643469043, 40.579333959 ], [ 0.644207838, 40.578148845 ], [ 0.642927129, 40.579360086 ], [ 0.643469043, 40.579333959 ] ] ], [ [ [ 0.634210633, 40.577842935 ], [ 0.635810292, 40.581205773 ], [ 0.635786756, 40.577721205 ], [ 0.634210633, 40.577842935 ] ] ], [ [ [ 0.647984898, 40.580055757 ], [ 0.64924776, 40.579169239 ], [ 0.648878963, 40.578469441 ], [ 0.647984898, 40.580055757 ] ] ], [ [ [ 0.638027352, 40.579397696 ], [ 0.638523885, 40.579841334 ], [ 0.638385083, 40.579242314 ], [ 0.638027352, 40.579397696 ] ] ], [ [ [ 0.643120463, 40.580092467 ], [ 0.642677901, 40.579773228 ], [ 0.642391613, 40.58080895 ], [ 0.643120463, 40.580092467 ] ] ], [ [ [ 0.644848306, 40.580371086 ], [ 0.644597003, 40.581180558 ], [ 0.644979479, 40.580393957 ], [ 0.644848306, 40.580371086 ] ] ], [ [ [ 0.633666232, 40.581093236 ], [ 0.633601999, 40.581869773 ], [ 0.634058573, 40.5815762 ], [ 0.633666232, 40.581093236 ] ] ], [ [ [ 0.641966478, 40.581245658 ], [ 0.641084875, 40.581759821 ], [ 0.641046006, 40.581914149 ], [ 0.641966478, 40.581245658 ] ] ], [ [ [ 0.636695469, 40.581628158 ], [ 0.63692625, 40.581963106 ], [ 0.637016377, 40.581446923 ], [ 0.636695469, 40.581628158 ] ] ], [ [ [ 0.639191185, 40.582125803 ], [ 0.638115855, 40.581682419 ], [ 0.638571495, 40.582460567 ], [ 0.639191185, 40.582125803 ] ] ], [ [ [ 0.63577591, 40.582314591 ], [ 0.635059811, 40.581742773 ], [ 0.634372564, 40.582574973 ], [ 0.63577591, 40.582314591 ] ] ], [ [ [ 0.642349238, 40.582638497 ], [ 0.642340738, 40.581612087 ], [ 0.641458907, 40.582774689 ], [ 0.642349238, 40.582638497 ] ] ], [ [ [ 0.645161881, 40.583315125 ], [ 0.645252133, 40.582150505 ], [ 0.644872095, 40.58298206 ], [ 0.645161881, 40.583315125 ] ] ], [ [ [ 0.649510241, 40.582907404 ], [ 0.650005453, 40.583107871 ], [ 0.649970614, 40.582901837 ], [ 0.649510241, 40.582907404 ] ] ], [ [ [ 0.643358048, 40.583813425 ], [ 0.643371649, 40.582759299 ], [ 0.642720365, 40.583599417 ], [ 0.643358048, 40.583813425 ] ] ], [ [ [ 0.655730138, 40.581296434 ], [ 0.654200951, 40.58271381 ], [ 0.648988497, 40.584824171 ], [ 0.653596764, 40.584849351 ], [ 0.655730138, 40.581296434 ] ] ], [ [ [ 0.645087519, 40.583902863 ], [ 0.644102841, 40.584042057 ], [ 0.645107556, 40.584271473 ], [ 0.645087519, 40.583902863 ] ] ], [ [ [ 0.647983107, 40.583279942 ], [ 0.646372626, 40.584726802 ], [ 0.648412737, 40.584446128 ], [ 0.647983107, 40.583279942 ] ] ], [ [ [ 0.707527922, 40.635568572 ], [ 0.707320182, 40.635233035 ], [ 0.707278958, 40.63534243 ], [ 0.707527922, 40.635568572 ] ] ], [ [ [ 1.973205648, 42.485245889 ], [ 1.992932719, 42.490703578 ], [ 1.987394192, 42.469595263 ], [ 2.012776641, 42.44835672 ], [ 1.959830153, 42.453288009 ], [ 1.973205648, 42.485245889 ] ] ], [ [ [ 2.639748249, 41.604799377 ], [ 2.639782317, 41.604914726 ], [ 2.639861999, 41.604865793 ], [ 2.639748249, 41.604799377 ] ] ], [ [ [ 2.791308719, 41.670048741 ], [ 2.79142024, 41.670035883 ], [ 2.791421502, 41.67001688 ], [ 2.791308719, 41.670048741 ] ] ], [ [ [ 2.791201716, 41.670150689 ], [ 2.79122279, 41.670209274 ], [ 2.791252881, 41.670153754 ], [ 2.791201716, 41.670150689 ] ] ], [ [ [ 2.790823973, 41.670317448 ], [ 2.790812959, 41.670268429 ], [ 2.790749055, 41.670303981 ], [ 2.790823973, 41.670317448 ] ] ], [ [ [ 2.790632772, 41.670415189 ], [ 2.79062417, 41.670325912 ], [ 2.790590678, 41.670393046 ], [ 2.790632772, 41.670415189 ] ] ], [ [ [ 2.792028018, 41.670096068 ], [ 2.792475579, 41.670446083 ], [ 2.792041756, 41.669970082 ], [ 2.792028018, 41.670096068 ] ] ], [ [ [ 2.804333929, 41.673071244 ], [ 2.804220796, 41.67321913 ], [ 2.804397928, 41.673201326 ], [ 2.804333929, 41.673071244 ] ] ], [ [ [ 2.802806385, 41.673280041 ], [ 2.802897937, 41.672960802 ], [ 2.802750967, 41.673015315 ], [ 2.802806385, 41.673280041 ] ] ], [ [ [ 2.803799449, 41.673230754 ], [ 2.803226627, 41.673039005 ], [ 2.803120075, 41.673115925 ], [ 2.803799449, 41.673230754 ] ] ], [ [ [ 2.801983265, 41.673934444 ], [ 2.801987571, 41.674019299 ], [ 2.802039361, 41.673976424 ], [ 2.801983265, 41.673934444 ] ] ], [ [ [ 2.803415649, 41.674013096 ], [ 2.803437813, 41.674191295 ], [ 2.803487104, 41.674179941 ], [ 2.803415649, 41.674013096 ] ] ], [ [ [ 2.803779888, 41.674246308 ], [ 2.803591542, 41.674058307 ], [ 2.803725041, 41.674276902 ], [ 2.803779888, 41.674246308 ] ] ], [ [ [ 2.803704716, 41.674662757 ], [ 2.803756808, 41.674791812 ], [ 2.80376051, 41.674651542 ], [ 2.803704716, 41.674662757 ] ] ], [ [ [ 2.803741385, 41.675045641 ], [ 2.803611944, 41.675062983 ], [ 2.803637178, 41.675100767 ], [ 2.803741385, 41.675045641 ] ] ], [ [ [ 2.806235823, 41.675909017 ], [ 2.806072465, 41.676018901 ], [ 2.806288395, 41.676046015 ], [ 2.806235823, 41.675909017 ] ] ], [ [ [ 2.805836355, 41.675979674 ], [ 2.805846262, 41.676114078 ], [ 2.806048366, 41.676106625 ], [ 2.805836355, 41.675979674 ] ] ], [ [ [ 2.80602826, 41.676195437 ], [ 2.805994096, 41.676260363 ], [ 2.806106462, 41.676248482 ], [ 2.80602826, 41.676195437 ] ] ], [ [ [ 2.806143755, 41.676349036 ], [ 2.806217516, 41.676310609 ], [ 2.806146221, 41.676296416 ], [ 2.806143755, 41.676349036 ] ] ], [ [ [ 2.806466717, 41.67631635 ], [ 2.806324091, 41.67640303 ], [ 2.806451542, 41.676449721 ], [ 2.806466717, 41.67631635 ] ] ], [ [ [ 2.806801466, 41.676384375 ], [ 2.80690384, 41.676419945 ], [ 2.806902954, 41.676394813 ], [ 2.806801466, 41.676384375 ] ] ], [ [ [ 2.807210818, 41.676575201 ], [ 2.807290292, 41.676635863 ], [ 2.807312413, 41.676590053 ], [ 2.807210818, 41.676575201 ] ] ], [ [ [ 2.807039198, 41.676675976 ], [ 2.807185625, 41.676643975 ], [ 2.807189859, 41.676634254 ], [ 2.807039198, 41.676675976 ] ] ], [ [ [ 2.809687389, 41.676702623 ], [ 2.809508268, 41.67661757 ], [ 2.80948415, 41.676689227 ], [ 2.809687389, 41.676702623 ] ] ], [ [ [ 2.807251032, 41.676667412 ], [ 2.807111662, 41.67683093 ], [ 2.807348972, 41.676739724 ], [ 2.807251032, 41.676667412 ] ] ], [ [ [ 2.808286394, 41.6768346 ], [ 2.808310106, 41.676981907 ], [ 2.808396733, 41.677020962 ], [ 2.808448156, 41.676979524 ], [ 2.808286394, 41.6768346 ] ] ], [ [ [ 2.807804782, 41.67682263 ], [ 2.80783606, 41.67749795 ], [ 2.808264506, 41.677248174 ], [ 2.807804782, 41.67682263 ] ] ], [ [ [ 2.81130558, 41.680076842 ], [ 2.811139065, 41.680155922 ], [ 2.81122491, 41.68019372 ], [ 2.81130558, 41.680076842 ] ] ], [ [ [ 2.811393593, 41.680164749 ], [ 2.811358575, 41.680266473 ], [ 2.811454858, 41.680250688 ], [ 2.811393593, 41.680164749 ] ] ], [ [ [ 2.8112305, 41.680285874 ], [ 2.811290681, 41.680290296 ], [ 2.811234971, 41.680256139 ], [ 2.8112305, 41.680285874 ] ] ], [ [ [ 2.811660169, 41.680928768 ], [ 2.81169604, 41.680988725 ], [ 2.811720912, 41.680905358 ], [ 2.811660169, 41.680928768 ] ] ], [ [ [ 2.812069958, 41.681090772 ], [ 2.81210607, 41.681290098 ], [ 2.812202792, 41.681267289 ], [ 2.812069958, 41.681090772 ] ] ], [ [ [ 2.816568933, 41.681975408 ], [ 2.816415381, 41.681805558 ], [ 2.816353739, 41.681934533 ], [ 2.816568933, 41.681975408 ] ] ], [ [ [ 2.814043687, 41.682112327 ], [ 2.813875659, 41.681839408 ], [ 2.813756889, 41.681986213 ], [ 2.814043687, 41.682112327 ] ] ], [ [ [ 2.815903133, 41.681821496 ], [ 2.81575872, 41.682198845 ], [ 2.816069106, 41.681890485 ], [ 2.815903133, 41.681821496 ] ] ], [ [ [ 2.816049823, 41.682080776 ], [ 2.816003884, 41.682137358 ], [ 2.81607812, 41.682101267 ], [ 2.816049823, 41.682080776 ] ] ], [ [ [ 2.81591588, 41.682156042 ], [ 2.815916793, 41.682215581 ], [ 2.8159582, 41.682188896 ], [ 2.81591588, 41.682156042 ] ] ], [ [ [ 2.816184342, 41.682183222 ], [ 2.816030231, 41.682210178 ], [ 2.816140081, 41.682283581 ], [ 2.816184342, 41.682183222 ] ] ], [ [ [ 2.81594023, 41.682358284 ], [ 2.815819896, 41.682253428 ], [ 2.815829, 41.682347567 ], [ 2.81594023, 41.682358284 ] ] ], [ [ [ 2.814276491, 41.682384542 ], [ 2.814301875, 41.682289197 ], [ 2.814224427, 41.682356085 ], [ 2.814276491, 41.682384542 ] ] ], [ [ [ 2.816103219, 41.682698573 ], [ 2.816104209, 41.682603729 ], [ 2.816029512, 41.682675127 ], [ 2.816103219, 41.682698573 ] ] ], [ [ [ 2.816312777, 41.682906072 ], [ 2.81584076, 41.682841729 ], [ 2.81607392, 41.683030801 ], [ 2.816312777, 41.682906072 ] ] ], [ [ [ 2.816756622, 41.685668287 ], [ 2.816716433, 41.685772796 ], [ 2.816830093, 41.685733796 ], [ 2.816756622, 41.685668287 ] ] ], [ [ [ 2.816902046, 41.685826684 ], [ 2.817001641, 41.685747579 ], [ 2.816897225, 41.685704359 ], [ 2.816902046, 41.685826684 ] ] ], [ [ [ 2.818757426, 41.686589276 ], [ 2.818622627, 41.686881705 ], [ 2.819118647, 41.686881677 ], [ 2.818757426, 41.686589276 ] ] ], [ [ [ 2.818236749, 41.686812371 ], [ 2.81819625, 41.686600639 ], [ 2.818099409, 41.686598144 ], [ 2.818236749, 41.686812371 ] ] ], [ [ [ 2.821215592, 41.688605414 ], [ 2.821123073, 41.688646343 ], [ 2.821254809, 41.688633127 ], [ 2.821215592, 41.688605414 ] ] ], [ [ [ 2.822425381, 41.688741316 ], [ 2.822122779, 41.688665368 ], [ 2.822432995, 41.68876916 ], [ 2.822425381, 41.688741316 ] ] ], [ [ [ 2.821786166, 41.688765186 ], [ 2.821876912, 41.688757131 ], [ 2.821764758, 41.688728764 ], [ 2.821786166, 41.688765186 ] ] ], [ [ [ 2.81977122, 41.68878186 ], [ 2.819848922, 41.688883763 ], [ 2.819879183, 41.688847782 ], [ 2.81977122, 41.68878186 ] ] ], [ [ [ 2.821993662, 41.688949074 ], [ 2.822076842, 41.688852286 ], [ 2.821919271, 41.688909147 ], [ 2.821993662, 41.688949074 ] ] ], [ [ [ 2.822063437, 41.688963683 ], [ 2.822013633, 41.689027917 ], [ 2.822078919, 41.689014237 ], [ 2.822063437, 41.688963683 ] ] ], [ [ [ 2.821927459, 41.689033909 ], [ 2.821961637, 41.689102326 ], [ 2.821983773, 41.689092993 ], [ 2.821927459, 41.689033909 ] ] ], [ [ [ 2.822343549, 41.68939691 ], [ 2.822290912, 41.689529504 ], [ 2.822385255, 41.689524786 ], [ 2.822343549, 41.68939691 ] ] ], [ [ [ 2.822637241, 41.689524725 ], [ 2.822970864, 41.689551901 ], [ 2.822686446, 41.689459859 ], [ 2.822637241, 41.689524725 ] ] ], [ [ [ 2.827339253, 41.690122844 ], [ 2.826698808, 41.690197721 ], [ 2.826955389, 41.690322586 ], [ 2.827339253, 41.690122844 ] ] ], [ [ [ 2.826206942, 41.690118255 ], [ 2.826165329, 41.690265549 ], [ 2.826281924, 41.69020808 ], [ 2.826206942, 41.690118255 ] ] ], [ [ [ 2.826582423, 41.690221684 ], [ 2.826686889, 41.690340556 ], [ 2.826727553, 41.690322603 ], [ 2.826582423, 41.690221684 ] ] ], [ [ [ 2.82410476, 41.690338525 ], [ 2.824056249, 41.6904133 ], [ 2.824124382, 41.69036981 ], [ 2.82410476, 41.690338525 ] ] ], [ [ [ 2.825435718, 41.690295788 ], [ 2.825375753, 41.690385228 ], [ 2.825525929, 41.690485976 ], [ 2.825435718, 41.690295788 ] ] ], [ [ [ 2.827284509, 41.690599117 ], [ 2.827512964, 41.690367616 ], [ 2.827143778, 41.690470463 ], [ 2.827284509, 41.690599117 ] ] ], [ [ [ 2.828635203, 41.690500382 ], [ 2.828489598, 41.690712373 ], [ 2.828735133, 41.690654644 ], [ 2.828635203, 41.690500382 ] ] ], [ [ [ 2.829518129, 41.691159668 ], [ 2.829160136, 41.690801102 ], [ 2.829045663, 41.691282724 ], [ 2.829518129, 41.691159668 ] ] ], [ [ [ 2.829866072, 41.691229178 ], [ 2.829775417, 41.691201932 ], [ 2.829767315, 41.691221286 ], [ 2.829866072, 41.691229178 ] ] ], [ [ [ 2.838598203, 41.692622208 ], [ 2.839003022, 41.692877859 ], [ 2.838570818, 41.692472471 ], [ 2.838598203, 41.692622208 ] ] ], [ [ [ 2.839113161, 41.692756326 ], [ 2.839047262, 41.692870805 ], [ 2.839123131, 41.692854608 ], [ 2.839113161, 41.692756326 ] ] ], [ [ [ 2.839355231, 41.693075878 ], [ 2.839296164, 41.693053008 ], [ 2.83930787, 41.693081216 ], [ 2.839355231, 41.693075878 ] ] ], [ [ [ 2.840040394, 41.693194828 ], [ 2.840054692, 41.693341574 ], [ 2.840137491, 41.693195773 ], [ 2.840040394, 41.693194828 ] ] ], [ [ [ 2.842070259, 41.693274736 ], [ 2.842055281, 41.693404508 ], [ 2.842116158, 41.693277501 ], [ 2.842070259, 41.693274736 ] ] ], [ [ [ 2.841576909, 41.693488877 ], [ 2.841521236, 41.693355675 ], [ 2.841464428, 41.693391085 ], [ 2.841576909, 41.693488877 ] ] ], [ [ [ 2.842195446, 41.693484504 ], [ 2.842414688, 41.69341572 ], [ 2.842141519, 41.693374003 ], [ 2.842195446, 41.693484504 ] ] ], [ [ [ 2.837664485, 41.693527643 ], [ 2.837515871, 41.693368727 ], [ 2.837534478, 41.693615369 ], [ 2.837664485, 41.693527643 ] ] ], [ [ [ 2.837366899, 41.693733846 ], [ 2.837399105, 41.693829367 ], [ 2.837449527, 41.693754319 ], [ 2.837366899, 41.693733846 ] ] ], [ [ [ 2.836807948, 41.69403038 ], [ 2.836652234, 41.694065646 ], [ 2.836730584, 41.694114396 ], [ 2.836807948, 41.69403038 ] ] ], [ [ [ 2.843007309, 41.694432087 ], [ 2.843152525, 41.694314292 ], [ 2.843051476, 41.694257769 ], [ 2.843007309, 41.694432087 ] ] ], [ [ [ 2.843222643, 41.694538125 ], [ 2.843260585, 41.694452969 ], [ 2.843238478, 41.694450597 ], [ 2.843222643, 41.694538125 ] ] ], [ [ [ 2.845033001, 41.694816199 ], [ 2.845070637, 41.694757253 ], [ 2.845017942, 41.694781411 ], [ 2.845033001, 41.694816199 ] ] ], [ [ [ 2.844940703, 41.694867595 ], [ 2.844993236, 41.69491081 ], [ 2.845020565, 41.694840411 ], [ 2.844940703, 41.694867595 ] ] ], [ [ [ 2.845378813, 41.69508814 ], [ 2.845400664, 41.694946307 ], [ 2.84532202, 41.694967007 ], [ 2.845378813, 41.69508814 ] ] ], [ [ [ 2.84530495, 41.695420674 ], [ 2.845560592, 41.695459118 ], [ 2.845549607, 41.69532877 ], [ 2.84530495, 41.695420674 ] ] ], [ [ [ 2.845568883, 41.695961818 ], [ 2.845630446, 41.69594839 ], [ 2.84558695, 41.695894829 ], [ 2.845568883, 41.695961818 ] ] ], [ [ [ 2.845529856, 41.696049675 ], [ 2.845521195, 41.695952747 ], [ 2.845434763, 41.696013429 ], [ 2.845529856, 41.696049675 ] ] ], [ [ [ 2.860002937, 41.698689205 ], [ 2.860085656, 41.698562395 ], [ 2.85998792, 41.698575336 ], [ 2.860002937, 41.698689205 ] ] ], [ [ [ 2.866940005, 41.698899116 ], [ 2.866912328, 41.698799375 ], [ 2.866859488, 41.698896591 ], [ 2.866940005, 41.698899116 ] ] ], [ [ [ 2.860588705, 41.698911042 ], [ 2.860399481, 41.69888172 ], [ 2.860552737, 41.698982155 ], [ 2.860588705, 41.698911042 ] ] ], [ [ [ 2.861338387, 41.698973918 ], [ 2.861274359, 41.698904486 ], [ 2.861217024, 41.698963954 ], [ 2.861338387, 41.698973918 ] ] ], [ [ [ 2.864975823, 41.698919703 ], [ 2.864830104, 41.699004469 ], [ 2.86503846, 41.699023719 ], [ 2.864975823, 41.698919703 ] ] ], [ [ [ 2.862835358, 41.699040927 ], [ 2.862839215, 41.698922307 ], [ 2.862769576, 41.699004009 ], [ 2.862835358, 41.699040927 ] ] ], [ [ [ 2.862997915, 41.699121014 ], [ 2.863012844, 41.699052127 ], [ 2.862966873, 41.699080715 ], [ 2.862997915, 41.699121014 ] ] ], [ [ [ 2.861365113, 41.699064833 ], [ 2.861293464, 41.699129958 ], [ 2.861415847, 41.699112992 ], [ 2.861365113, 41.699064833 ] ] ], [ [ [ 2.863450504, 41.699243869 ], [ 2.863557918, 41.699200763 ], [ 2.863431409, 41.699123241 ], [ 2.863450504, 41.699243869 ] ] ], [ [ [ 2.859116994, 41.699319855 ], [ 2.8592009, 41.699103544 ], [ 2.858999399, 41.699193008 ], [ 2.859116994, 41.699319855 ] ] ], [ [ [ 2.869083872, 41.699286994 ], [ 2.869136044, 41.699221301 ], [ 2.869092661, 41.69921972 ], [ 2.869083872, 41.699286994 ] ] ], [ [ [ 2.860923773, 41.699245883 ], [ 2.860870984, 41.699314904 ], [ 2.860921288, 41.699339104 ], [ 2.860923773, 41.699245883 ] ] ], [ [ [ 2.868814583, 41.699325868 ], [ 2.868777965, 41.699248094 ], [ 2.868696241, 41.699306908 ], [ 2.868814583, 41.699325868 ] ] ], [ [ [ 2.869283612, 41.699467094 ], [ 2.869503934, 41.699513641 ], [ 2.869233336, 41.699367958 ], [ 2.869283612, 41.699467094 ] ] ], [ [ [ 2.870054168, 41.699436893 ], [ 2.870117094, 41.699521811 ], [ 2.870212794, 41.699504896 ], [ 2.870054168, 41.699436893 ] ] ], [ [ [ 2.85814044, 41.699635913 ], [ 2.858099221, 41.699524534 ], [ 2.858035029, 41.69953121 ], [ 2.85814044, 41.699635913 ] ] ], [ [ [ 2.857976968, 41.699700743 ], [ 2.857926249, 41.699755894 ], [ 2.858000306, 41.699745087 ], [ 2.857976968, 41.699700743 ] ] ], [ [ [ 2.856781646, 41.699797347 ], [ 2.856553158, 41.699805259 ], [ 2.856797049, 41.699842762 ], [ 2.856781646, 41.699797347 ] ] ], [ [ [ 2.869884923, 41.699807885 ], [ 2.869834923, 41.699869348 ], [ 2.869910904, 41.699857184 ], [ 2.869884923, 41.699807885 ] ] ], [ [ [ 2.856447025, 41.700057692 ], [ 2.856437172, 41.699917163 ], [ 2.856373343, 41.699922127 ], [ 2.856447025, 41.700057692 ] ] ], [ [ [ 2.856338149, 41.700061065 ], [ 2.8562675, 41.700066379 ], [ 2.856311589, 41.700090977 ], [ 2.856338149, 41.700061065 ] ] ], [ [ [ 2.870533952, 41.700150169 ], [ 2.870545425, 41.700062272 ], [ 2.870487475, 41.700072925 ], [ 2.870533952, 41.700150169 ] ] ], [ [ [ 2.872541999, 41.700210059 ], [ 2.872464003, 41.700147193 ], [ 2.872445042, 41.700193469 ], [ 2.872541999, 41.700210059 ] ] ], [ [ [ 2.872166264, 41.700410861 ], [ 2.872121589, 41.70002972 ], [ 2.871865318, 41.700170126 ], [ 2.872166264, 41.700410861 ] ] ], [ [ [ 2.872545492, 41.700327606 ], [ 2.872577116, 41.700259277 ], [ 2.872464094, 41.700283651 ], [ 2.872545492, 41.700327606 ] ] ], [ [ [ 2.874709541, 41.700886087 ], [ 2.874571302, 41.700837027 ], [ 2.874552711, 41.70087907 ], [ 2.874709541, 41.700886087 ] ] ], [ [ [ 2.872843614, 41.700905474 ], [ 2.873177279, 41.700830003 ], [ 2.87289454, 41.700739439 ], [ 2.872843614, 41.700905474 ] ] ], [ [ [ 2.874965285, 41.700953919 ], [ 2.875057807, 41.700902949 ], [ 2.874941297, 41.700866523 ], [ 2.874965285, 41.700953919 ] ] ], [ [ [ 2.877906646, 41.70105688 ], [ 2.877858999, 41.700831291 ], [ 2.877769295, 41.700855154 ], [ 2.877906646, 41.70105688 ] ] ], [ [ [ 2.887867538, 41.701352017 ], [ 2.887552096, 41.701393051 ], [ 2.887890372, 41.701422114 ], [ 2.887867538, 41.701352017 ] ] ], [ [ [ 2.887496452, 41.701391646 ], [ 2.887259657, 41.701337731 ], [ 2.887683191, 41.701478747 ], [ 2.887496452, 41.701391646 ] ] ], [ [ [ 2.886313447, 41.701462629 ], [ 2.886770391, 41.701398228 ], [ 2.886249172, 41.701379879 ], [ 2.886313447, 41.701462629 ] ] ], [ [ [ 2.878668258, 41.701569455 ], [ 2.879369179, 41.701514726 ], [ 2.878643253, 41.701406706 ], [ 2.878668258, 41.701569455 ] ] ], [ [ [ 2.879825314, 41.701824689 ], [ 2.87989654, 41.701784502 ], [ 2.879542278, 41.701757019 ], [ 2.879825314, 41.701824689 ] ] ], [ [ [ 2.885953878, 41.701784998 ], [ 2.886064073, 41.70206694 ], [ 2.886120536, 41.701809212 ], [ 2.885953878, 41.701784998 ] ] ], [ [ [ 2.889253375, 41.702144637 ], [ 2.889295464, 41.702341574 ], [ 2.889355124, 41.702244174 ], [ 2.889253375, 41.702144637 ] ] ], [ [ [ 2.885896941, 41.702378872 ], [ 2.885703182, 41.702522793 ], [ 2.88585922, 41.702572218 ], [ 2.885896941, 41.702378872 ] ] ], [ [ [ 2.889826048, 41.703003658 ], [ 2.889788514, 41.702954082 ], [ 2.889751702, 41.702973412 ], [ 2.889826048, 41.703003658 ] ] ], [ [ [ 2.891225577, 41.703409681 ], [ 2.891225884, 41.703298804 ], [ 2.891160243, 41.70330883 ], [ 2.891225577, 41.703409681 ] ] ], [ [ [ 2.890320841, 41.70344557 ], [ 2.890288669, 41.703338718 ], [ 2.890241655, 41.703434056 ], [ 2.890320841, 41.70344557 ] ] ], [ [ [ 2.892560285, 41.703632512 ], [ 2.893029068, 41.703754726 ], [ 2.892519202, 41.703474849 ], [ 2.892560285, 41.703632512 ] ] ], [ [ [ 2.885260436, 41.703654999 ], [ 2.885165898, 41.703625632 ], [ 2.885175542, 41.703676982 ], [ 2.885260436, 41.703654999 ] ] ], [ [ [ 2.896131219, 41.703597875 ], [ 2.895827356, 41.703759098 ], [ 2.896345656, 41.703887108 ], [ 2.896131219, 41.703597875 ] ] ], [ [ [ 2.893704839, 41.703940359 ], [ 2.893590953, 41.703979165 ], [ 2.89371202, 41.704031879 ], [ 2.893704839, 41.703940359 ] ] ], [ [ [ 2.893856885, 41.704084164 ], [ 2.894086128, 41.703842174 ], [ 2.893865739, 41.70381666 ], [ 2.893856885, 41.704084164 ] ] ], [ [ [ 2.912424563, 41.707405063 ], [ 2.911681214, 41.707812518 ], [ 2.912336738, 41.70762564 ], [ 2.912424563, 41.707405063 ] ] ], [ [ [ 2.940102554, 41.719763009 ], [ 2.939893794, 41.720493972 ], [ 2.940368569, 41.719911237 ], [ 2.940102554, 41.719763009 ] ] ], [ [ [ 2.939920661, 41.720654608 ], [ 2.93982619, 41.720542488 ], [ 2.939796115, 41.72060706 ], [ 2.939920661, 41.720654608 ] ] ], [ [ [ 2.939968958, 41.720787128 ], [ 2.939862529, 41.720675628 ], [ 2.9398514, 41.720685207 ], [ 2.939968958, 41.720787128 ] ] ], [ [ [ 2.943227684, 41.725361874 ], [ 2.943188019, 41.725192902 ], [ 2.943058964, 41.725226606 ], [ 2.943227684, 41.725361874 ] ] ], [ [ [ 2.945935375, 41.72553634 ], [ 2.946182966, 41.725874544 ], [ 2.946309401, 41.725552921 ], [ 2.945935375, 41.72553634 ] ] ], [ [ [ 2.945653128, 41.725992077 ], [ 2.945592028, 41.725851224 ], [ 2.945526082, 41.72591766 ], [ 2.945653128, 41.725992077 ] ] ], [ [ [ 2.945725009, 41.726249391 ], [ 2.945828839, 41.726072968 ], [ 2.945307162, 41.726019045 ], [ 2.945725009, 41.726249391 ] ] ], [ [ [ 2.948316767, 41.728545201 ], [ 2.94832907, 41.72841854 ], [ 2.948256143, 41.72853935 ], [ 2.948316767, 41.728545201 ] ] ], [ [ [ 2.95284376, 41.731622498 ], [ 2.952817686, 41.731470827 ], [ 2.952741443, 41.731555806 ], [ 2.95284376, 41.731622498 ] ] ], [ [ [ 2.95910823, 41.740856292 ], [ 2.959269862, 41.740784867 ], [ 2.959132472, 41.740729008 ], [ 2.95910823, 41.740856292 ] ] ], [ [ [ 2.965051951, 41.745065541 ], [ 2.965496412, 41.74532143 ], [ 2.96547227, 41.745061642 ], [ 2.965051951, 41.745065541 ] ] ], [ [ [ 2.966298949, 41.746584836 ], [ 2.966629108, 41.746774665 ], [ 2.966340968, 41.746519635 ], [ 2.966298949, 41.746584836 ] ] ], [ [ [ 2.967029374, 41.746942835 ], [ 2.967178216, 41.746863064 ], [ 2.966845782, 41.746907397 ], [ 2.967029374, 41.746942835 ] ] ], [ [ [ 2.972090923, 41.752731356 ], [ 2.972241962, 41.752815068 ], [ 2.972284085, 41.752759055 ], [ 2.972090923, 41.752731356 ] ] ], [ [ [ 2.975514773, 41.753673374 ], [ 2.975480787, 41.753845492 ], [ 2.975674484, 41.753742762 ], [ 2.975514773, 41.753673374 ] ] ], [ [ [ 2.975479352, 41.754455539 ], [ 2.975178831, 41.75457743 ], [ 2.975551267, 41.754496807 ], [ 2.975479352, 41.754455539 ] ] ], [ [ [ 2.976256579, 41.755925023 ], [ 2.976110323, 41.755885992 ], [ 2.976079645, 41.755896884 ], [ 2.976256579, 41.755925023 ] ] ], [ [ [ 2.981691976, 41.757504954 ], [ 2.981708636, 41.75729221 ], [ 2.981473569, 41.757354771 ], [ 2.981691976, 41.757504954 ] ] ], [ [ [ 2.981471863, 41.757432682 ], [ 2.981419037, 41.757492931 ], [ 2.981502769, 41.757461149 ], [ 2.981471863, 41.757432682 ] ] ], [ [ [ 2.981436953, 41.757520045 ], [ 2.981106589, 41.757667256 ], [ 2.981510437, 41.757569865 ], [ 2.981436953, 41.757520045 ] ] ], [ [ [ 2.980716206, 41.757787796 ], [ 2.980880967, 41.757918065 ], [ 2.981284099, 41.757809326 ], [ 2.980716206, 41.757787796 ] ] ], [ [ [ 2.981226406, 41.758883948 ], [ 2.981147965, 41.758914829 ], [ 2.981232777, 41.758900612 ], [ 2.981226406, 41.758883948 ] ] ], [ [ [ 2.981158621, 41.759086415 ], [ 2.981212869, 41.759102817 ], [ 2.981217931, 41.759069582 ], [ 2.981158621, 41.759086415 ] ] ], [ [ [ 2.981058038, 41.759143323 ], [ 2.981022535, 41.75919853 ], [ 2.981084014, 41.759168817 ], [ 2.981058038, 41.759143323 ] ] ], [ [ [ 3.001878702, 41.764852445 ], [ 3.002050624, 41.764762417 ], [ 3.001860034, 41.764781411 ], [ 3.001878702, 41.764852445 ] ] ], [ [ [ 3.001824429, 41.76555741 ], [ 3.002000544, 41.76551217 ], [ 3.001741748, 41.765444725 ], [ 3.001824429, 41.76555741 ] ] ], [ [ [ 3.002780969, 41.766785474 ], [ 3.002555547, 41.766689275 ], [ 3.002511041, 41.766727615 ], [ 3.002780969, 41.766785474 ] ] ], [ [ [ 3.00380186, 41.767416053 ], [ 3.003885001, 41.76727667 ], [ 3.003737844, 41.767374403 ], [ 3.00380186, 41.767416053 ] ] ], [ [ [ 3.027941186, 41.770702238 ], [ 3.02828883, 41.770818954 ], [ 3.028373782, 41.77057144 ], [ 3.027941186, 41.770702238 ] ] ], [ [ [ 3.032059571, 41.771790511 ], [ 3.032596807, 41.772644347 ], [ 3.032062269, 41.771691352 ], [ 3.032059571, 41.771790511 ] ] ], [ [ [ 3.029510391, 41.777928805 ], [ 3.029743818, 41.7778535 ], [ 3.029424101, 41.777906346 ], [ 3.029510391, 41.777928805 ] ] ], [ [ [ 3.040441157, 41.778180609 ], [ 3.041148686, 41.778287283 ], [ 3.041178676, 41.77822269 ], [ 3.040441157, 41.778180609 ] ] ], [ [ [ 3.044110446, 41.778706982 ], [ 3.044217849, 41.778953348 ], [ 3.044364964, 41.778855564 ], [ 3.044110446, 41.778706982 ] ] ], [ [ [ 3.045716972, 41.779675283 ], [ 3.04558042, 41.779502469 ], [ 3.045441893, 41.779563796 ], [ 3.045716972, 41.779675283 ] ] ], [ [ [ 3.044939729, 41.779977384 ], [ 3.045128798, 41.779814373 ], [ 3.04476038, 41.779860838 ], [ 3.044939729, 41.779977384 ] ] ], [ [ [ 3.045761877, 41.780023966 ], [ 3.045627857, 41.779878022 ], [ 3.045582526, 41.779907421 ], [ 3.045761877, 41.780023966 ] ] ], [ [ [ 3.048596964, 41.782286524 ], [ 3.048904715, 41.782234251 ], [ 3.049043378, 41.782046894 ], [ 3.048596964, 41.782286524 ] ] ], [ [ [ 3.047713855, 41.783251342 ], [ 3.047183231, 41.783108357 ], [ 3.047137899, 41.783137757 ], [ 3.047713855, 41.783251342 ] ] ], [ [ [ 3.046804519, 41.783173377 ], [ 3.04705456, 41.783529221 ], [ 3.047324021, 41.783325952 ], [ 3.046804519, 41.783173377 ] ] ], [ [ [ 3.046911664, 41.783671793 ], [ 3.046804102, 41.783551458 ], [ 3.046763838, 41.783634598 ], [ 3.046911664, 41.783671793 ] ] ], [ [ [ 3.047160588, 41.784270735 ], [ 3.047568447, 41.784132163 ], [ 3.046965875, 41.784118999 ], [ 3.047160588, 41.784270735 ] ] ], [ [ [ 3.047400359, 41.784645124 ], [ 3.047558603, 41.784537746 ], [ 3.047301381, 41.78448833 ], [ 3.047400359, 41.784645124 ] ] ], [ [ [ 3.045494212, 41.786240075 ], [ 3.045778754, 41.786324058 ], [ 3.045489988, 41.786195292 ], [ 3.045494212, 41.786240075 ] ] ], [ [ [ 3.045451692, 41.78680941 ], [ 3.045633879, 41.78670077 ], [ 3.04542114, 41.786612994 ], [ 3.045451692, 41.78680941 ] ] ], [ [ [ 3.056945633, 41.786894712 ], [ 3.055851535, 41.786898611 ], [ 3.054935855, 41.787136095 ], [ 3.056945633, 41.786894712 ] ] ], [ [ [ 3.046058235, 41.787119419 ], [ 3.045976291, 41.787015731 ], [ 3.045918988, 41.787045763 ], [ 3.046058235, 41.787119419 ] ] ], [ [ [ 3.046224657, 41.787353663 ], [ 3.046067528, 41.787217943 ], [ 3.04613821, 41.787457247 ], [ 3.046224657, 41.787353663 ] ] ], [ [ [ 3.059273759, 41.791929252 ], [ 3.059643812, 41.792026674 ], [ 3.059331284, 41.791647163 ], [ 3.059273759, 41.791929252 ] ] ], [ [ [ 3.060131817, 41.793117002 ], [ 3.060165291, 41.792962206 ], [ 3.060038096, 41.79276191 ], [ 3.060131817, 41.793117002 ] ] ], [ [ [ 3.079205005, 41.822358839 ], [ 3.078955332, 41.822264089 ], [ 3.079187862, 41.822431761 ], [ 3.079205005, 41.822358839 ] ] ], [ [ [ 3.078293191, 41.822641319 ], [ 3.078176144, 41.822422503 ], [ 3.078155599, 41.8224596 ], [ 3.078293191, 41.822641319 ] ] ], [ [ [ 3.079395925, 41.823608885 ], [ 3.079312175, 41.823487316 ], [ 3.079153116, 41.823459762 ], [ 3.079395925, 41.823608885 ] ] ], [ [ [ 3.080090201, 41.823950049 ], [ 3.08004152, 41.823817616 ], [ 3.079802833, 41.82396532 ], [ 3.080090201, 41.823950049 ] ] ], [ [ [ 3.081110574, 41.823796806 ], [ 3.081112091, 41.824192785 ], [ 3.081449177, 41.823940833 ], [ 3.081110574, 41.823796806 ] ] ], [ [ [ 3.085912383, 41.825728307 ], [ 3.086050391, 41.825643899 ], [ 3.085987974, 41.825614223 ], [ 3.085912383, 41.825728307 ] ] ], [ [ [ 3.082419507, 41.825731317 ], [ 3.082552054, 41.825704381 ], [ 3.082410578, 41.825717723 ], [ 3.082419507, 41.825731317 ] ] ], [ [ [ 3.084952126, 41.825976262 ], [ 3.084329694, 41.82598915 ], [ 3.084595307, 41.826147117 ], [ 3.084952126, 41.825976262 ] ] ], [ [ [ 3.084599325, 41.827644247 ], [ 3.08476311, 41.827560272 ], [ 3.08461524, 41.827475536 ], [ 3.084599325, 41.827644247 ] ] ], [ [ [ 3.084778956, 41.827614302 ], [ 3.08484301, 41.827605878 ], [ 3.08479215, 41.827573941 ], [ 3.084778956, 41.827614302 ] ] ], [ [ [ 3.085688787, 41.828364445 ], [ 3.085728822, 41.828314337 ], [ 3.085658636, 41.828330151 ], [ 3.085688787, 41.828364445 ] ] ], [ [ [ 3.086537251, 41.83011908 ], [ 3.086530211, 41.830167723 ], [ 3.0865622, 41.830134734 ], [ 3.086537251, 41.83011908 ] ] ], [ [ [ 3.088835082, 41.831654179 ], [ 3.08884613, 41.831544646 ], [ 3.088804483, 41.831647628 ], [ 3.088835082, 41.831654179 ] ] ], [ [ [ 3.088513297, 41.831833215 ], [ 3.088500466, 41.831785398 ], [ 3.088473639, 41.831806675 ], [ 3.088513297, 41.831833215 ] ] ], [ [ [ 3.089375373, 41.832029709 ], [ 3.089429354, 41.831963737 ], [ 3.089394539, 41.831956198 ], [ 3.089375373, 41.832029709 ] ] ], [ [ [ 3.091495842, 41.831973278 ], [ 3.09156964, 41.83203969 ], [ 3.0915622, 41.831973495 ], [ 3.091495842, 41.831973278 ] ] ], [ [ [ 3.092809165, 41.831906654 ], [ 3.092961765, 41.832082436 ], [ 3.092922614, 41.831908454 ], [ 3.092809165, 41.831906654 ] ] ], [ [ [ 3.093102337, 41.832185631 ], [ 3.093070484, 41.832144496 ], [ 3.093062784, 41.832150266 ], [ 3.093102337, 41.832185631 ] ] ], [ [ [ 3.090188016, 41.832269379 ], [ 3.090315321, 41.832275494 ], [ 3.09028437, 41.832189772 ], [ 3.090188016, 41.832269379 ] ] ], [ [ [ 3.091818184, 41.832274483 ], [ 3.091913524, 41.832328988 ], [ 3.091917785, 41.832276925 ], [ 3.091818184, 41.832274483 ] ] ], [ [ [ 3.093104583, 41.832488983 ], [ 3.093221148, 41.832563196 ], [ 3.093202112, 41.832474493 ], [ 3.093104583, 41.832488983 ] ] ], [ [ [ 3.092858535, 41.833901649 ], [ 3.092961254, 41.83389382 ], [ 3.092851398, 41.833880038 ], [ 3.092858535, 41.833901649 ] ] ], [ [ [ 3.094276688, 41.834746784 ], [ 3.094235673, 41.834701783 ], [ 3.094225096, 41.834716023 ], [ 3.094276688, 41.834746784 ] ] ], [ [ [ 3.094193902, 41.834715328 ], [ 3.094200742, 41.834780803 ], [ 3.094223678, 41.834734578 ], [ 3.094193902, 41.834715328 ] ] ], [ [ [ 3.093609871, 41.834938277 ], [ 3.093661505, 41.834915627 ], [ 3.093600246, 41.834862716 ], [ 3.093609871, 41.834938277 ] ] ], [ [ [ 3.094595051, 41.834944585 ], [ 3.094632301, 41.83488664 ], [ 3.094577094, 41.834936854 ], [ 3.094595051, 41.834944585 ] ] ], [ [ [ 3.094196334, 41.834813321 ], [ 3.094336613, 41.83503946 ], [ 3.094623463, 41.834855573 ], [ 3.094196334, 41.834813321 ] ] ], [ [ [ 3.093773737, 41.834988041 ], [ 3.093818071, 41.834914689 ], [ 3.093721547, 41.834877389 ], [ 3.093773737, 41.834988041 ] ] ], [ [ [ 3.094417073, 41.835700503 ], [ 3.094448034, 41.835706422 ], [ 3.094445616, 41.835700209 ], [ 3.094417073, 41.835700503 ] ] ], [ [ [ 3.094428605, 41.835762281 ], [ 3.094535715, 41.835789844 ], [ 3.094575876, 41.835745587 ], [ 3.094428605, 41.835762281 ] ] ], [ [ [ 3.094069446, 41.835835982 ], [ 3.094141662, 41.835803678 ], [ 3.09409488, 41.835768229 ], [ 3.094069446, 41.835835982 ] ] ], [ [ [ 3.093725201, 41.835813025 ], [ 3.093765788, 41.835812542 ], [ 3.093754673, 41.835789313 ], [ 3.093725201, 41.835813025 ] ] ], [ [ [ 3.094414343, 41.835810119 ], [ 3.094447752, 41.835842426 ], [ 3.094455199, 41.835828279 ], [ 3.094414343, 41.835810119 ] ] ], [ [ [ 3.094702299, 41.835883919 ], [ 3.094713205, 41.835847342 ], [ 3.094650995, 41.835885582 ], [ 3.094702299, 41.835883919 ] ] ], [ [ [ 3.094701762, 41.835928324 ], [ 3.094691125, 41.835901762 ], [ 3.094663467, 41.835931147 ], [ 3.094701762, 41.835928324 ] ] ], [ [ [ 3.094012465, 41.835908624 ], [ 3.093999377, 41.835936016 ], [ 3.09403007, 41.835922841 ], [ 3.094012465, 41.835908624 ] ] ], [ [ [ 3.09461372, 41.836008378 ], [ 3.094396851, 41.835872732 ], [ 3.094333428, 41.835987172 ], [ 3.09461372, 41.836008378 ] ] ], [ [ [ 3.093873784, 41.836034474 ], [ 3.093930173, 41.836050821 ], [ 3.093869792, 41.836022678 ], [ 3.093873784, 41.836034474 ] ] ], [ [ [ 3.094055768, 41.836611309 ], [ 3.094084753, 41.836583274 ], [ 3.094061867, 41.836581581 ], [ 3.094055768, 41.836611309 ] ] ], [ [ [ 3.094229314, 41.836606303 ], [ 3.094227192, 41.836637379 ], [ 3.09428173, 41.836623013 ], [ 3.094229314, 41.836606303 ] ] ], [ [ [ 3.094044344, 41.836952951 ], [ 3.094071126, 41.836900779 ], [ 3.093997947, 41.836933714 ], [ 3.094044344, 41.836952951 ] ] ], [ [ [ 3.128867116, 41.841155656 ], [ 3.128859615, 41.841199167 ], [ 3.128895123, 41.841187148 ], [ 3.128867116, 41.841155656 ] ] ], [ [ [ 3.128149317, 41.841916462 ], [ 3.128122674, 41.841904603 ], [ 3.128150336, 41.841943842 ], [ 3.128149317, 41.841916462 ] ] ], [ [ [ 3.128026275, 41.841944881 ], [ 3.128009943, 41.841909502 ], [ 3.128021225, 41.84194948 ], [ 3.128026275, 41.841944881 ] ] ], [ [ [ 3.128116295, 41.842027734 ], [ 3.128124316, 41.84194261 ], [ 3.128104641, 41.841921736 ], [ 3.128116295, 41.842027734 ] ] ], [ [ [ 3.128284963, 41.842167513 ], [ 3.128255204, 41.842163494 ], [ 3.128281267, 41.842186252 ], [ 3.128284963, 41.842167513 ] ] ], [ [ [ 3.113638655, 41.848256207 ], [ 3.113657587, 41.848199624 ], [ 3.113610427, 41.848233537 ], [ 3.113638655, 41.848256207 ] ] ], [ [ [ 3.124848433, 42.130714903 ], [ 3.12500723, 42.130481361 ], [ 3.124899725, 42.130370106 ], [ 3.124848433, 42.130714903 ] ] ], [ [ [ 3.123748855, 42.132349044 ], [ 3.123811897, 42.132750723 ], [ 3.123898421, 42.132395038 ], [ 3.123748855, 42.132349044 ] ] ], [ [ [ 3.122306442, 42.136440885 ], [ 3.122430222, 42.136470259 ], [ 3.122425025, 42.13641653 ], [ 3.122306442, 42.136440885 ] ] ], [ [ [ 3.123585441, 42.136660406 ], [ 3.123969486, 42.136504809 ], [ 3.123891135, 42.136319981 ], [ 3.123585441, 42.136660406 ] ] ], [ [ [ 3.123687855, 42.136843945 ], [ 3.123592372, 42.136732045 ], [ 3.123535679, 42.136771087 ], [ 3.123687855, 42.136843945 ] ] ], [ [ [ 3.129770756, 41.840816789 ], [ 3.129785177, 41.840860636 ], [ 3.129810493, 41.84081188 ], [ 3.129770756, 41.840816789 ] ] ], [ [ [ 3.129571587, 41.841021471 ], [ 3.12957946, 41.840685053 ], [ 3.12943834, 41.841005679 ], [ 3.129571587, 41.841021471 ] ] ], [ [ [ 3.129435039, 41.841100885 ], [ 3.12947425, 41.841073911 ], [ 3.129443396, 41.841064038 ], [ 3.129435039, 41.841100885 ] ] ], [ [ [ 3.129534364, 41.84131802 ], [ 3.129516187, 41.841322904 ], [ 3.129539474, 41.841343054 ], [ 3.129534364, 41.84131802 ] ] ], [ [ [ 3.129675775, 41.84149908 ], [ 3.129636467, 41.841478408 ], [ 3.129632658, 41.84150084 ], [ 3.129675775, 41.84149908 ] ] ], [ [ [ 3.129645944, 41.841578825 ], [ 3.129623837, 41.841606411 ], [ 3.129655019, 41.84159926 ], [ 3.129645944, 41.841578825 ] ] ], [ [ [ 3.129712971, 41.841607121 ], [ 3.129693683, 41.841599036 ], [ 3.12969685, 41.841616686 ], [ 3.129712971, 41.841607121 ] ] ], [ [ [ 3.12968427, 41.841709472 ], [ 3.129670119, 41.841680666 ], [ 3.129659336, 41.841708779 ], [ 3.12968427, 41.841709472 ] ] ], [ [ [ 3.131864765, 41.841946033 ], [ 3.131835193, 41.841974348 ], [ 3.131871308, 41.84196503 ], [ 3.131864765, 41.841946033 ] ] ], [ [ [ 3.131798012, 41.841992945 ], [ 3.131776995, 41.841964237 ], [ 3.131768523, 41.842003337 ], [ 3.131798012, 41.841992945 ] ] ], [ [ [ 3.131825847, 41.841998317 ], [ 3.131835662, 41.842026948 ], [ 3.131851666, 41.842019004 ], [ 3.131825847, 41.841998317 ] ] ], [ [ [ 3.132760075, 41.842590617 ], [ 3.13275674, 41.84266754 ], [ 3.132770888, 41.842577364 ], [ 3.132760075, 41.842590617 ] ] ], [ [ [ 3.132638297, 41.84288123 ], [ 3.132692825, 41.842805329 ], [ 3.13267509, 41.842791299 ], [ 3.132638297, 41.84288123 ] ] ], [ [ [ 3.13281404, 41.843291112 ], [ 3.13290078, 41.843181668 ], [ 3.132802792, 41.843210603 ], [ 3.13281404, 41.843291112 ] ] ], [ [ [ 3.13303178, 41.843273116 ], [ 3.13304141, 41.843328318 ], [ 3.13305563, 41.843273539 ], [ 3.13303178, 41.843273116 ] ] ], [ [ [ 3.137856783, 41.847787183 ], [ 3.137961729, 41.847630427 ], [ 3.137896622, 41.847603305 ], [ 3.137856783, 41.847787183 ] ] ], [ [ [ 3.137876777, 41.847898034 ], [ 3.137950797, 41.847868583 ], [ 3.13784949, 41.847869065 ], [ 3.137876777, 41.847898034 ] ] ], [ [ [ 3.137549255, 41.847959224 ], [ 3.137589579, 41.847945125 ], [ 3.137552964, 41.84794769 ], [ 3.137549255, 41.847959224 ] ] ], [ [ [ 3.140840442, 41.848323347 ], [ 3.141016608, 41.848236755 ], [ 3.140771618, 41.848249845 ], [ 3.140840442, 41.848323347 ] ] ], [ [ [ 3.141771643, 41.848665725 ], [ 3.14171566, 41.848734787 ], [ 3.141798838, 41.848706943 ], [ 3.141771643, 41.848665725 ] ] ], [ [ [ 3.139498989, 41.848936553 ], [ 3.139484241, 41.848912883 ], [ 3.139481556, 41.848951886 ], [ 3.139498989, 41.848936553 ] ] ], [ [ [ 3.139619061, 41.848978469 ], [ 3.1396345, 41.848932155 ], [ 3.139626405, 41.848920816 ], [ 3.139619061, 41.848978469 ] ] ], [ [ [ 3.13958346, 41.849004272 ], [ 3.139584687, 41.848959056 ], [ 3.139573249, 41.848961592 ], [ 3.13958346, 41.849004272 ] ] ], [ [ [ 3.142280617, 41.849001503 ], [ 3.142111491, 41.849057646 ], [ 3.14223456, 41.84909181 ], [ 3.142280617, 41.849001503 ] ] ], [ [ [ 3.141158081, 41.849027387 ], [ 3.14110049, 41.849077626 ], [ 3.141167056, 41.849054847 ], [ 3.141158081, 41.849027387 ] ] ], [ [ [ 3.142833268, 41.849040898 ], [ 3.142821845, 41.849104501 ], [ 3.142855237, 41.849060956 ], [ 3.142833268, 41.849040898 ] ] ], [ [ [ 3.140603534, 41.849111832 ], [ 3.140677493, 41.849109039 ], [ 3.140633018, 41.849043343 ], [ 3.140603534, 41.849111832 ] ] ], [ [ [ 3.145357558, 41.850686084 ], [ 3.145324857, 41.850714948 ], [ 3.145388368, 41.850726036 ], [ 3.145357558, 41.850686084 ] ] ], [ [ [ 3.147845919, 41.857754851 ], [ 3.147709279, 41.857642981 ], [ 3.14770448, 41.857703874 ], [ 3.147845919, 41.857754851 ] ] ], [ [ [ 3.147310475, 41.857792287 ], [ 3.147337956, 41.857744876 ], [ 3.147271977, 41.857764145 ], [ 3.147310475, 41.857792287 ] ] ], [ [ [ 3.14808716, 41.857981514 ], [ 3.148234414, 41.857889454 ], [ 3.148144664, 41.857840482 ], [ 3.14808716, 41.857981514 ] ] ], [ [ [ 3.148830197, 41.858154386 ], [ 3.148952633, 41.858062537 ], [ 3.148917962, 41.858022592 ], [ 3.148830197, 41.858154386 ] ] ], [ [ [ 3.150692594, 41.858110166 ], [ 3.150711302, 41.858175712 ], [ 3.150891547, 41.858281396 ], [ 3.150692594, 41.858110166 ] ] ], [ [ [ 3.149517775, 41.858308772 ], [ 3.149714778, 41.858264742 ], [ 3.149555941, 41.858194065 ], [ 3.149517775, 41.858308772 ] ] ], [ [ [ 3.150436326, 41.858312616 ], [ 3.150505687, 41.858348913 ], [ 3.150520522, 41.85830422 ], [ 3.150436326, 41.858312616 ] ] ], [ [ [ 3.150225406, 41.858381885 ], [ 3.15001494, 41.858439174 ], [ 3.150018468, 41.85845349 ], [ 3.150225406, 41.858381885 ] ] ], [ [ [ 3.150740042, 41.858357793 ], [ 3.150631559, 41.858746853 ], [ 3.151059038, 41.85849626 ], [ 3.150740042, 41.858357793 ] ] ], [ [ [ 3.150327398, 41.858564231 ], [ 3.150302684, 41.858505899 ], [ 3.150282605, 41.858575098 ], [ 3.150327398, 41.858564231 ] ] ], [ [ [ 3.151037407, 41.859389952 ], [ 3.151005912, 41.859420437 ], [ 3.151048275, 41.859451815 ], [ 3.151037407, 41.859389952 ] ] ], [ [ [ 3.158838616, 41.859430047 ], [ 3.158784165, 41.859530459 ], [ 3.159037921, 41.859538214 ], [ 3.158838616, 41.859430047 ] ] ], [ [ [ 3.150739212, 41.860313099 ], [ 3.150667147, 41.860152241 ], [ 3.150651789, 41.860179461 ], [ 3.150739212, 41.860313099 ] ] ], [ [ [ 3.160756588, 41.860156846 ], [ 3.160310007, 41.860466947 ], [ 3.1607489, 41.860454624 ], [ 3.160756588, 41.860156846 ] ] ], [ [ [ 3.150586702, 41.860836239 ], [ 3.150578413, 41.860744109 ], [ 3.150451164, 41.860839569 ], [ 3.150586702, 41.860836239 ] ] ], [ [ [ 3.153295928, 41.86108818 ], [ 3.153620697, 41.860861853 ], [ 3.15330309, 41.860909023 ], [ 3.153295928, 41.86108818 ] ] ], [ [ [ 3.158120861, 41.861027237 ], [ 3.158092541, 41.861073752 ], [ 3.158123629, 41.86107497 ], [ 3.158120861, 41.861027237 ] ] ], [ [ [ 3.153071133, 41.861101179 ], [ 3.153122572, 41.86104734 ], [ 3.153051823, 41.861087605 ], [ 3.153071133, 41.861101179 ] ] ], [ [ [ 3.158008514, 41.861102869 ], [ 3.158035661, 41.861069416 ], [ 3.157992679, 41.861081995 ], [ 3.158008514, 41.861102869 ] ] ], [ [ [ 3.162165278, 41.861108154 ], [ 3.162171172, 41.861199746 ], [ 3.162239598, 41.861147859 ], [ 3.162165278, 41.861108154 ] ] ], [ [ [ 3.151753874, 41.861156158 ], [ 3.151932864, 41.861134485 ], [ 3.151796007, 41.861089452 ], [ 3.151753874, 41.861156158 ] ] ], [ [ [ 3.157952557, 41.861228682 ], [ 3.157972933, 41.861136424 ], [ 3.157918335, 41.861178381 ], [ 3.157952557, 41.861228682 ] ] ], [ [ [ 3.162618201, 41.861257929 ], [ 3.162640945, 41.861199352 ], [ 3.162603117, 41.861201116 ], [ 3.162618201, 41.861257929 ] ] ], [ [ [ 3.162368626, 41.861238647 ], [ 3.162375193, 41.861310152 ], [ 3.162404085, 41.861300474 ], [ 3.162368626, 41.861238647 ] ] ], [ [ [ 3.16367661, 41.861329201 ], [ 3.163662197, 41.861299499 ], [ 3.163636701, 41.861317999 ], [ 3.16367661, 41.861329201 ] ] ], [ [ [ 3.151382532, 41.861358222 ], [ 3.15143251, 41.861297 ], [ 3.15134316, 41.861318464 ], [ 3.151382532, 41.861358222 ] ] ], [ [ [ 3.153889089, 41.861343903 ], [ 3.153938452, 41.861328885 ], [ 3.153883701, 41.861307972 ], [ 3.153889089, 41.861343903 ] ] ], [ [ [ 3.163772953, 41.861405802 ], [ 3.163740117, 41.861333433 ], [ 3.163725396, 41.861324898 ], [ 3.163772953, 41.861405802 ] ] ], [ [ [ 3.163865973, 41.861549149 ], [ 3.163875261, 41.861505993 ], [ 3.163849503, 41.861516117 ], [ 3.163865973, 41.861549149 ] ] ], [ [ [ 3.163417136, 41.86153898 ], [ 3.163385315, 41.861581448 ], [ 3.16342911, 41.861557157 ], [ 3.163417136, 41.86153898 ] ] ], [ [ [ 3.163988223, 41.861626344 ], [ 3.163882796, 41.861625954 ], [ 3.163969838, 41.861645554 ], [ 3.163988223, 41.861626344 ] ] ], [ [ [ 3.151245612, 41.861593752 ], [ 3.151312216, 41.861634106 ], [ 3.151300745, 41.861572334 ], [ 3.151245612, 41.861593752 ] ] ], [ [ [ 3.164146469, 41.861691778 ], [ 3.164179346, 41.861685696 ], [ 3.164163992, 41.861665182 ], [ 3.164146469, 41.861691778 ] ] ], [ [ [ 3.164950434, 41.861769346 ], [ 3.165032661, 41.861790484 ], [ 3.165031447, 41.861740227 ], [ 3.164950434, 41.861769346 ] ] ], [ [ [ 3.165426342, 41.861903495 ], [ 3.165554958, 41.861972032 ], [ 3.165448475, 41.861889412 ], [ 3.165426342, 41.861903495 ] ] ], [ [ [ 3.165709793, 41.862348926 ], [ 3.165655224, 41.862073485 ], [ 3.165695836, 41.862403168 ], [ 3.165709793, 41.862348926 ] ] ], [ [ [ 3.165410006, 41.86239079 ], [ 3.16556202, 41.862327883 ], [ 3.165391452, 41.86225103 ], [ 3.165410006, 41.86239079 ] ] ], [ [ [ 3.165726026, 41.862383129 ], [ 3.165774974, 41.862394497 ], [ 3.165745588, 41.862352838 ], [ 3.165726026, 41.862383129 ] ] ], [ [ [ 3.165695107, 41.862447663 ], [ 3.165726766, 41.862436359 ], [ 3.165722506, 41.862419522 ], [ 3.165695107, 41.862447663 ] ] ], [ [ [ 3.167245955, 41.863112465 ], [ 3.16740193, 41.863275082 ], [ 3.167462027, 41.863171956 ], [ 3.167245955, 41.863112465 ] ] ], [ [ [ 3.167725447, 41.86318364 ], [ 3.167783147, 41.863224087 ], [ 3.167744262, 41.863144523 ], [ 3.167725447, 41.86318364 ] ] ], [ [ [ 3.168336428, 41.863543112 ], [ 3.168423028, 41.863439135 ], [ 3.168376681, 41.86340912 ], [ 3.168336428, 41.863543112 ] ] ], [ [ [ 3.165825524, 41.863725731 ], [ 3.165783588, 41.863676794 ], [ 3.16575361, 41.863686385 ], [ 3.165825524, 41.863725731 ] ] ], [ [ [ 3.166231974, 42.113601884 ], [ 3.166537347, 42.11388245 ], [ 3.166509274, 42.113469911 ], [ 3.166231974, 42.113601884 ] ] ], [ [ [ 3.156430608, 42.117739643 ], [ 3.156354092, 42.117698758 ], [ 3.156375694, 42.117796607 ], [ 3.156430608, 42.117739643 ] ] ], [ [ [ 3.159238852, 42.118146438 ], [ 3.159148565, 42.118088294 ], [ 3.159118579, 42.118152918 ], [ 3.159238852, 42.118146438 ] ] ], [ [ [ 3.136728136, 42.125523045 ], [ 3.136661047, 42.125454637 ], [ 3.136552038, 42.125577506 ], [ 3.136728136, 42.125523045 ] ] ], [ [ [ 3.136191738, 42.127100056 ], [ 3.136287973, 42.127094889 ], [ 3.136294795, 42.127040516 ], [ 3.136191738, 42.127100056 ] ] ], [ [ [ 3.131671383, 42.128494811 ], [ 3.131396009, 42.129022655 ], [ 3.131957608, 42.128578469 ], [ 3.131671383, 42.128494811 ] ] ], [ [ [ 3.165923686, 42.361973743 ], [ 3.165989097, 42.3618982 ], [ 3.165881314, 42.361913019 ], [ 3.165923686, 42.361973743 ] ] ], [ [ [ 3.165399901, 42.361830986 ], [ 3.165092824, 42.362288636 ], [ 3.165611302, 42.361882586 ], [ 3.165399901, 42.361830986 ] ] ], [ [ [ 3.165404137, 42.362739915 ], [ 3.165483381, 42.362681629 ], [ 3.16536528, 42.362715008 ], [ 3.165404137, 42.362739915 ] ] ], [ [ [ 3.164873122, 42.362894597 ], [ 3.164734811, 42.36272203 ], [ 3.164644372, 42.362789922 ], [ 3.164873122, 42.362894597 ] ] ], [ [ [ 3.164447678, 42.362764531 ], [ 3.16454098, 42.362849512 ], [ 3.164533072, 42.362768924 ], [ 3.164447678, 42.362764531 ] ] ], [ [ [ 3.164481717, 42.362987733 ], [ 3.164422453, 42.363125955 ], [ 3.164509606, 42.363148256 ], [ 3.164481717, 42.362987733 ] ] ], [ [ [ 3.164852944, 42.363183736 ], [ 3.164665459, 42.363004822 ], [ 3.164654491, 42.363140437 ], [ 3.164852944, 42.363183736 ] ] ], [ [ [ 3.163519394, 42.364560928 ], [ 3.163633985, 42.364491734 ], [ 3.163488218, 42.364490598 ], [ 3.163519394, 42.364560928 ] ] ], [ [ [ 3.164757167, 42.365547316 ], [ 3.164825219, 42.365498636 ], [ 3.164753652, 42.3655115 ], [ 3.164757167, 42.365547316 ] ] ], [ [ [ 3.1670046, 42.366308154 ], [ 3.167089353, 42.3664296 ], [ 3.167232487, 42.366403868 ], [ 3.1670046, 42.366308154 ] ] ], [ [ [ 3.166773247, 42.366671705 ], [ 3.166704964, 42.366594377 ], [ 3.16663867, 42.366660967 ], [ 3.166773247, 42.366671705 ] ] ], [ [ [ 3.167435163, 42.368715328 ], [ 3.167768451, 42.368895367 ], [ 3.167843947, 42.368675253 ], [ 3.167435163, 42.368715328 ] ] ], [ [ [ 3.167544774, 42.369213497 ], [ 3.167573965, 42.369139909 ], [ 3.167500636, 42.369134867 ], [ 3.167544774, 42.369213497 ] ] ], [ [ [ 3.166318457, 42.369828802 ], [ 3.166442724, 42.3698581 ], [ 3.166385633, 42.369771166 ], [ 3.166318457, 42.369828802 ] ] ], [ [ [ 3.166595536, 42.369930864 ], [ 3.16651189, 42.369944381 ], [ 3.166504211, 42.369989804 ], [ 3.166595536, 42.369930864 ] ] ], [ [ [ 3.166495006, 42.370143327 ], [ 3.166422555, 42.370147238 ], [ 3.166448464, 42.370163843 ], [ 3.166495006, 42.370143327 ] ] ], [ [ [ 3.159428136, 42.373342118 ], [ 3.15947139, 42.373411798 ], [ 3.159487638, 42.373329908 ], [ 3.159428136, 42.373342118 ] ] ], [ [ [ 3.156138418, 42.378173291 ], [ 3.156252828, 42.377978091 ], [ 3.156096043, 42.378112564 ], [ 3.156138418, 42.378173291 ] ] ], [ [ [ 3.156122166, 42.378255182 ], [ 3.156031482, 42.378197058 ], [ 3.155986686, 42.378235479 ], [ 3.156122166, 42.378255182 ] ] ], [ [ [ 3.167645643, 42.38890347 ], [ 3.167645002, 42.389020524 ], [ 3.167792347, 42.38891355 ], [ 3.167645643, 42.38890347 ] ] ], [ [ [ 3.167222557, 42.389664442 ], [ 3.167454217, 42.389426894 ], [ 3.167287516, 42.389336879 ], [ 3.167222557, 42.389664442 ] ] ], [ [ [ 3.166355348, 42.390107334 ], [ 3.166274078, 42.390021706 ], [ 3.166300231, 42.390164319 ], [ 3.166355348, 42.390107334 ] ] ], [ [ [ 3.165309111, 42.390334845 ], [ 3.165355903, 42.390440337 ], [ 3.165387742, 42.390393611 ], [ 3.165309111, 42.390334845 ] ] ], [ [ [ 3.156935632, 42.390759542 ], [ 3.156862495, 42.390880505 ], [ 3.156996028, 42.390756287 ], [ 3.156935632, 42.390759542 ] ] ], [ [ [ 3.15477277, 42.390993137 ], [ 3.154738501, 42.391139008 ], [ 3.154924747, 42.391056959 ], [ 3.15477277, 42.390993137 ] ] ], [ [ [ 3.154381599, 42.391338272 ], [ 3.154053487, 42.391211927 ], [ 3.154374788, 42.391392648 ], [ 3.154381599, 42.391338272 ] ] ], [ [ [ 3.161435052, 42.398123209 ], [ 3.161257132, 42.398042792 ], [ 3.161203534, 42.397991674 ], [ 3.161210568, 42.398063307 ], [ 3.161435052, 42.398123209 ] ] ], [ [ [ 3.161506005, 42.3982274 ], [ 3.161466247, 42.398193538 ], [ 3.161482723, 42.398237657 ], [ 3.161506005, 42.3982274 ] ] ], [ [ [ 3.161349837, 42.398244826 ], [ 3.161395522, 42.398215357 ], [ 3.161358401, 42.398208358 ], [ 3.161349837, 42.398244826 ] ] ], [ [ [ 3.161662403, 42.398335982 ], [ 3.161689202, 42.398361541 ], [ 3.161697765, 42.398325073 ], [ 3.161662403, 42.398335982 ] ] ], [ [ [ 3.161473509, 42.398391181 ], [ 3.161558953, 42.398395573 ], [ 3.161467354, 42.398328502 ], [ 3.161473509, 42.398391181 ] ] ], [ [ [ 3.161889755, 42.398548755 ], [ 3.161821439, 42.398471427 ], [ 3.161810466, 42.398607042 ], [ 3.161889755, 42.398548755 ] ] ], [ [ [ 3.164636634, 42.399930781 ], [ 3.165060816, 42.400168928 ], [ 3.165252115, 42.400014577 ], [ 3.164636634, 42.399930781 ] ] ], [ [ [ 3.166540997, 42.401142196 ], [ 3.165237188, 42.401716674 ], [ 3.166554676, 42.401528523 ], [ 3.166540997, 42.401142196 ] ] ], [ [ [ 3.16176094, 42.410221713 ], [ 3.161853437, 42.410297736 ], [ 3.16189913, 42.410268266 ], [ 3.16176094, 42.410221713 ] ] ], [ [ [ 3.165756201, 42.411446325 ], [ 3.165738037, 42.41187938 ], [ 3.16594801, 42.411543987 ], [ 3.165756201, 42.411446325 ] ] ], [ [ [ 3.165433315, 42.41322806 ], [ 3.165324325, 42.413107922 ], [ 3.165319283, 42.413180207 ], [ 3.165433315, 42.41322806 ] ] ], [ [ [ 3.166082865, 42.413904112 ], [ 3.166029249, 42.413852997 ], [ 3.1659974, 42.413899725 ], [ 3.166082865, 42.413904112 ] ] ], [ [ [ 3.166097831, 42.41405633 ], [ 3.166135601, 42.413946272 ], [ 3.166019168, 42.413997566 ], [ 3.166097831, 42.41405633 ] ] ], [ [ [ 3.16695786, 42.414648999 ], [ 3.167191608, 42.414555362 ], [ 3.167199289, 42.41450994 ], [ 3.16695786, 42.414648999 ] ] ], [ [ [ 3.168873326, 42.419919462 ], [ 3.168995053, 42.419921887 ], [ 3.168881006, 42.419874039 ], [ 3.168873326, 42.419919462 ] ] ], [ [ [ 3.166643538, 42.425287793 ], [ 3.166556931, 42.425148445 ], [ 3.166596956, 42.425308312 ], [ 3.166643538, 42.425287793 ] ] ], [ [ [ 3.187694009, 41.861971782 ], [ 3.187490373, 41.861982799 ], [ 3.187414325, 41.862067925 ], [ 3.187694009, 41.861971782 ] ] ], [ [ [ 3.186425666, 41.862318971 ], [ 3.186389389, 41.862273815 ], [ 3.186345386, 41.862306852 ], [ 3.186425666, 41.862318971 ] ] ], [ [ [ 3.186192398, 41.862359069 ], [ 3.186160606, 41.862406587 ], [ 3.186177273, 41.86242007 ], [ 3.186192398, 41.862359069 ] ] ], [ [ [ 3.186233696, 41.862432048 ], [ 3.18642818, 41.862520721 ], [ 3.186432341, 41.862460008 ], [ 3.186233696, 41.862432048 ] ] ], [ [ [ 3.186157912, 41.862557907 ], [ 3.18627614, 41.862526191 ], [ 3.186151882, 41.862472892 ], [ 3.186157912, 41.862557907 ] ] ], [ [ [ 3.187351282, 41.862287365 ], [ 3.18721771, 41.862897675 ], [ 3.187573604, 41.862842416 ], [ 3.187351282, 41.862287365 ] ] ], [ [ [ 3.186055775, 41.862487459 ], [ 3.185228835, 41.862769089 ], [ 3.186159754, 41.862611225 ], [ 3.186055775, 41.862487459 ] ] ], [ [ [ 3.16951548, 41.862697793 ], [ 3.169433206, 41.86270512 ], [ 3.169436129, 41.862716915 ], [ 3.16951548, 41.862697793 ] ] ], [ [ [ 3.184954061, 41.862664782 ], [ 3.185110701, 41.862791887 ], [ 3.185143199, 41.86265466 ], [ 3.184954061, 41.862664782 ] ] ], [ [ [ 3.169628293, 41.862848042 ], [ 3.169769582, 41.862785866 ], [ 3.169770834, 41.862712368 ], [ 3.169628293, 41.862848042 ] ] ], [ [ [ 3.186598123, 41.862841179 ], [ 3.186429396, 41.862715287 ], [ 3.186456112, 41.862866864 ], [ 3.186598123, 41.862841179 ] ] ], [ [ [ 3.169298283, 41.862851321 ], [ 3.169298801, 41.862773681 ], [ 3.169215413, 41.86286135 ], [ 3.169298283, 41.862851321 ] ] ], [ [ [ 3.169318576, 41.86291632 ], [ 3.169515898, 41.862947283 ], [ 3.169481164, 41.862843575 ], [ 3.169318576, 41.86291632 ] ] ], [ [ [ 3.175423697, 41.863029201 ], [ 3.175380167, 41.863149059 ], [ 3.175491067, 41.863079176 ], [ 3.175423697, 41.863029201 ] ] ], [ [ [ 3.170949448, 41.86311764 ], [ 3.170722897, 41.863241822 ], [ 3.170971892, 41.863175251 ], [ 3.170949448, 41.86311764 ] ] ], [ [ [ 3.172204316, 41.863556292 ], [ 3.172140151, 41.863487215 ], [ 3.172105966, 41.863499876 ], [ 3.172204316, 41.863556292 ] ] ], [ [ [ 3.172327713, 41.863741198 ], [ 3.172323826, 41.863819384 ], [ 3.172410833, 41.863779263 ], [ 3.172327713, 41.863741198 ] ] ], [ [ [ 3.175586108, 41.865139895 ], [ 3.175616643, 41.865202266 ], [ 3.17563372, 41.865146397 ], [ 3.175586108, 41.865139895 ] ] ], [ [ [ 3.175667028, 41.865297301 ], [ 3.175663157, 41.865335856 ], [ 3.175684453, 41.865324205 ], [ 3.175667028, 41.865297301 ] ] ], [ [ [ 3.174663167, 41.865595969 ], [ 3.1747, 41.865493235 ], [ 3.174572465, 41.86542984 ], [ 3.174663167, 41.865595969 ] ] ], [ [ [ 3.174585968, 41.865609957 ], [ 3.174584676, 41.865577894 ], [ 3.174573481, 41.865581694 ], [ 3.174585968, 41.865609957 ] ] ], [ [ [ 3.174972523, 41.865701959 ], [ 3.174898482, 41.865504101 ], [ 3.174766775, 41.865634 ], [ 3.174972523, 41.865701959 ] ] ], [ [ [ 3.176506456, 41.86602404 ], [ 3.17642417, 41.865940582 ], [ 3.176385441, 41.866009905 ], [ 3.176506456, 41.86602404 ] ] ], [ [ [ 3.178839215, 41.867032147 ], [ 3.178899687, 41.867532951 ], [ 3.179300795, 41.867322253 ], [ 3.178839215, 41.867032147 ] ] ], [ [ [ 3.178500309, 41.867761556 ], [ 3.179146355, 41.867717652 ], [ 3.178534231, 41.867489685 ], [ 3.178500309, 41.867761556 ] ] ], [ [ [ 3.178393488, 41.868649451 ], [ 3.178447327, 41.868583534 ], [ 3.178389159, 41.868604678 ], [ 3.178393488, 41.868649451 ] ] ], [ [ [ 3.178565682, 41.868811173 ], [ 3.17856727, 41.868703072 ], [ 3.178505638, 41.868688399 ], [ 3.178565682, 41.868811173 ] ] ], [ [ [ 3.177967828, 41.869104506 ], [ 3.177879638, 41.869064264 ], [ 3.177923371, 41.869142913 ], [ 3.177967828, 41.869104506 ] ] ], [ [ [ 3.177697621, 41.869299127 ], [ 3.177616216, 41.86920451 ], [ 3.17762574, 41.86930301 ], [ 3.177697621, 41.869299127 ] ] ], [ [ [ 3.178386966, 41.871197163 ], [ 3.178338178, 41.871190797 ], [ 3.178354489, 41.871234922 ], [ 3.178386966, 41.871197163 ] ] ], [ [ [ 3.178682293, 41.871262219 ], [ 3.178763702, 41.871356835 ], [ 3.178795314, 41.871310121 ], [ 3.178682293, 41.871262219 ] ] ], [ [ [ 3.178494212, 41.871434403 ], [ 3.178528278, 41.871288543 ], [ 3.178396492, 41.871295662 ], [ 3.178494212, 41.871434403 ] ] ], [ [ [ 3.178754464, 41.871510356 ], [ 3.178735555, 41.871439367 ], [ 3.178703944, 41.871486081 ], [ 3.178754464, 41.871510356 ] ] ], [ [ [ 3.178525101, 41.871504745 ], [ 3.178620946, 41.871499567 ], [ 3.178569559, 41.871466338 ], [ 3.178525101, 41.871504745 ] ] ], [ [ [ 3.178677672, 41.871712533 ], [ 3.178660495, 41.871659453 ], [ 3.178615171, 41.871688905 ], [ 3.178677672, 41.871712533 ] ] ], [ [ [ 3.178773661, 41.871833364 ], [ 3.178778713, 41.871761081 ], [ 3.178721409, 41.871791181 ], [ 3.178773661, 41.871833364 ] ] ], [ [ [ 3.179265012, 41.871932836 ], [ 3.179138276, 41.871867673 ], [ 3.179159784, 41.871965525 ], [ 3.179265012, 41.871932836 ] ] ], [ [ [ 3.179476478, 41.872002421 ], [ 3.179396799, 41.871925715 ], [ 3.179352341, 41.871964122 ], [ 3.179476478, 41.872002421 ] ] ], [ [ [ 3.17825979, 41.87224818 ], [ 3.178399228, 41.872195641 ], [ 3.178278555, 41.872193159 ], [ 3.17825979, 41.87224818 ] ] ], [ [ [ 3.180640207, 41.876935239 ], [ 3.180564134, 41.877020362 ], [ 3.18063689, 41.877025431 ], [ 3.180640207, 41.876935239 ] ] ], [ [ [ 3.179807563, 41.877043244 ], [ 3.179845093, 41.876933201 ], [ 3.179613259, 41.87702674 ], [ 3.179807563, 41.877043244 ] ] ], [ [ [ 3.179304777, 41.877448465 ], [ 3.179363965, 41.877562283 ], [ 3.179440906, 41.877486116 ], [ 3.179304777, 41.877448465 ] ] ], [ [ [ 3.179406988, 41.877757987 ], [ 3.179338709, 41.877923699 ], [ 3.179525219, 41.877859614 ], [ 3.179406988, 41.877757987 ] ] ], [ [ [ 3.178890917, 41.878523975 ], [ 3.178996155, 41.878491285 ], [ 3.17896786, 41.878447807 ], [ 3.178890917, 41.878523975 ] ] ], [ [ [ 3.17925817, 41.878585143 ], [ 3.179077575, 41.8785859 ], [ 3.17925052, 41.878630563 ], [ 3.17925817, 41.878585143 ] ] ], [ [ [ 3.179263383, 41.879385975 ], [ 3.179412365, 41.879431932 ], [ 3.179455961, 41.87938457 ], [ 3.179263383, 41.879385975 ] ] ], [ [ [ 3.180666775, 41.880570316 ], [ 3.180700122, 41.88054151 ], [ 3.180604264, 41.88054669 ], [ 3.180666775, 41.880570316 ] ] ], [ [ [ 3.181277454, 41.880906362 ], [ 3.181261139, 41.880862237 ], [ 3.181226058, 41.880873135 ], [ 3.181277454, 41.880906362 ] ] ], [ [ [ 3.181829809, 41.881137543 ], [ 3.181840058, 41.881118986 ], [ 3.181768164, 41.881122872 ], [ 3.181829809, 41.881137543 ] ] ], [ [ [ 3.18331821, 41.881084081 ], [ 3.183344064, 41.881226704 ], [ 3.183400508, 41.881187647 ], [ 3.18331821, 41.881084081 ] ] ], [ [ [ 3.183068627, 41.881367613 ], [ 3.183059803, 41.88115206 ], [ 3.182945182, 41.881212265 ], [ 3.183068627, 41.881367613 ] ] ], [ [ [ 3.183534358, 41.881450447 ], [ 3.183362116, 41.881288736 ], [ 3.183472869, 41.881561787 ], [ 3.183534358, 41.881450447 ] ] ], [ [ [ 3.183294712, 41.881463405 ], [ 3.183311741, 41.881390474 ], [ 3.18325443, 41.881420576 ], [ 3.183294712, 41.881463405 ] ] ], [ [ [ 3.183216659, 41.882025703 ], [ 3.183214058, 41.88199884 ], [ 3.183152412, 41.881984171 ], [ 3.183216659, 41.882025703 ] ] ], [ [ [ 3.183132782, 41.882030238 ], [ 3.183099436, 41.882059045 ], [ 3.183135383, 41.882057101 ], [ 3.183132782, 41.882030238 ] ] ], [ [ [ 3.183074203, 41.88242046 ], [ 3.1830947, 41.882383346 ], [ 3.183002308, 41.882424347 ], [ 3.183074203, 41.88242046 ] ] ], [ [ [ 3.182998593, 41.882883612 ], [ 3.182904467, 41.882906703 ], [ 3.183082471, 41.882879077 ], [ 3.182998593, 41.882883612 ] ] ], [ [ [ 3.182875053, 41.883349356 ], [ 3.182842573, 41.883387117 ], [ 3.182888769, 41.883366617 ], [ 3.182875053, 41.883349356 ] ] ], [ [ [ 3.183012064, 41.883395956 ], [ 3.183044544, 41.883358195 ], [ 3.182935833, 41.883355071 ], [ 3.183012064, 41.883395956 ] ] ], [ [ [ 3.182983919, 41.883478489 ], [ 3.182935121, 41.883472126 ], [ 3.182998503, 41.883504704 ], [ 3.182983919, 41.883478489 ] ] ], [ [ [ 3.183034606, 41.88362877 ], [ 3.182973826, 41.883623055 ], [ 3.183051791, 41.883681848 ], [ 3.183034606, 41.88362877 ] ] ], [ [ [ 3.182300154, 41.885000664 ], [ 3.182248754, 41.884967437 ], [ 3.182229989, 41.885022459 ], [ 3.182300154, 41.885000664 ] ] ], [ [ [ 3.182513308, 41.885709242 ], [ 3.182388275, 41.885661993 ], [ 3.182444878, 41.885748946 ], [ 3.182513308, 41.885709242 ] ] ], [ [ [ 3.182204098, 41.886248031 ], [ 3.182131332, 41.886242964 ], [ 3.182136534, 41.88629669 ], [ 3.182204098, 41.886248031 ] ] ], [ [ [ 3.182263302, 41.886361847 ], [ 3.182231687, 41.886408562 ], [ 3.182303587, 41.886404676 ], [ 3.182263302, 41.886361847 ] ] ], [ [ [ 3.183633251, 41.887322925 ], [ 3.183571599, 41.887308256 ], [ 3.18361362, 41.887368993 ], [ 3.183633251, 41.887322925 ] ] ], [ [ [ 3.186552635, 41.887615093 ], [ 3.186599538, 41.887477536 ], [ 3.186500364, 41.887572914 ], [ 3.186552635, 41.887615093 ] ] ], [ [ [ 3.190503133, 41.887608339 ], [ 3.190687051, 41.887517371 ], [ 3.190451556, 41.887449108 ], [ 3.190503133, 41.887608339 ] ] ], [ [ [ 3.183686703, 41.887626077 ], [ 3.183704757, 41.88768811 ], [ 3.183735504, 41.88763244 ], [ 3.183686703, 41.887626077 ] ] ], [ [ [ 3.190091699, 41.887837641 ], [ 3.190096398, 41.88751334 ], [ 3.189890078, 41.887497504 ], [ 3.190091699, 41.887837641 ] ] ], [ [ [ 3.190416117, 41.887829081 ], [ 3.190390245, 41.88768646 ], [ 3.190346652, 41.887733826 ], [ 3.190416117, 41.887829081 ] ] ], [ [ [ 3.189936615, 41.887729017 ], [ 3.189949634, 41.887863335 ], [ 3.190028311, 41.887805066 ], [ 3.189936615, 41.887729017 ] ] ], [ [ [ 3.190796981, 41.887781458 ], [ 3.190779958, 41.887854392 ], [ 3.190809832, 41.887789764 ], [ 3.190796981, 41.887781458 ] ] ], [ [ [ 3.191796056, 41.889761732 ], [ 3.191704357, 41.889685683 ], [ 3.191754198, 41.88982701 ], [ 3.191796056, 41.889761732 ] ] ], [ [ [ 3.193317459, 41.889922388 ], [ 3.193362962, 41.890018941 ], [ 3.193408292, 41.889989481 ], [ 3.193317459, 41.889922388 ] ] ], [ [ [ 3.193252851, 41.890249945 ], [ 3.193432607, 41.89024021 ], [ 3.193457269, 41.890121853 ], [ 3.193252851, 41.890249945 ] ] ], [ [ [ 3.193579191, 41.890385298 ], [ 3.193587701, 41.890348831 ], [ 3.193520835, 41.890280439 ], [ 3.193579191, 41.890385298 ] ] ], [ [ [ 3.199308925, 41.891704113 ], [ 3.199475644, 41.89156005 ], [ 3.199273842, 41.891715016 ], [ 3.199308925, 41.891704113 ] ] ], [ [ [ 3.192982775, 41.891812851 ], [ 3.193044432, 41.891827515 ], [ 3.193065795, 41.891799353 ], [ 3.192982775, 41.891812851 ] ] ], [ [ [ 3.19344199, 41.892076032 ], [ 3.19335897, 41.89208953 ], [ 3.193436954, 41.892148318 ], [ 3.19344199, 41.892076032 ] ] ], [ [ [ 3.192971137, 41.892065527 ], [ 3.193248682, 41.892194521 ], [ 3.19328116, 41.892156756 ], [ 3.192971137, 41.892065527 ] ] ], [ [ [ 3.197721697, 41.892231229 ], [ 3.197917603, 41.892139596 ], [ 3.197777089, 41.892057196 ], [ 3.197721697, 41.892231229 ] ] ], [ [ [ 3.19311182, 41.892273947 ], [ 3.193069094, 41.89233027 ], [ 3.193142735, 41.892344285 ], [ 3.19311182, 41.892273947 ] ] ], [ [ [ 3.193391971, 41.892429805 ], [ 3.193245382, 41.892284716 ], [ 3.193190672, 41.892341689 ], [ 3.193391971, 41.892429805 ] ] ], [ [ [ 3.204523523, 41.895778085 ], [ 3.204456837, 41.895835712 ], [ 3.20449627, 41.89586958 ], [ 3.204523523, 41.895778085 ] ] ], [ [ [ 3.204077205, 41.896144361 ], [ 3.204262194, 41.896188335 ], [ 3.204278332, 41.896106444 ], [ 3.204077205, 41.896144361 ] ] ], [ [ [ 3.204779859, 41.896556324 ], [ 3.2048045, 41.896437967 ], [ 3.204729113, 41.896406049 ], [ 3.204779859, 41.896556324 ] ] ], [ [ [ 3.204568407, 41.897107892 ], [ 3.204659261, 41.897174977 ], [ 3.204665154, 41.897111646 ], [ 3.204568407, 41.897107892 ] ] ], [ [ [ 3.196602941, 42.084695342 ], [ 3.19684924, 42.084618984 ], [ 3.196394871, 42.084544601 ], [ 3.196602941, 42.084695342 ] ] ], [ [ [ 3.197458307, 42.084297933 ], [ 3.197683695, 42.084996798 ], [ 3.198076811, 42.084444422 ], [ 3.197458307, 42.084297933 ] ] ], [ [ [ 3.184465474, 42.099880332 ], [ 3.184507452, 42.099815054 ], [ 3.184446461, 42.099809352 ], [ 3.184465474, 42.099880332 ] ] ], [ [ [ 3.186939863, 42.099845453 ], [ 3.187031891, 42.099921482 ], [ 3.187083268, 42.099828691 ], [ 3.186939863, 42.099845453 ] ] ], [ [ [ 3.184512235, 42.100111831 ], [ 3.184540442, 42.100029295 ], [ 3.184493222, 42.100040851 ], [ 3.184512235, 42.100111831 ] ] ], [ [ [ 3.184795929, 42.100789565 ], [ 3.184945453, 42.100835482 ], [ 3.184999455, 42.100769553 ], [ 3.184795929, 42.100789565 ] ] ], [ [ [ 3.179305856, 42.102994692 ], [ 3.17942193, 42.103069427 ], [ 3.179460423, 42.102968334 ], [ 3.179305856, 42.102994692 ] ] ], [ [ [ 3.170752545, 42.104779879 ], [ 3.170682832, 42.10468463 ], [ 3.170640836, 42.104749905 ], [ 3.170752545, 42.104779879 ] ] ], [ [ [ 3.175561276, 42.111703084 ], [ 3.175718288, 42.111577587 ], [ 3.175518215, 42.111633401 ], [ 3.175561276, 42.111703084 ] ] ], [ [ [ 3.193479209, 42.240511856 ], [ 3.193772537, 42.240414943 ], [ 3.193328194, 42.240331017 ], [ 3.193479209, 42.240511856 ] ] ], [ [ [ 3.192639243, 42.240593393 ], [ 3.192534216, 42.241004141 ], [ 3.192838718, 42.240897624 ], [ 3.192639243, 42.240593393 ] ] ], [ [ [ 3.192139208, 42.241052555 ], [ 3.192388999, 42.241129028 ], [ 3.192427526, 42.241027927 ], [ 3.192139208, 42.241052555 ] ] ], [ [ [ 3.19751761, 42.241913076 ], [ 3.197859408, 42.24193954 ], [ 3.197925547, 42.241872943 ], [ 3.19751761, 42.241913076 ] ] ], [ [ [ 3.19787173, 42.242064888 ], [ 3.198129179, 42.242095927 ], [ 3.198236476, 42.241955088 ], [ 3.19787173, 42.242064888 ] ] ], [ [ [ 3.197739724, 42.242324084 ], [ 3.197926906, 42.242502955 ], [ 3.198067714, 42.242333294 ], [ 3.197739724, 42.242324084 ] ] ], [ [ [ 3.19769261, 42.242830708 ], [ 3.197663501, 42.242904297 ], [ 3.197709941, 42.242883775 ], [ 3.19769261, 42.242830708 ] ] ], [ [ [ 3.191913599, 42.338730223 ], [ 3.192197347, 42.338777853 ], [ 3.192276536, 42.338719552 ], [ 3.191913599, 42.338730223 ] ] ], [ [ [ 3.190261269, 42.341295183 ], [ 3.190148786, 42.341508312 ], [ 3.190247984, 42.341529942 ], [ 3.190261269, 42.341295183 ] ] ], [ [ [ 3.18629102, 42.344597771 ], [ 3.185943374, 42.344517581 ], [ 3.185866816, 42.34460274 ], [ 3.18629102, 42.344597771 ] ] ], [ [ [ 3.188494698, 42.34972629 ], [ 3.188371618, 42.349831974 ], [ 3.188499988, 42.349780012 ], [ 3.188494698, 42.34972629 ] ] ], [ [ [ 3.183333556, 42.352895264 ], [ 3.183110104, 42.352844349 ], [ 3.183058557, 42.352937154 ], [ 3.183333556, 42.352895264 ] ] ], [ [ [ 3.178309053, 42.353509188 ], [ 3.178144451, 42.353563099 ], [ 3.178331688, 42.353615983 ], [ 3.178309053, 42.353509188 ] ] ], [ [ [ 3.182932889, 42.353880114 ], [ 3.182561671, 42.35368417 ], [ 3.182514265, 42.353695737 ], [ 3.182590479, 42.35385364 ], [ 3.182728553, 42.353900176 ], [ 3.182932889, 42.353880114 ] ] ], [ [ [ 3.175797979, 42.354878186 ], [ 3.176039035, 42.355108194 ], [ 3.176028227, 42.354874739 ], [ 3.175797979, 42.354878186 ] ] ], [ [ [ 3.172076527, 42.356528572 ], [ 3.172060696, 42.356367399 ], [ 3.171940213, 42.356499931 ], [ 3.172076527, 42.356528572 ] ] ], [ [ [ 3.169526805, 42.418164865 ], [ 3.16992974, 42.418062082 ], [ 3.170034093, 42.418011436 ], [ 3.169526805, 42.418164865 ] ] ], [ [ [ 3.169680613, 42.419110718 ], [ 3.169597402, 42.419376258 ], [ 3.169844509, 42.419047854 ], [ 3.169680613, 42.419110718 ] ] ], [ [ [ 3.169105443, 42.42030299 ], [ 3.169228683, 42.420197315 ], [ 3.169054461, 42.42027874 ], [ 3.169105443, 42.42030299 ] ] ], [ [ [ 3.169367994, 42.422971264 ], [ 3.16941218, 42.423049891 ], [ 3.169489727, 42.422973689 ], [ 3.169367994, 42.422971264 ] ] ], [ [ [ 3.169682711, 42.423206304 ], [ 3.169739863, 42.423293231 ], [ 3.169760509, 42.42325611 ], [ 3.169682711, 42.423206304 ] ] ], [ [ [ 3.16957734, 42.423617066 ], [ 3.169538691, 42.423718171 ], [ 3.169651614, 42.423631056 ], [ 3.16957734, 42.423617066 ] ] ], [ [ [ 3.170838122, 42.424206054 ], [ 3.170857511, 42.42440304 ], [ 3.171156749, 42.424233843 ], [ 3.170838122, 42.424206054 ] ] ], [ [ [ 3.171132923, 42.432507541 ], [ 3.171353134, 42.432522644 ], [ 3.171392665, 42.432430492 ], [ 3.171132923, 42.432507541 ] ] ], [ [ [ 3.175031611, 42.435078247 ], [ 3.175229421, 42.435112557 ], [ 3.175325855, 42.434981321 ], [ 3.175031611, 42.435078247 ] ] ], [ [ [ 3.206154785, 41.899794332 ], [ 3.20657406, 41.89964556 ], [ 3.206570578, 41.899609742 ], [ 3.206154785, 41.899794332 ] ] ], [ [ [ 3.206037077, 41.900070767 ], [ 3.206097672, 41.899950458 ], [ 3.205999381, 41.900054809 ], [ 3.206037077, 41.900070767 ] ] ], [ [ [ 3.20938851, 41.902940425 ], [ 3.20992786, 41.902911144 ], [ 3.209385026, 41.902904608 ], [ 3.20938851, 41.902940425 ] ] ], [ [ [ 3.209732781, 41.903506839 ], [ 3.209483486, 41.903421356 ], [ 3.209451013, 41.903459125 ], [ 3.209732781, 41.903506839 ] ] ], [ [ [ 3.209449789, 41.905304521 ], [ 3.209850345, 41.905210762 ], [ 3.209859717, 41.905183248 ], [ 3.209631112, 41.905186658 ], [ 3.209449789, 41.905304521 ] ] ], [ [ [ 3.208798149, 41.905789977 ], [ 3.209173202, 41.905805623 ], [ 3.209081252, 41.905603578 ], [ 3.208798149, 41.905789977 ] ] ], [ [ [ 3.208834692, 41.906661149 ], [ 3.208706326, 41.906704124 ], [ 3.208696082, 41.906722683 ], [ 3.208834692, 41.906661149 ] ] ], [ [ [ 3.208951279, 41.906744836 ], [ 3.208890476, 41.906739136 ], [ 3.208928177, 41.906755092 ], [ 3.208951279, 41.906744836 ] ] ], [ [ [ 3.208473112, 41.90703184 ], [ 3.20854897, 41.906820685 ], [ 3.208384853, 41.906991623 ], [ 3.208473112, 41.90703184 ] ] ], [ [ [ 3.207387478, 41.908134952 ], [ 3.207299217, 41.908094734 ], [ 3.207280469, 41.908149761 ], [ 3.207387478, 41.908134952 ] ] ], [ [ [ 3.207765158, 41.908177465 ], [ 3.208077681, 41.908169504 ], [ 3.208167477, 41.908101619 ], [ 3.207765158, 41.908177465 ] ] ], [ [ [ 3.208648889, 41.908219513 ], [ 3.20891587, 41.908115003 ], [ 3.20845362, 41.908194106 ], [ 3.208648889, 41.908219513 ] ] ], [ [ [ 3.208461324, 41.912856523 ], [ 3.208501434, 41.912773331 ], [ 3.208411632, 41.912841217 ], [ 3.208461324, 41.912856523 ] ] ], [ [ [ 3.216542883, 41.918376576 ], [ 3.21661394, 41.918363712 ], [ 3.21656337, 41.918339456 ], [ 3.216542883, 41.918376576 ] ] ], [ [ [ 3.216880519, 41.921346745 ], [ 3.216766284, 41.921163922 ], [ 3.216633534, 41.921162137 ], [ 3.216880519, 41.921346745 ] ] ], [ [ [ 3.218128692, 41.921539929 ], [ 3.217618636, 41.921747694 ], [ 3.218093829, 41.921676849 ], [ 3.218128692, 41.921539929 ] ] ], [ [ [ 3.217273558, 41.92414287 ], [ 3.218326466, 41.92431066 ], [ 3.217637374, 41.924042076 ], [ 3.217273558, 41.92414287 ] ] ], [ [ [ 3.217022467, 41.924534588 ], [ 3.217579908, 41.924936356 ], [ 3.218333502, 41.924877377 ], [ 3.217022467, 41.924534588 ] ] ], [ [ [ 3.21917783, 41.925254534 ], [ 3.219469305, 41.92540071 ], [ 3.219645017, 41.925472167 ], [ 3.21917783, 41.925254534 ] ] ], [ [ [ 3.218775071, 41.926068576 ], [ 3.218871222, 41.926189369 ], [ 3.219002236, 41.926173242 ], [ 3.218775071, 41.926068576 ] ] ], [ [ [ 3.216315267, 41.92901661 ], [ 3.216280424, 41.929020999 ], [ 3.216314129, 41.929036877 ], [ 3.216315267, 41.92901661 ] ] ], [ [ [ 3.21642201, 41.929016948 ], [ 3.216368232, 41.92905695 ], [ 3.216469751, 41.92904613 ], [ 3.21642201, 41.929016948 ] ] ], [ [ [ 3.215693431, 41.929780117 ], [ 3.215343896, 41.929746459 ], [ 3.215724328, 41.929821761 ], [ 3.215693431, 41.929780117 ] ] ], [ [ [ 3.216042554, 41.930048672 ], [ 3.215985545, 41.930025182 ], [ 3.215998435, 41.930091718 ], [ 3.216042554, 41.930048672 ] ] ], [ [ [ 3.216977774, 41.930145888 ], [ 3.216862963, 41.930114491 ], [ 3.216895089, 41.930162797 ], [ 3.216977774, 41.930145888 ] ] ], [ [ [ 3.216097216, 41.930162234 ], [ 3.215884651, 41.9302219 ], [ 3.216213817, 41.930223441 ], [ 3.216097216, 41.930162234 ] ] ], [ [ [ 3.217093837, 41.934233395 ], [ 3.216949659, 41.934188095 ], [ 3.217085669, 41.934243498 ], [ 3.217093837, 41.934233395 ] ] ], [ [ [ 3.219328749, 41.935042357 ], [ 3.21933271, 41.934930936 ], [ 3.219284623, 41.934943367 ], [ 3.219328749, 41.935042357 ] ] ], [ [ [ 3.220098427, 41.935068802 ], [ 3.220262866, 41.935146484 ], [ 3.220402165, 41.935035343 ], [ 3.220098427, 41.935068802 ] ] ], [ [ [ 3.216165797, 41.935490336 ], [ 3.216159425, 41.935425229 ], [ 3.216101234, 41.935446144 ], [ 3.216165797, 41.935490336 ] ] ], [ [ [ 3.218372368, 41.93562179 ], [ 3.218385662, 41.935558357 ], [ 3.21829978, 41.935559602 ], [ 3.218372368, 41.93562179 ] ] ], [ [ [ 3.214597358, 41.936654801 ], [ 3.214605167, 41.936681176 ], [ 3.214621217, 41.93664701 ], [ 3.214597358, 41.936654801 ] ] ], [ [ [ 3.217970899, 41.937591886 ], [ 3.217853369, 41.937651735 ], [ 3.217987621, 41.937649228 ], [ 3.217970899, 41.937591886 ] ] ], [ [ [ 3.216456947, 41.937825783 ], [ 3.21643241, 41.937775481 ], [ 3.216446567, 41.937824001 ], [ 3.216456947, 41.937825783 ] ] ], [ [ [ 3.216432028, 41.937840961 ], [ 3.216241907, 41.937767556 ], [ 3.216156437, 41.937855262 ], [ 3.216432028, 41.937840961 ] ] ], [ [ [ 3.215969241, 41.93786156 ], [ 3.215953633, 41.937883567 ], [ 3.215996551, 41.937875739 ], [ 3.215969241, 41.93786156 ] ] ], [ [ [ 3.215827779, 41.937872545 ], [ 3.215802096, 41.937911683 ], [ 3.21585526, 41.937901765 ], [ 3.215827779, 41.937872545 ] ] ], [ [ [ 3.217937096, 41.938220174 ], [ 3.218375064, 41.937749185 ], [ 3.217658867, 41.937850164 ], [ 3.217937096, 41.938220174 ] ] ], [ [ [ 3.215893517, 41.93797789 ], [ 3.215918686, 41.938001171 ], [ 3.215901551, 41.937963645 ], [ 3.215893517, 41.93797789 ] ] ], [ [ [ 3.217474386, 41.938016059 ], [ 3.217397092, 41.937989456 ], [ 3.21742647, 41.938043982 ], [ 3.217474386, 41.938016059 ] ] ], [ [ [ 3.217692719, 41.938650171 ], [ 3.217617622, 41.938808293 ], [ 3.217735207, 41.938763846 ], [ 3.217692719, 41.938650171 ] ] ], [ [ [ 3.218107817, 41.938898869 ], [ 3.21787743, 41.938975234 ], [ 3.21818806, 41.938976264 ], [ 3.218107817, 41.938898869 ] ] ], [ [ [ 3.219141702, 41.942783134 ], [ 3.21901849, 41.942807058 ], [ 3.219000556, 41.942819071 ], [ 3.219141702, 41.942783134 ] ] ], [ [ [ 3.221008077, 41.943260147 ], [ 3.221088047, 41.943326013 ], [ 3.221106387, 41.943291931 ], [ 3.221008077, 41.943260147 ] ] ], [ [ [ 3.220509771, 41.943382069 ], [ 3.220575358, 41.94340509 ], [ 3.220570469, 41.943386636 ], [ 3.220509771, 41.943382069 ] ] ], [ [ [ 3.220850043, 41.943505526 ], [ 3.220834706, 41.943535999 ], [ 3.220887274, 41.943526981 ], [ 3.220850043, 41.943505526 ] ] ], [ [ [ 3.220922541, 41.943573388 ], [ 3.220917848, 41.943611405 ], [ 3.220953009, 41.943592333 ], [ 3.220922541, 41.943573388 ] ] ], [ [ [ 3.222986832, 41.94416194 ], [ 3.22304337, 41.944184167 ], [ 3.223012531, 41.944093799 ], [ 3.222986832, 41.94416194 ] ] ], [ [ [ 3.221989984, 41.944166399 ], [ 3.222163964, 41.944170565 ], [ 3.222177391, 41.944146221 ], [ 3.221989984, 41.944166399 ] ] ], [ [ [ 3.227233995, 41.944422622 ], [ 3.227096139, 41.944501344 ], [ 3.227313612, 41.944454797 ], [ 3.227233995, 41.944422622 ] ] ], [ [ [ 3.226945131, 41.944511731 ], [ 3.227015025, 41.944591122 ], [ 3.227066875, 41.944516173 ], [ 3.226945131, 41.944511731 ] ] ], [ [ [ 3.22713404, 41.944540448 ], [ 3.227122428, 41.944633871 ], [ 3.227224251, 41.944566208 ], [ 3.22713404, 41.944540448 ] ] ], [ [ [ 3.225312617, 41.944756787 ], [ 3.225463609, 41.944776035 ], [ 3.225482105, 41.94475258 ], [ 3.225312617, 41.944756787 ] ] ], [ [ [ 3.224801379, 41.944838853 ], [ 3.22480057, 41.944814626 ], [ 3.224782032, 41.944826281 ], [ 3.224801379, 41.944838853 ] ] ], [ [ [ 3.224812838, 41.94514614 ], [ 3.224825546, 41.945123779 ], [ 3.224771559, 41.945124111 ], [ 3.224812838, 41.94514614 ] ] ], [ [ [ 3.225017273, 41.945164563 ], [ 3.22503644, 41.945125887 ], [ 3.224997676, 41.94514965 ], [ 3.225017273, 41.945164563 ] ] ], [ [ [ 3.224879577, 41.945152945 ], [ 3.224972879, 41.945165371 ], [ 3.224978087, 41.945136899 ], [ 3.224879577, 41.945152945 ] ] ], [ [ [ 3.225061994, 41.945359111 ], [ 3.225020816, 41.94538252 ], [ 3.225111139, 41.945371174 ], [ 3.225061994, 41.945359111 ] ] ], [ [ [ 3.226711166, 41.945485285 ], [ 3.226719867, 41.945455545 ], [ 3.226691929, 41.945470101 ], [ 3.226711166, 41.945485285 ] ] ], [ [ [ 3.226192794, 41.945496037 ], [ 3.226268339, 41.945433922 ], [ 3.226188743, 41.945442185 ], [ 3.226192794, 41.945496037 ] ] ], [ [ [ 3.22613885, 41.945525236 ], [ 3.226177139, 41.945470038 ], [ 3.226156195, 41.945449544 ], [ 3.22613885, 41.945525236 ] ] ], [ [ [ 3.22652663, 41.945669388 ], [ 3.226463437, 41.945642493 ], [ 3.226398041, 41.945674686 ], [ 3.22652663, 41.945669388 ] ] ], [ [ [ 3.226424477, 41.946052738 ], [ 3.22615577, 41.946112173 ], [ 3.226449541, 41.946180404 ], [ 3.226424477, 41.946052738 ] ] ], [ [ [ 3.226590326, 41.946347561 ], [ 3.226775573, 41.94626118 ], [ 3.226466176, 41.94631205 ], [ 3.226590326, 41.946347561 ] ] ], [ [ [ 3.226729079, 41.946961637 ], [ 3.226803088, 41.947010217 ], [ 3.226816844, 41.946976865 ], [ 3.226729079, 41.946961637 ] ] ], [ [ [ 3.228714331, 41.948375982 ], [ 3.228713195, 41.94846272 ], [ 3.22875948, 41.948450378 ], [ 3.228714331, 41.948375982 ] ] ], [ [ [ 3.23008575, 41.954395958 ], [ 3.230141564, 41.954481591 ], [ 3.230182736, 41.954421974 ], [ 3.23008575, 41.954395958 ] ] ], [ [ [ 3.229874255, 41.954536348 ], [ 3.229988035, 41.954468209 ], [ 3.229895796, 41.954453352 ], [ 3.229874255, 41.954536348 ] ] ], [ [ [ 3.229923296, 41.955220492 ], [ 3.229971078, 41.955186891 ], [ 3.229925663, 41.955173922 ], [ 3.229923296, 41.955220492 ] ] ], [ [ [ 3.230330042, 41.962703103 ], [ 3.23037275, 41.96280002 ], [ 3.230398222, 41.962735841 ], [ 3.230330042, 41.962703103 ] ] ], [ [ [ 3.22941723, 41.962699983 ], [ 3.22961221, 41.962824515 ], [ 3.229662711, 41.96280694 ], [ 3.22941723, 41.962699983 ] ] ], [ [ [ 3.229641357, 41.963010085 ], [ 3.229524393, 41.962968708 ], [ 3.22943617, 41.963000049 ], [ 3.229641357, 41.963010085 ] ] ], [ [ [ 3.230654393, 41.969301409 ], [ 3.230720048, 41.969368107 ], [ 3.230747661, 41.969327972 ], [ 3.230654393, 41.969301409 ] ] ], [ [ [ 3.228827674, 41.9697147 ], [ 3.228868526, 41.969764876 ], [ 3.228914269, 41.969697775 ], [ 3.228827674, 41.9697147 ] ] ], [ [ [ 3.228051714, 41.970073816 ], [ 3.228119332, 41.970116283 ], [ 3.228114667, 41.970026495 ], [ 3.228051714, 41.970073816 ] ] ], [ [ [ 3.228196547, 41.970108744 ], [ 3.228270794, 41.970081126 ], [ 3.228234688, 41.970041838 ], [ 3.228196547, 41.970108744 ] ] ], [ [ [ 3.229909613, 41.970203579 ], [ 3.229800938, 41.970121566 ], [ 3.229606694, 41.9702077 ], [ 3.229909613, 41.970203579 ] ] ], [ [ [ 3.226520604, 41.971085338 ], [ 3.226437255, 41.971133239 ], [ 3.226592196, 41.971125096 ], [ 3.226520604, 41.971085338 ] ] ], [ [ [ 3.226355403, 41.971602831 ], [ 3.226246584, 41.971548105 ], [ 3.226235545, 41.971600456 ], [ 3.226355403, 41.971602831 ] ] ], [ [ [ 3.225359962, 41.972979941 ], [ 3.225401959, 41.972841875 ], [ 3.22525501, 41.972858556 ], [ 3.225359962, 41.972979941 ] ] ], [ [ [ 3.218292375, 41.973974558 ], [ 3.21828736, 41.974131284 ], [ 3.218470836, 41.973994753 ], [ 3.218292375, 41.973974558 ] ] ], [ [ [ 3.220420614, 41.974209338 ], [ 3.220686356, 41.974408235 ], [ 3.220773106, 41.974364114 ], [ 3.220420614, 41.974209338 ] ] ], [ [ [ 3.212797615, 41.976403929 ], [ 3.212666544, 41.976334821 ], [ 3.212646839, 41.976398175 ], [ 3.212797615, 41.976403929 ] ] ], [ [ [ 3.211434913, 41.976449777 ], [ 3.211367192, 41.976520874 ], [ 3.211453292, 41.976496038 ], [ 3.211434913, 41.976449777 ] ] ], [ [ [ 3.226699205, 42.041186839 ], [ 3.226804348, 42.04139714 ], [ 3.227017643, 42.0412325 ], [ 3.226699205, 42.041186839 ] ] ], [ [ [ 3.228330065, 42.041440031 ], [ 3.22825588, 42.042038151 ], [ 3.22891535, 42.041867198 ], [ 3.228330065, 42.041440031 ] ] ], [ [ [ 3.227570673, 42.041823452 ], [ 3.227251584, 42.042263891 ], [ 3.227719754, 42.042112368 ], [ 3.227570673, 42.041823452 ] ] ], [ [ [ 3.225650267, 42.042189098 ], [ 3.225730508, 42.042391754 ], [ 3.225829563, 42.042170331 ], [ 3.225650267, 42.042189098 ] ] ], [ [ [ 3.225446561, 42.042821274 ], [ 3.225473821, 42.042729777 ], [ 3.22539676, 42.042805984 ], [ 3.225446561, 42.042821274 ] ] ], [ [ [ 3.225458847, 42.042946621 ], [ 3.225380634, 42.042887872 ], [ 3.225350742, 42.042952509 ], [ 3.225458847, 42.042946621 ] ] ], [ [ [ 3.225452647, 42.043252998 ], [ 3.225398731, 42.043318943 ], [ 3.225483691, 42.043323317 ], [ 3.225452647, 42.043252998 ] ] ], [ [ [ 3.225279607, 42.042596336 ], [ 3.223687597, 42.044465262 ], [ 3.227124122, 42.044782161 ], [ 3.227149716, 42.043934657 ], [ 3.226429006, 42.043973918 ], [ 3.226012207, 42.04329453 ], [ 3.225477822, 42.043386645 ], [ 3.22520276, 42.043167595 ], [ 3.225279607, 42.042596336 ] ] ], [ [ [ 3.223906716, 42.044606351 ], [ 3.2237787, 42.044532311 ], [ 3.223899091, 42.044651772 ], [ 3.223906716, 42.044606351 ] ] ], [ [ [ 3.22217481, 42.045294718 ], [ 3.222173665, 42.045159763 ], [ 3.222121499, 42.045243613 ], [ 3.22217481, 42.045294718 ] ] ], [ [ [ 3.221607872, 42.045424591 ], [ 3.221647417, 42.045458444 ], [ 3.221655044, 42.045413023 ], [ 3.221607872, 42.045424591 ] ] ], [ [ [ 3.220435152, 42.046397536 ], [ 3.220466805, 42.046350807 ], [ 3.220409374, 42.046380936 ], [ 3.220435152, 42.046397536 ] ] ], [ [ [ 3.219522379, 42.04694227 ], [ 3.219517995, 42.046897503 ], [ 3.219482834, 42.046908417 ], [ 3.219522379, 42.04694227 ] ] ], [ [ [ 3.219545176, 42.047175061 ], [ 3.219621636, 42.047215906 ], [ 3.219645661, 42.047214599 ], [ 3.219545176, 42.047175061 ] ] ], [ [ [ 3.226895528, 42.047746999 ], [ 3.219052124, 42.048183016 ], [ 3.224599901, 42.050077323 ], [ 3.226895528, 42.047746999 ] ] ], [ [ [ 3.219074044, 42.048406853 ], [ 3.219128233, 42.048466913 ], [ 3.219150505, 42.048447699 ], [ 3.219074044, 42.048406853 ] ] ], [ [ [ 3.221806433, 42.051642598 ], [ 3.221736035, 42.052033481 ], [ 3.222043461, 42.051719708 ], [ 3.221806433, 42.051642598 ] ] ], [ [ [ 3.209907673, 42.053099767 ], [ 3.209972121, 42.053141272 ], [ 3.209967743, 42.053096504 ], [ 3.209907673, 42.053099767 ] ] ], [ [ [ 3.210443293, 42.053142676 ], [ 3.210436533, 42.053197051 ], [ 3.210518004, 42.053165621 ], [ 3.210443293, 42.053142676 ] ] ], [ [ [ 3.210693205, 42.053228111 ], [ 3.210622873, 42.053249935 ], [ 3.21069846, 42.053281832 ], [ 3.210693205, 42.053228111 ] ] ], [ [ [ 3.210860772, 42.053336021 ], [ 3.210808337, 42.053293865 ], [ 3.21079895, 42.053321378 ], [ 3.210860772, 42.053336021 ] ] ], [ [ [ 3.211098918, 42.053548111 ], [ 3.211143471, 42.053509685 ], [ 3.211083401, 42.053512949 ], [ 3.211098918, 42.053548111 ] ] ], [ [ [ 3.212049022, 42.054000546 ], [ 3.212319463, 42.054048856 ], [ 3.2123286, 42.05389534 ], [ 3.212049022, 42.054000546 ] ] ], [ [ [ 3.211558066, 42.054414278 ], [ 3.211493615, 42.054372775 ], [ 3.211510885, 42.054425844 ], [ 3.211558066, 42.054414278 ] ] ], [ [ [ 3.211657057, 42.054561917 ], [ 3.211563321, 42.054468 ], [ 3.211573834, 42.054575441 ], [ 3.211657057, 42.054561917 ] ] ], [ [ [ 3.21154893, 42.054567793 ], [ 3.211494115, 42.054624778 ], [ 3.21154042, 42.05460426 ], [ 3.21154893, 42.054567793 ] ] ], [ [ [ 3.211285369, 42.054960159 ], [ 3.21133693, 42.054993361 ], [ 3.211296507, 42.054950552 ], [ 3.211285369, 42.054960159 ] ] ], [ [ [ 3.211225798, 42.055215425 ], [ 3.21114345, 42.055237901 ], [ 3.211230178, 42.055260192 ], [ 3.211225798, 42.055215425 ] ] ], [ [ [ 3.211297884, 42.055211508 ], [ 3.211316907, 42.055282482 ], [ 3.211350321, 42.055253663 ], [ 3.211297884, 42.055211508 ] ] ], [ [ [ 3.213149953, 42.05858525 ], [ 3.213127055, 42.05872151 ], [ 3.213235189, 42.058715632 ], [ 3.213149953, 42.05858525 ] ] ], [ [ [ 3.212835191, 42.05870137 ], [ 3.212877992, 42.058645037 ], [ 3.212747581, 42.058670128 ], [ 3.212835191, 42.05870137 ] ] ], [ [ [ 3.213004276, 42.058701181 ], [ 3.212958846, 42.058730653 ], [ 3.213042074, 42.058717128 ], [ 3.213004276, 42.058701181 ] ] ], [ [ [ 3.210413289, 42.062712429 ], [ 3.210416419, 42.062991291 ], [ 3.210704547, 42.062849621 ], [ 3.210413289, 42.062712429 ] ] ], [ [ [ 3.209649267, 42.065274228 ], [ 3.209670544, 42.065615111 ], [ 3.209727497, 42.065332985 ], [ 3.209649267, 42.065274228 ] ] ], [ [ [ 3.205784764, 42.074179108 ], [ 3.205033812, 42.073418784 ], [ 3.204791011, 42.074395075 ], [ 3.205784764, 42.074179108 ] ] ], [ [ [ 3.22908637, 42.243625933 ], [ 3.22894675, 42.243561535 ], [ 3.228927074, 42.243607613 ], [ 3.22908637, 42.243625933 ] ] ], [ [ [ 3.230206113, 42.244537015 ], [ 3.230151174, 42.244594018 ], [ 3.230256966, 42.244561246 ], [ 3.230206113, 42.244537015 ] ] ], [ [ [ 3.227525256, 42.249651811 ], [ 3.227383303, 42.249686551 ], [ 3.227528794, 42.249687623 ], [ 3.227525256, 42.249651811 ] ] ], [ [ [ 3.211209901, 42.346026976 ], [ 3.211382093, 42.345927597 ], [ 3.211103931, 42.346059743 ], [ 3.211209901, 42.346026976 ] ] ], [ [ [ 3.204570027, 42.347477048 ], [ 3.204645981, 42.347508928 ], [ 3.204981282, 42.347463708 ], [ 3.204815537, 42.347382698 ], [ 3.204564724, 42.347423328 ], [ 3.204570027, 42.347477048 ] ] ], [ [ [ 3.217995858, 42.350104452 ], [ 3.218290299, 42.350259448 ], [ 3.218327062, 42.350140428 ], [ 3.217995858, 42.350104452 ] ] ], [ [ [ 3.217890881, 42.350515232 ], [ 3.217843155, 42.350400811 ], [ 3.217752796, 42.350468741 ], [ 3.217890881, 42.350515232 ] ] ], [ [ [ 3.231200936, 41.956369702 ], [ 3.23138766, 41.956484431 ], [ 3.231476296, 41.956436966 ], [ 3.231200936, 41.956369702 ] ] ], [ [ [ 3.231515214, 41.956720419 ], [ 3.231547514, 41.956676852 ], [ 3.23150466, 41.956671714 ], [ 3.231515214, 41.956720419 ] ] ], [ [ [ 3.232060518, 41.957189468 ], [ 3.232019609, 41.95698933 ], [ 3.231908574, 41.95711583 ], [ 3.232060518, 41.957189468 ] ] ], [ [ [ 3.234677107, 41.957663833 ], [ 3.2346974, 41.957735215 ], [ 3.23473696, 41.957697396 ], [ 3.234677107, 41.957663833 ] ] ], [ [ [ 3.231196395, 41.95997727 ], [ 3.231238225, 41.960065002 ], [ 3.231256495, 41.960012185 ], [ 3.231196395, 41.95997727 ] ] ], [ [ [ 3.233402842, 41.962110722 ], [ 3.233491399, 41.962171697 ], [ 3.233547912, 41.962082686 ], [ 3.233402842, 41.962110722 ] ] ], [ [ [ 3.23412276, 41.962298934 ], [ 3.233828147, 41.962155608 ], [ 3.233753147, 41.962271048 ], [ 3.23412276, 41.962298934 ] ] ], [ [ [ 3.233468693, 41.962232268 ], [ 3.233534365, 41.962304999 ], [ 3.233567629, 41.962227204 ], [ 3.233468693, 41.962232268 ] ] ], [ [ [ 3.233820995, 41.962311529 ], [ 3.233905509, 41.962421149 ], [ 3.233989482, 41.962350905 ], [ 3.233820995, 41.962311529 ] ] ], [ [ [ 3.234070148, 41.962398386 ], [ 3.234155544, 41.962452341 ], [ 3.234180327, 41.962398881 ], [ 3.234070148, 41.962398386 ] ] ], [ [ [ 3.23102385, 41.968242915 ], [ 3.23085482, 41.968324226 ], [ 3.231043995, 41.968306912 ], [ 3.23102385, 41.968242915 ] ] ], [ [ [ 3.23162096, 41.968428238 ], [ 3.231660144, 41.968384205 ], [ 3.231587817, 41.96840795 ], [ 3.23162096, 41.968428238 ] ] ], [ [ [ 3.231465445, 41.968608506 ], [ 3.231569488, 41.968578123 ], [ 3.231432647, 41.968583444 ], [ 3.231465445, 41.968608506 ] ] ], [ [ [ 3.23138921, 41.968786003 ], [ 3.231482637, 41.968889751 ], [ 3.231536477, 41.968859921 ], [ 3.23138921, 41.968786003 ] ] ], [ [ [ 3.231367239, 41.96888404 ], [ 3.231431763, 41.969038105 ], [ 3.231484536, 41.968980445 ], [ 3.231367239, 41.96888404 ] ] ], [ [ [ 3.23132227, 41.969396343 ], [ 3.231340291, 41.969340285 ], [ 3.231274614, 41.969367528 ], [ 3.23132227, 41.969396343 ] ] ], [ [ [ 3.231675079, 41.969405538 ], [ 3.231723624, 41.969346896 ], [ 3.231619879, 41.969360075 ], [ 3.231675079, 41.969405538 ] ] ], [ [ [ 3.230797512, 41.969329762 ], [ 3.230880674, 41.969431551 ], [ 3.230913496, 41.969396629 ], [ 3.230797512, 41.969329762 ] ] ], [ [ [ 3.231186075, 41.969446966 ], [ 3.231253484, 41.969398194 ], [ 3.231189245, 41.969389497 ], [ 3.231186075, 41.969446966 ] ] ], [ [ [ 3.23159256, 41.969481001 ], [ 3.231614899, 41.969417548 ], [ 3.23155567, 41.969459099 ], [ 3.23159256, 41.969481001 ] ] ], [ [ [ 3.231281464, 41.969492708 ], [ 3.231319974, 41.969462007 ], [ 3.231256311, 41.969478889 ], [ 3.231281464, 41.969492708 ] ] ], [ [ [ 3.230912661, 41.969532632 ], [ 3.230932175, 41.96948882 ], [ 3.230850825, 41.969487362 ], [ 3.230912661, 41.969532632 ] ] ], [ [ [ 3.263379749, 42.237385738 ], [ 3.26435114, 42.237287481 ], [ 3.263361967, 42.23720669 ], [ 3.263379749, 42.237385738 ] ] ], [ [ [ 3.283267506, 42.273828622 ], [ 3.28382466, 42.273824983 ], [ 3.283375092, 42.273570673 ], [ 3.283267506, 42.273828622 ] ] ], [ [ [ 3.281748724, 42.27415517 ], [ 3.281651847, 42.27403448 ], [ 3.281627292, 42.274152845 ], [ 3.281748724, 42.27415517 ] ] ], [ [ [ 3.279836493, 42.277707753 ], [ 3.279970889, 42.277475333 ], [ 3.279713269, 42.277687522 ], [ 3.279836493, 42.277707753 ] ] ], [ [ [ 3.290841625, 42.279523643 ], [ 3.291068413, 42.279367134 ], [ 3.291021518, 42.279261701 ], [ 3.290841625, 42.279523643 ] ] ], [ [ [ 3.291188959, 42.279360496 ], [ 3.291544411, 42.279763982 ], [ 3.291693038, 42.279431751 ], [ 3.291188959, 42.279360496 ] ] ], [ [ [ 3.291891707, 42.2793578 ], [ 3.291813192, 42.279785184 ], [ 3.292088159, 42.279382986 ], [ 3.291891707, 42.2793578 ] ] ], [ [ [ 3.293999278, 42.280555894 ], [ 3.294204681, 42.280670595 ], [ 3.294223423, 42.280615555 ], [ 3.293999278, 42.280555894 ] ] ], [ [ [ 3.294990508, 42.280771318 ], [ 3.294698555, 42.281003435 ], [ 3.295053466, 42.280794853 ], [ 3.294990508, 42.280771318 ] ] ], [ [ [ 3.293659237, 42.281519761 ], [ 3.291746879, 42.281184034 ], [ 3.292166782, 42.282475094 ], [ 3.293659237, 42.281519761 ] ] ], [ [ [ 3.286663185, 42.281256866 ], [ 3.287113693, 42.281277081 ], [ 3.287131091, 42.281087096 ], [ 3.286663185, 42.281256866 ] ] ], [ [ [ 3.285996153, 42.281617616 ], [ 3.286082311, 42.281387843 ], [ 3.285951052, 42.281530085 ], [ 3.285996153, 42.281617616 ] ] ], [ [ [ 3.287643769, 42.282337064 ], [ 3.287686191, 42.282397738 ], [ 3.287691096, 42.282325458 ], [ 3.287643769, 42.282337064 ] ] ], [ [ [ 3.297054486, 42.28407805 ], [ 3.296798276, 42.284425219 ], [ 3.29713977, 42.28408235 ], [ 3.297054486, 42.28407805 ] ] ], [ [ [ 3.297948024, 42.284406847 ], [ 3.298000723, 42.284448948 ], [ 3.298019462, 42.284393907 ], [ 3.297948024, 42.284406847 ] ] ], [ [ [ 3.29754709, 42.284518962 ], [ 3.297339104, 42.284863473 ], [ 3.297867217, 42.284447306 ], [ 3.29754709, 42.284518962 ] ] ], [ [ [ 3.297713243, 42.284725832 ], [ 3.297574427, 42.28491351 ], [ 3.297857015, 42.284708905 ], [ 3.297713243, 42.284725832 ] ] ], [ [ [ 3.297913351, 42.28842332 ], [ 3.298033018, 42.288407722 ], [ 3.298019171, 42.288390483 ], [ 3.297913351, 42.28842332 ] ] ], [ [ [ 3.309832111, 42.290258956 ], [ 3.309331631, 42.290466624 ], [ 3.309956768, 42.290414093 ], [ 3.309832111, 42.290258956 ] ] ], [ [ [ 3.308860141, 42.290600679 ], [ 3.308881957, 42.290455454 ], [ 3.308764084, 42.290488968 ], [ 3.308860141, 42.290600679 ] ] ], [ [ [ 3.309382658, 42.290733843 ], [ 3.309646609, 42.290827279 ], [ 3.30971805, 42.290814331 ], [ 3.309382658, 42.290733843 ] ] ], [ [ [ 3.309087921, 42.290696114 ], [ 3.309189361, 42.290861535 ], [ 3.309323273, 42.290746124 ], [ 3.309087921, 42.290696114 ] ] ], [ [ [ 3.309374913, 42.291382359 ], [ 3.30810491, 42.292379624 ], [ 3.308225979, 42.292498955 ], [ 3.309374913, 42.291382359 ] ] ], [ [ [ 3.30980278, 42.291538751 ], [ 3.308893479, 42.292264066 ], [ 3.308827526, 42.29257375 ], [ 3.30980278, 42.291538751 ] ] ], [ [ [ 3.296073728, 42.292575293 ], [ 3.293098772, 42.29289224 ], [ 3.294869296, 42.294351911 ], [ 3.297329645, 42.293253172 ], [ 3.296073728, 42.292575293 ] ] ], [ [ [ 3.297111178, 42.292887162 ], [ 3.29702051, 42.292829151 ], [ 3.296956226, 42.292913706 ], [ 3.297111178, 42.292887162 ] ] ], [ [ [ 3.297110057, 42.293724341 ], [ 3.297119011, 42.29381386 ], [ 3.297152497, 42.29378501 ], [ 3.297110057, 42.293724341 ] ] ], [ [ [ 3.29694944, 42.294300274 ], [ 3.295293211, 42.294832621 ], [ 3.29532508, 42.295514961 ], [ 3.29694944, 42.294300274 ] ] ], [ [ [ 3.290742264, 42.298548821 ], [ 3.290861911, 42.298290196 ], [ 3.290669019, 42.298543853 ], [ 3.290742264, 42.298548821 ] ] ], [ [ [ 3.292022893, 42.299594448 ], [ 3.292361849, 42.299467762 ], [ 3.292099248, 42.299509231 ], [ 3.292022893, 42.299594448 ] ] ], [ [ [ 3.292126568, 42.299903783 ], [ 3.292392751, 42.299898122 ], [ 3.292423557, 42.299842417 ], [ 3.292126568, 42.299903783 ] ] ], [ [ [ 3.292366892, 42.300124578 ], [ 3.292628601, 42.300074156 ], [ 3.292614753, 42.300056917 ], [ 3.292366892, 42.300124578 ] ] ], [ [ [ 3.292917788, 42.30114738 ], [ 3.292957544, 42.301181195 ], [ 3.29300578, 42.301178538 ], [ 3.292917788, 42.30114738 ] ] ], [ [ [ 3.293013517, 42.301862209 ], [ 3.29299477, 42.301917249 ], [ 3.293026471, 42.301870497 ], [ 3.293013517, 42.301862209 ] ] ], [ [ [ 3.291907817, 42.302688226 ], [ 3.291824393, 42.303187892 ], [ 3.292157054, 42.302755509 ], [ 3.291907817, 42.302688226 ] ] ], [ [ [ 3.289547102, 42.304060411 ], [ 3.289655209, 42.304171475 ], [ 3.28969092, 42.304043491 ], [ 3.289547102, 42.304060411 ] ] ], [ [ [ 3.300984559, 42.304573239 ], [ 3.301071173, 42.304469447 ], [ 3.300943003, 42.304521524 ], [ 3.300984559, 42.304573239 ] ] ], [ [ [ 3.301038342, 42.305110348 ], [ 3.300951644, 42.30497111 ], [ 3.300834636, 42.305013569 ], [ 3.301038342, 42.305110348 ] ] ], [ [ [ 3.300842704, 42.305094136 ], [ 3.301021479, 42.305426322 ], [ 3.301179063, 42.305183597 ], [ 3.300842704, 42.305094136 ] ] ], [ [ [ 3.293651895, 42.306426691 ], [ 3.293601865, 42.306411445 ], [ 3.293602761, 42.306420397 ], [ 3.293651895, 42.306426691 ] ] ], [ [ [ 3.290652152, 42.306744953 ], [ 3.290619977, 42.306665713 ], [ 3.290566837, 42.30674065 ], [ 3.290652152, 42.306744953 ] ] ], [ [ [ 3.309148342, 42.311980696 ], [ 3.309160521, 42.312223057 ], [ 3.309380184, 42.311994894 ], [ 3.309148342, 42.311980696 ] ] ], [ [ [ 3.310613432, 42.311836752 ], [ 3.309804727, 42.312358495 ], [ 3.310774707, 42.311872848 ], [ 3.310613432, 42.311836752 ] ] ], [ [ [ 3.31658125, 42.313298121 ], [ 3.316410752, 42.31353258 ], [ 3.316813097, 42.313312302 ], [ 3.31658125, 42.313298121 ] ] ], [ [ [ 3.316271418, 42.313594293 ], [ 3.316306848, 42.313826365 ], [ 3.316694962, 42.313705888 ], [ 3.316271418, 42.313594293 ] ] ], [ [ [ 3.318420347, 42.315428699 ], [ 3.318241231, 42.31545661 ], [ 3.318435105, 42.315454886 ], [ 3.318420347, 42.315428699 ] ] ], [ [ [ 3.312787358, 42.316460272 ], [ 3.312880771, 42.316545121 ], [ 3.313054884, 42.316346472 ], [ 3.312787358, 42.316460272 ] ] ], [ [ [ 3.32165486, 42.318409143 ], [ 3.321561968, 42.31845029 ], [ 3.321668721, 42.318426378 ], [ 3.32165486, 42.318409143 ] ] ], [ [ [ 3.322199059, 42.318514039 ], [ 3.321707775, 42.318694253 ], [ 3.322522555, 42.318595145 ], [ 3.322199059, 42.318514039 ] ] ], [ [ [ 3.332096992, 42.319126868 ], [ 3.331537254, 42.320193036 ], [ 3.332541407, 42.320047352 ], [ 3.332096992, 42.319126868 ] ] ], [ [ [ 3.31108186, 42.320857111 ], [ 3.311131906, 42.320872349 ], [ 3.311137679, 42.320809021 ], [ 3.31108186, 42.320857111 ] ] ], [ [ [ 3.320832168, 42.321929143 ], [ 3.320812177, 42.322092272 ], [ 3.321017233, 42.322080923 ], [ 3.320832168, 42.321929143 ] ] ], [ [ [ 3.324104765, 42.322027018 ], [ 3.323525786, 42.322059076 ], [ 3.32417966, 42.322409923 ], [ 3.324104765, 42.322027018 ] ] ], [ [ [ 3.324027895, 42.322589349 ], [ 3.324000169, 42.32255488 ], [ 3.323982347, 42.322618875 ], [ 3.324027895, 42.322589349 ] ] ], [ [ [ 3.324537206, 42.322588151 ], [ 3.324414066, 42.322810998 ], [ 3.324683394, 42.322715073 ], [ 3.324537206, 42.322588151 ] ] ], [ [ [ 3.323430015, 42.321227266 ], [ 3.321372457, 42.321512189 ], [ 3.321509616, 42.322152685 ], [ 3.318246165, 42.324439552 ], [ 3.323430015, 42.321227266 ] ] ], [ [ [ 3.320783471, 42.323858098 ], [ 3.320694535, 42.323818014 ], [ 3.320662847, 42.323864774 ], [ 3.320783471, 42.323858098 ] ] ], [ [ [ 3.312969738, 42.3245603 ], [ 3.313014394, 42.324521827 ], [ 3.312978206, 42.324523827 ], [ 3.312969738, 42.3245603 ] ] ], [ [ [ 3.311371939, 42.32519768 ], [ 3.311424684, 42.325239772 ], [ 3.31142109, 42.325203966 ], [ 3.311371939, 42.32519768 ] ] ], [ [ [ 3.31163656, 42.325417089 ], [ 3.311692899, 42.325494987 ], [ 3.311740252, 42.325483369 ], [ 3.31163656, 42.325417089 ] ] ], [ [ [ 3.300181295, 42.326823663 ], [ 3.300218382, 42.326830618 ], [ 3.300190667, 42.326796142 ], [ 3.300181295, 42.326823663 ] ] ], [ [ [ 3.300924841, 42.326980673 ], [ 3.301232709, 42.327026697 ], [ 3.301254145, 42.326998511 ], [ 3.300924841, 42.326980673 ] ] ], [ [ [ 3.299357967, 42.327202123 ], [ 3.299049694, 42.327273133 ], [ 3.299053281, 42.32730894 ], [ 3.299357967, 42.327202123 ] ] ], [ [ [ 3.298901921, 42.32761433 ], [ 3.298812905, 42.327331198 ], [ 3.298509605, 42.327572956 ], [ 3.298901921, 42.32761433 ] ] ], [ [ [ 3.306692137, 42.327760508 ], [ 3.304024576, 42.327529725 ], [ 3.305178127, 42.32826716 ], [ 3.306692137, 42.327760508 ] ] ], [ [ [ 3.303890584, 42.327645136 ], [ 3.303838343, 42.32772903 ], [ 3.303914315, 42.327760842 ], [ 3.303890584, 42.327645136 ] ] ], [ [ [ 3.298888555, 42.327723082 ], [ 3.298917166, 42.32776651 ], [ 3.298974795, 42.327736328 ], [ 3.298888555, 42.327723082 ] ] ], [ [ [ 3.298604491, 42.32803579 ], [ 3.298789846, 42.32782754 ], [ 3.29849453, 42.327906835 ], [ 3.298604491, 42.32803579 ] ] ], [ [ [ 3.298455733, 42.328125005 ], [ 3.298361506, 42.328274222 ], [ 3.298695301, 42.328336825 ], [ 3.298455733, 42.328125005 ] ] ], [ [ [ 3.297651125, 42.328448413 ], [ 3.297655608, 42.328493172 ], [ 3.297715928, 42.328489846 ], [ 3.297651125, 42.328448413 ] ] ], [ [ [ 3.29809009, 42.330287471 ], [ 3.298086909, 42.330134625 ], [ 3.297959583, 42.330195654 ], [ 3.29809009, 42.330287471 ] ] ], [ [ [ 3.296683543, 42.33053605 ], [ 3.296725524, 42.330470726 ], [ 3.296654034, 42.330483669 ], [ 3.296683543, 42.33053605 ] ] ], [ [ [ 3.250855862, 42.331910197 ], [ 3.250796424, 42.331922452 ], [ 3.250845576, 42.331928763 ], [ 3.250855862, 42.331910197 ] ] ], [ [ [ 3.285587928, 42.332155375 ], [ 3.285590613, 42.332182232 ], [ 3.285600888, 42.332163663 ], [ 3.285587928, 42.332155375 ] ] ], [ [ [ 3.284853328, 42.332330821 ], [ 3.284815373, 42.332557942 ], [ 3.285139307, 42.332279079 ], [ 3.284853328, 42.332330821 ] ] ], [ [ [ 3.286557593, 42.332147013 ], [ 3.285827179, 42.333456398 ], [ 3.287091679, 42.332756706 ], [ 3.286557593, 42.332147013 ] ] ], [ [ [ 3.279742247, 42.333143036 ], [ 3.280096156, 42.333042564 ], [ 3.280093474, 42.333015708 ], [ 3.279742247, 42.333143036 ] ] ], [ [ [ 3.279797661, 42.333211999 ], [ 3.279709628, 42.333180834 ], [ 3.27966405, 42.333210344 ], [ 3.279797661, 42.333211999 ] ] ], [ [ [ 3.260962264, 42.334966182 ], [ 3.261124887, 42.335137294 ], [ 3.261052552, 42.334898223 ], [ 3.260962264, 42.334966182 ] ] ], [ [ [ 3.259177792, 42.33519901 ], [ 3.259182248, 42.335243772 ], [ 3.259207271, 42.335251402 ], [ 3.259177792, 42.33519901 ] ] ], [ [ [ 3.260602168, 42.336345126 ], [ 3.260288796, 42.336731359 ], [ 3.260860848, 42.336627991 ], [ 3.260602168, 42.336345126 ] ] ], [ [ [ 3.279317002, 42.337144999 ], [ 3.279276333, 42.337102228 ], [ 3.279208408, 42.337150969 ], [ 3.279317002, 42.337144999 ] ] ], [ [ [ 3.277260416, 42.337447079 ], [ 3.277669325, 42.33753262 ], [ 3.277807411, 42.337336002 ], [ 3.277260416, 42.337447079 ] ] ], [ [ [ 3.241467768, 42.337914459 ], [ 3.241813646, 42.33797657 ], [ 3.241989318, 42.337912961 ], [ 3.241467768, 42.337914459 ] ] ], [ [ [ 3.270676226, 42.338456866 ], [ 3.271193277, 42.33865351 ], [ 3.27126121, 42.338604773 ], [ 3.270676226, 42.338456866 ] ] ], [ [ [ 3.271506987, 42.33887932 ], [ 3.271603974, 42.338756977 ], [ 3.271331804, 42.33882593 ], [ 3.271506987, 42.33887932 ] ] ], [ [ [ 3.24022668, 42.339467505 ], [ 3.24007247, 42.339502935 ], [ 3.240088981, 42.33954704 ], [ 3.24022668, 42.339467505 ] ] ], [ [ [ 3.261830348, 42.339662307 ], [ 3.261881291, 42.339686518 ], [ 3.261875941, 42.339632803 ], [ 3.261830348, 42.339662307 ] ] ], [ [ [ 3.243367744, 42.33933185 ], [ 3.242131411, 42.339588456 ], [ 3.241774212, 42.339779004 ], [ 3.24237694, 42.340106119 ], [ 3.243367744, 42.33933185 ] ] ], [ [ [ 3.260808524, 42.340366423 ], [ 3.260865293, 42.340327306 ], [ 3.260794674, 42.34034918 ], [ 3.260808524, 42.340366423 ] ] ], [ [ [ 3.239622367, 42.340346653 ], [ 3.23983107, 42.340371256 ], [ 3.239839583, 42.340334785 ], [ 3.239622367, 42.340346653 ] ] ], [ [ [ 3.260971637, 42.340420491 ], [ 3.260857208, 42.340489773 ], [ 3.260997555, 42.340437073 ], [ 3.260971637, 42.340420491 ] ] ], [ [ [ 3.239604825, 42.34053664 ], [ 3.23955707, 42.340422231 ], [ 3.239489996, 42.340479904 ], [ 3.239604825, 42.34053664 ] ] ], [ [ [ 3.260803115, 42.340555748 ], [ 3.260879084, 42.340587589 ], [ 3.260923785, 42.340549133 ], [ 3.260803115, 42.340555748 ] ] ], [ [ [ 3.238441476, 42.344218753 ], [ 3.23843259, 42.344129224 ], [ 3.238378468, 42.34419519 ], [ 3.238441476, 42.344218753 ] ] ], [ [ [ 3.234356217, 42.350373753 ], [ 3.234796576, 42.350286705 ], [ 3.234316091, 42.350213918 ], [ 3.234356217, 42.350373753 ] ] ] ] } },
{ "type": "Feature", "properties": { "INSPIREID": "ES.IGN.BDDAE.34100000000", "COUNTRY": "ES", "NATLEV": "https://inspire.ec.europa.eu/codelist/AdministrativeHierarchyLevel/2ndOrder", "NATLEVNAME": "Comunidad autónoma", "NATCODE": "34100000000", "NAMEUNIT": "Comunitat Valenciana", "CODNUT1": "ES5", "CODNUT2": "ES52", "CODNUT3": null }, "geometry": { "type": "MultiPolygon", "coordinates": [ [ [ [ -0.740969371, 37.909130272 ], [ -0.770492339, 37.843918621 ], [ -0.83046494, 37.864434328 ], [ -0.921188419, 37.944238034 ], [ -1.017513543, 38.067728677 ], [ -1.03674468, 38.13771634 ], [ -0.988798446, 38.199410111 ], [ -0.970131697, 38.285413258 ], [ -0.989336947, 38.320712709 ], [ -1.084381684, 38.346193761 ], [ -1.088098491, 38.367757834 ], [ -1.07718909, 38.431425814 ], [ -1.094161755, 38.437928939 ], [ -1.013685647, 38.496733669 ], [ -1.026053098, 38.522762675 ], [ -1.001517079, 38.572657353 ], [ -1.026143538, 38.655606728 ], [ -0.962466352, 38.656925342 ], [ -0.915793253, 38.695964591 ], [ -0.961699214, 38.77451798 ], [ -0.929143774, 38.783650543 ], [ -0.924318354, 38.891586182 ], [ -0.951626292, 38.911413692 ], [ -0.959391353, 38.944286682 ], [ -1.147157226, 38.929123764 ], [ -1.226537716, 39.024672637 ], [ -1.263902765, 39.045094003 ], [ -1.255720494, 39.106169915 ], [ -1.180825758, 39.211821917 ], [ -1.161933045, 39.305574638 ], [ -1.207623774, 39.326586771 ], [ -1.223368412, 39.315953149 ], [ -1.3121275, 39.342871895 ], [ -1.336280894, 39.333804217 ], [ -1.412982328, 39.380511784 ], [ -1.424547618, 39.363910183 ], [ -1.432161404, 39.377429095 ], [ -1.454150337, 39.361090643 ], [ -1.448286319, 39.378510259 ], [ -1.467515186, 39.382612473 ], [ -1.452481448, 39.383584775 ], [ -1.453981804, 39.400300446 ], [ -1.47352299, 39.391431283 ], [ -1.4700183, 39.407810664 ], [ -1.489407314, 39.403847356 ], [ -1.48341525, 39.422573457 ], [ -1.498758245, 39.415140961 ], [ -1.496891189, 39.429055465 ], [ -1.521544179, 39.432389866 ], [ -1.528730879, 39.4552264 ], [ -1.513123799, 39.45797293 ], [ -1.512358036, 39.495891055 ], [ -1.498898769, 39.501999602 ], [ -1.502615376, 39.546636047 ], [ -1.521054116, 39.549961934 ], [ -1.46208197, 39.576621118 ], [ -1.417931747, 39.654935777 ], [ -1.368534634, 39.689614847 ], [ -1.3128269, 39.67048406 ], [ -1.267904191, 39.691148184 ], [ -1.275409276, 39.738640561 ], [ -1.21500358, 39.808774279 ], [ -1.20004371, 39.8587059 ], [ -1.204120111, 39.949365844 ], [ -1.057575687, 39.98047725 ], [ -0.920454103, 39.964403682 ], [ -0.902658568, 39.931849843 ], [ -0.912563878, 39.872354881 ], [ -0.863555125, 39.847409741 ], [ -0.797694793, 39.881067452 ], [ -0.84042294, 39.924950122 ], [ -0.837795323, 39.976808412 ], [ -0.777645977, 39.998407066 ], [ -0.753686595, 40.046605997 ], [ -0.681427535, 40.045128135 ], [ -0.627253588, 40.075658502 ], [ -0.613470273, 40.069589703 ], [ -0.628533479, 40.102578431 ], [ -0.578639785, 40.137334922 ], [ -0.544186915, 40.25165947 ], [ -0.494515002, 40.228731634 ], [ -0.383734706, 40.264227384 ], [ -0.400265444, 40.295702937 ], [ -0.280092603, 40.369419702 ], [ -0.34697515, 40.443332545 ], [ -0.271514415, 40.478463644 ], [ -0.302159453, 40.514930277 ], [ -0.293422761, 40.611449945 ], [ -0.370482867, 40.613592033 ], [ -0.377956799, 40.667535684 ], [ -0.328818046, 40.680279387 ], [ -0.306997816, 40.659496794 ], [ -0.235991245, 40.69110754 ], [ -0.224034275, 40.754157986 ], [ -0.197176382, 40.784456228 ], [ -0.164956954, 40.788631201 ], [ -0.144533168, 40.785443079 ], [ -0.126840707, 40.753317388 ], [ -0.064698935, 40.727406954 ], [ 0.01620813, 40.728041343 ], [ 0.025802189, 40.695804053 ], [ 0.042174711, 40.691005932 ], [ 0.115016011, 40.727740959 ], [ 0.144561544, 40.718326922 ], [ 0.22638268, 40.73313161 ], [ 0.236085122, 40.701645194 ], [ 0.261989038, 40.706022191 ], [ 0.292036295, 40.688129028 ], [ 0.267662808, 40.658093142 ], [ 0.279075167, 40.629795933 ], [ 0.401940121, 40.602774256 ], [ 0.443237369, 40.578695546 ], [ 0.438703294, 40.546403751 ], [ 0.513023751, 40.516014456 ], [ 0.417826852, 40.400591157 ], [ 0.408445772, 40.357348308 ], [ 0.27836274, 40.244149093 ], [ 0.264004679, 40.208554281 ], [ 0.190507258, 40.170433232 ], [ 0.147554265, 40.082914959 ], [ 0.048482886, 40.033743997 ], [ 0.028869739, 39.955649425 ], [ 0.028443992, 39.967057125 ], [ 0.017206425, 39.974355028 ], [ 0.004966256, 39.95443504 ], [ 0.024120021, 39.956490841 ], [ 0.003298782, 39.950206457 ], [ -0.003792044, 39.914848519 ], [ -0.089152782, 39.853757922 ], [ -0.187518748, 39.724078757 ], [ -0.205608629, 39.642523784 ], [ -0.215350927, 39.655219443 ], [ -0.223585192, 39.642513642 ], [ -0.211846565, 39.633368767 ], [ -0.236950889, 39.636606401 ], [ -0.262747831, 39.610569668 ], [ -0.323342835, 39.509313988 ], [ -0.310511, 39.46107 ], [ -0.316561, 39.462516 ], [ -0.331424, 39.459809 ], [ -0.315086, 39.457164 ], [ -0.307807, 39.462779 ], [ -0.285736, 39.45501 ], [ -0.291459, 39.444085 ], [ -0.286318, 39.45501 ], [ -0.309352, 39.457522 ], [ -0.295207, 39.451167 ], [ -0.30294, 39.433594 ], [ -0.32363, 39.458346 ], [ -0.316249, 39.442911 ], [ -0.330283, 39.435188 ], [ -0.30916, 39.429732 ], [ -0.335743, 39.427099 ], [ -0.278519214, 39.278477831 ], [ -0.216280707, 39.18634094 ], [ -0.238679084, 39.176036826 ], [ -0.238644966, 39.143180403 ], [ -0.199720918, 39.058169015 ], [ -0.144276631, 38.995348392 ], [ -0.156299601, 38.998138678 ], [ -0.16111223, 38.992421445 ], [ -0.146724785, 38.994432297 ], [ -0.107072044, 38.942106725 ], [ -0.018151814, 38.873584684 ], [ 0.125739521, 38.848652003 ], [ 0.117187104, 38.842417106 ], [ 0.110978602, 38.84717742 ], [ 0.109351873, 38.845916759 ], [ 0.124746367, 38.833404228 ], [ 0.147298457, 38.831650501 ], [ 0.170235679, 38.815327944 ], [ 0.189164115, 38.809156477 ], [ 0.191528029, 38.806245411 ], [ 0.192862369, 38.806141814 ], [ 0.193063259, 38.806608807 ], [ 0.194027973, 38.806011536 ], [ 0.194109817, 38.804573573 ], [ 0.196859597, 38.80442201 ], [ 0.182073671, 38.793978255 ], [ 0.190536557, 38.77305996 ], [ 0.224687667, 38.76434979 ], [ 0.221665971, 38.758490758 ], [ 0.224136927, 38.74888332 ], [ 0.234000356, 38.736960711 ], [ 0.231564871, 38.736877777 ], [ 0.230415524, 38.733942762 ], [ 0.231206819, 38.731756997 ], [ 0.225699496, 38.732571828 ], [ 0.21830049, 38.730518118 ], [ 0.21572481, 38.727851874 ], [ 0.213393918, 38.732307487 ], [ 0.204120912, 38.732323084 ], [ 0.182444998, 38.720772975 ], [ 0.155610057, 38.698039883 ], [ 0.148788585, 38.679359976 ], [ 0.098424818, 38.672864739 ], [ 0.073523132, 38.644846066 ], [ 0.083811101, 38.631109108 ], [ 0.049704803, 38.641556451 ], [ 0.030639908, 38.62596448 ], [ -0.005920922, 38.630413371 ], [ -0.02840399, 38.618531441 ], [ -0.062024029, 38.581851013 ], [ -0.049583694, 38.562191599 ], [ -0.09755753, 38.523471138 ], [ -0.151978609, 38.535043966 ], [ -0.374883993, 38.443117586 ], [ -0.404469448, 38.401763629 ], [ -0.402880946, 38.352834686 ], [ -0.445014125, 38.362826967 ], [ -0.495213277, 38.334031093 ], [ -0.491948079, 38.330563182 ], [ -0.494358483, 38.319061071 ], [ -0.507936201, 38.329885586 ], [ -0.519888793, 38.297627167 ], [ -0.509723879, 38.202537502 ], [ -0.614814779, 38.172714656 ], [ -0.638740145, 38.129531906 ], [ -0.655702241, 37.983200545 ], [ -0.696741771, 37.969467642 ], [ -0.717735229, 37.93701317 ], [ -0.722163533, 37.921095018 ], [ -0.719824576, 37.911380584 ], [ -0.740969371, 37.909130272 ] ] ], [ [ [ -1.243806261, 39.996170807 ], [ -1.376859644, 40.016499219 ], [ -1.420285587, 40.093514399 ], [ -1.407597151, 40.101403666 ], [ -1.457235273, 40.13505746 ], [ -1.448855678, 40.145341898 ], [ -1.354596772, 40.129472698 ], [ -1.316589024, 40.149655571 ], [ -1.322989517, 40.18485592 ], [ -1.298228013, 40.211683158 ], [ -1.28454279, 40.171248658 ], [ -1.244363011, 40.145898832 ], [ -1.244172257, 40.115511934 ], [ -1.149847357, 40.114784548 ], [ -1.072128984, 40.060484223 ], [ -1.084228389, 40.036208232 ], [ -1.134080853, 40.015752335 ], [ -1.243806261, 39.996170807 ] ] ], [ [ [ -0.761135656, 37.848058962 ], [ -0.761041025, 37.847930204 ], [ -0.761151214, 37.847951832 ], [ -0.761135656, 37.848058962 ] ] ], [ [ [ -0.761261112, 37.848593597 ], [ -0.761131425, 37.848605779 ], [ -0.761176869, 37.848528515 ], [ -0.761261112, 37.848593597 ] ] ], [ [ [ -0.761047234, 37.848945987 ], [ -0.761021039, 37.848794116 ], [ -0.761118477, 37.848830151 ], [ -0.761047234, 37.848945987 ] ] ], [ [ [ -0.761303017, 37.849243835 ], [ -0.761118529, 37.849235441 ], [ -0.761273426, 37.849204207 ], [ -0.761303017, 37.849243835 ] ] ], [ [ [ -0.753427851, 37.871656917 ], [ -0.753468576, 37.87214111 ], [ -0.753302798, 37.872123296 ], [ -0.753427851, 37.871656917 ] ] ], [ [ [ -0.720861731, 37.920043052 ], [ -0.721101281, 37.920269866 ], [ -0.720743065, 37.920492421 ], [ -0.720861731, 37.920043052 ] ] ], [ [ [ -0.721388764, 37.92150354 ], [ -0.721131769, 37.920984917 ], [ -0.72155352, 37.920957044 ], [ -0.721388764, 37.92150354 ] ] ], [ [ [ -0.484553336, 38.165904946 ], [ -0.484752102, 38.165810089 ], [ -0.484785316, 38.165836571 ], [ -0.484553336, 38.165904946 ] ] ], [ [ [ -0.485362864, 38.166807942 ], [ -0.486830075, 38.166985881 ], [ -0.487091371, 38.166834962 ], [ -0.48716069, 38.166976651 ], [ -0.485993811, 38.167039605 ], [ -0.485362864, 38.166807942 ] ] ], [ [ [ -0.538962364, 38.185746151 ], [ -0.538247962, 38.186280812 ], [ -0.538932385, 38.185619375 ], [ -0.538962364, 38.185746151 ] ] ], [ [ [ -0.476475447, 38.161189854 ], [ -0.476777021, 38.161055682 ], [ -0.476817692, 38.161117288 ], [ -0.476475447, 38.161189854 ] ] ], [ [ [ -0.459549812, 38.161296938 ], [ -0.458926767, 38.16133683 ], [ -0.459372678, 38.160984543 ], [ -0.459549812, 38.161296938 ] ] ], [ [ [ -0.475048868, 38.161151514 ], [ -0.474606405, 38.16156513 ], [ -0.474115181, 38.161093489 ], [ -0.475048868, 38.161151514 ] ] ], [ [ [ -0.474919391, 38.161771718 ], [ -0.475034038, 38.161878888 ], [ -0.474872256, 38.161824678 ], [ -0.474919391, 38.161771718 ] ] ], [ [ [ -0.472150966, 38.162568309 ], [ -0.471980022, 38.162475423 ], [ -0.472218363, 38.162553272 ], [ -0.472150966, 38.162568309 ] ] ], [ [ [ -0.464688919, 38.162763003 ], [ -0.463954089, 38.162683423 ], [ -0.463902099, 38.162504161 ], [ -0.464688919, 38.162763003 ] ] ], [ [ [ -0.485128707, 38.166820045 ], [ -0.478699198, 38.167658574 ], [ -0.477695689, 38.166207035 ], [ -0.476511584, 38.165806742 ], [ -0.472030485, 38.166510896 ], [ -0.464788683, 38.162953478 ], [ -0.485128707, 38.166820045 ] ] ], [ [ [ -0.47710411, 38.166284335 ], [ -0.477179089, 38.166145473 ], [ -0.477219186, 38.166174177 ], [ -0.47710411, 38.166284335 ] ] ], [ [ [ -0.230314001, 39.159763998 ], [ -0.230685849, 39.160075506 ], [ -0.230151193, 39.159838231 ], [ -0.230314001, 39.159763998 ] ] ], [ [ [ -0.128556122, 38.502451093 ], [ -0.133016451, 38.502155048 ], [ -0.131266919, 38.504058245 ], [ -0.128556122, 38.502451093 ] ] ], [ [ [ -0.07258465, 38.536335854 ], [ -0.072953578, 38.537137919 ], [ -0.071551551, 38.537201931 ], [ -0.07258465, 38.536335854 ] ] ], [ [ [ -0.019288486, 38.616559521 ], [ -0.019781196, 38.617256333 ], [ -0.01914741, 38.617279005 ], [ -0.019288486, 38.616559521 ] ] ], [ [ [ -0.013877786, 38.624107238 ], [ -0.014217581, 38.623944744 ], [ -0.01421235, 38.624070739 ], [ -0.013877786, 38.624107238 ] ] ], [ [ [ 0.155858988, 38.691384199 ], [ 0.156036323, 38.691715438 ], [ 0.156021672, 38.691439803 ], [ 0.155858988, 38.691384199 ] ] ], [ [ [ 0.155836155, 38.691871292 ], [ 0.155856471, 38.691781736 ], [ 0.155754814, 38.691804302 ], [ 0.155836155, 38.691871292 ] ] ], [ [ [ 0.156046468, 38.692309386 ], [ 0.156053996, 38.692232247 ], [ 0.156008814, 38.692258242 ], [ 0.156046468, 38.692309386 ] ] ], [ [ [ 0.156320697, 38.694012302 ], [ 0.156442516, 38.694168376 ], [ 0.156554664, 38.694010575 ], [ 0.156320697, 38.694012302 ] ] ], [ [ [ 0.156404514, 38.697226726 ], [ 0.156393615, 38.697109635 ], [ 0.156313778, 38.697158007 ], [ 0.156404514, 38.697226726 ] ] ], [ [ [ 0.161707692, 38.701039356 ], [ 0.161599811, 38.701160922 ], [ 0.161719981, 38.701185146 ], [ 0.161707692, 38.701039356 ] ] ], [ [ [ 0.16477225, 38.704303771 ], [ 0.164815326, 38.704219543 ], [ 0.164747145, 38.704232471 ], [ 0.16477225, 38.704303771 ] ] ], [ [ [ 0.165515867, 38.705744308 ], [ 0.165575303, 38.705650447 ], [ 0.165487025, 38.705689956 ], [ 0.165515867, 38.705744308 ] ] ], [ [ [ 0.165336071, 38.705981787 ], [ 0.165533904, 38.705962823 ], [ 0.165334841, 38.705867949 ], [ 0.165336071, 38.705981787 ] ] ], [ [ [ 0.172724235, 38.711644444 ], [ 0.172774429, 38.711575695 ], [ 0.172724368, 38.7115721 ], [ 0.172724235, 38.711644444 ] ] ], [ [ [ 0.173645527, 38.712004541 ], [ 0.173743127, 38.711871622 ], [ 0.17361915, 38.71191517 ], [ 0.173645527, 38.712004541 ] ] ], [ [ [ 0.1885845, 38.722619882 ], [ 0.188733057, 38.722552224 ], [ 0.188557001, 38.722534239 ], [ 0.1885845, 38.722619882 ] ] ], [ [ [ 0.218712299, 38.726287292 ], [ 0.215633944, 38.727075035 ], [ 0.215165292, 38.727400359 ], [ 0.218712299, 38.726287292 ] ] ], [ [ [ 0.215167672, 38.727140663 ], [ 0.215039025, 38.727246723 ], [ 0.215198284, 38.727171891 ], [ 0.215167672, 38.727140663 ] ] ], [ [ [ 0.215141693, 38.727860917 ], [ 0.215090625, 38.727945382 ], [ 0.215152241, 38.727931975 ], [ 0.215141693, 38.727860917 ] ] ], [ [ [ 0.217366443, 38.729218229 ], [ 0.217279493, 38.729292423 ], [ 0.217373468, 38.729302987 ], [ 0.217366443, 38.729218229 ] ] ], [ [ [ 0.219589679, 38.730322051 ], [ 0.21939785, 38.730094375 ], [ 0.219259765, 38.730213042 ], [ 0.219589679, 38.730322051 ] ] ], [ [ [ 0.213273782, 38.732136835 ], [ 0.213321165, 38.73188545 ], [ 0.213104295, 38.732119787 ], [ 0.213273782, 38.732136835 ] ] ], [ [ [ 0.231126771, 38.73300925 ], [ 0.231167593, 38.732789751 ], [ 0.23097163, 38.732950842 ], [ 0.231126771, 38.73300925 ] ] ], [ [ [ 0.231735294, 38.736711266 ], [ 0.23192849, 38.736478451 ], [ 0.231657166, 38.7367055 ], [ 0.231735294, 38.736711266 ] ] ], [ [ [ 0.233847601, 38.742677849 ], [ 0.234056128, 38.742593338 ], [ 0.233884385, 38.742521882 ], [ 0.233847601, 38.742677849 ] ] ], [ [ [ 0.231285521, 38.752255117 ], [ 0.231753889, 38.75237287 ], [ 0.231282957, 38.752098888 ], [ 0.231285521, 38.752255117 ] ] ], [ [ [ 0.231335998, 38.754928467 ], [ 0.228312334, 38.755682075 ], [ 0.230785539, 38.756890009 ], [ 0.231335998, 38.754928467 ] ] ], [ [ [ 0.223754196, 38.761040036 ], [ 0.223607818, 38.761136596 ], [ 0.223650214, 38.761227224 ], [ 0.223754196, 38.761040036 ] ] ], [ [ [ 0.224167628, 38.761219423 ], [ 0.223941328, 38.761278643 ], [ 0.223967302, 38.761344409 ], [ 0.224167628, 38.761219423 ] ] ], [ [ [ 0.224669505, 38.761413302 ], [ 0.224855064, 38.761448356 ], [ 0.224811469, 38.761193265 ], [ 0.224669505, 38.761413302 ] ] ], [ [ [ 0.224239093, 38.761326995 ], [ 0.224536489, 38.761446344 ], [ 0.224581818, 38.761162762 ], [ 0.224239093, 38.761326995 ] ] ], [ [ [ 0.225150997, 38.761536852 ], [ 0.225227881, 38.761758942 ], [ 0.225308115, 38.761674827 ], [ 0.225150997, 38.761536852 ] ] ], [ [ [ 0.223795518, 38.764792966 ], [ 0.223672949, 38.764697887 ], [ 0.223683388, 38.764837682 ], [ 0.223795518, 38.764792966 ] ] ], [ [ [ 0.196151331, 38.799809355 ], [ 0.196144772, 38.799868631 ], [ 0.196175671, 38.799838777 ], [ 0.196151331, 38.799809355 ] ] ], [ [ [ 0.197212415, 38.800048844 ], [ 0.197224966, 38.799956252 ], [ 0.197172205, 38.800004361 ], [ 0.197212415, 38.800048844 ] ] ], [ [ [ 0.197487015, 38.800036728 ], [ 0.197755963, 38.800158183 ], [ 0.197618699, 38.799990059 ], [ 0.197487015, 38.800036728 ] ] ], [ [ [ 0.192013134, 38.80632791 ], [ 0.192152915, 38.806467324 ], [ 0.192212784, 38.806390014 ], [ 0.192013134, 38.80632791 ] ] ], [ [ [ 0.678654731, 39.850340458 ], [ 0.678847255, 39.850423932 ], [ 0.678869907, 39.850334343 ], [ 0.678654731, 39.850340458 ] ] ], [ [ [ 0.673412337, 39.850605347 ], [ 0.673479068, 39.850498213 ], [ 0.673390685, 39.850552173 ], [ 0.673412337, 39.850605347 ] ] ], [ [ [ 0.674170928, 39.850775654 ], [ 0.674159572, 39.8506483 ], [ 0.674103423, 39.850712857 ], [ 0.674170928, 39.850775654 ] ] ], [ [ [ 0.673265969, 39.85070699 ], [ 0.673347784, 39.850932806 ], [ 0.673423551, 39.850789178 ], [ 0.673265969, 39.85070699 ] ] ], [ [ [ 0.678738589, 39.850992724 ], [ 0.678950671, 39.850853376 ], [ 0.678699535, 39.850878949 ], [ 0.678738589, 39.850992724 ] ] ], [ [ [ 0.67387869, 39.851021078 ], [ 0.674020219, 39.851045501 ], [ 0.67391363, 39.850874422 ], [ 0.67387869, 39.851021078 ] ] ], [ [ [ 0.67291891, 39.851037552 ], [ 0.673025899, 39.850955621 ], [ 0.672883478, 39.850971395 ], [ 0.67291891, 39.851037552 ] ] ], [ [ [ 0.672211138, 39.851683883 ], [ 0.67229031, 39.851590856 ], [ 0.672138757, 39.851560354 ], [ 0.672211138, 39.851683883 ] ] ], [ [ [ 0.671217617, 39.851655118 ], [ 0.671686486, 39.851936309 ], [ 0.671547317, 39.851439226 ], [ 0.671217617, 39.851655118 ] ] ], [ [ [ 0.672017005, 39.874321054 ], [ 0.672103131, 39.874613923 ], [ 0.672385054, 39.87455869 ], [ 0.672017005, 39.874321054 ] ] ], [ [ [ 0.671140498, 39.874267867 ], [ 0.66930742, 39.875075036 ], [ 0.671282, 39.876123442 ], [ 0.670724414, 39.874634656 ], [ 0.671140498, 39.874267867 ] ] ], [ [ [ 0.671745608, 39.874757294 ], [ 0.671196835, 39.8754238 ], [ 0.671927178, 39.875399299 ], [ 0.671745608, 39.874757294 ] ] ], [ [ [ 0.666944311, 39.889734121 ], [ 0.666396017, 39.889246564 ], [ 0.666055498, 39.889381546 ], [ 0.666944311, 39.889734121 ] ] ], [ [ [ 0.669343767, 39.890373637 ], [ 0.669590423, 39.890040461 ], [ 0.669265121, 39.890273569 ], [ 0.669343767, 39.890373637 ] ] ], [ [ [ 0.668014705, 39.890550996 ], [ 0.667262117, 39.892449207 ], [ 0.669351176, 39.89061332 ], [ 0.668014705, 39.890550996 ] ] ], [ [ [ 0.670395111, 39.891492256 ], [ 0.670441839, 39.892050869 ], [ 0.670711683, 39.89210228 ], [ 0.670395111, 39.891492256 ] ] ], [ [ [ 0.670938577, 39.892046145 ], [ 0.671031242, 39.891994752 ], [ 0.67088798, 39.891983261 ], [ 0.670938577, 39.892046145 ] ] ], [ [ [ 0.688823191, 39.894618685 ], [ 0.688116825, 39.895047831 ], [ 0.688822345, 39.895247645 ], [ 0.688823191, 39.894618685 ] ] ], [ [ [ 0.689424641, 39.895532793 ], [ 0.689361886, 39.895276483 ], [ 0.689021965, 39.895306855 ], [ 0.689424641, 39.895532793 ] ] ], [ [ [ 0.690273197, 39.895554484 ], [ 0.689992158, 39.896265415 ], [ 0.690041967, 39.896615897 ], [ 0.690273197, 39.895554484 ] ] ], [ [ [ 0.687772761, 39.900506267 ], [ 0.683134953, 39.89531202 ], [ 0.683029567, 39.897654306 ], [ 0.687772761, 39.900506267 ] ] ] ] } },
{ "type": "Feature", "properties": { "INSPIREID": "ES.IGN.BDDAE.34110000000", "COUNTRY": "ES", "NATLEV": "https://inspire.ec.europa.eu/codelist/AdministrativeHierarchyLevel/2ndOrder", "NATLEVNAME": "Comunidad autónoma", "NATCODE": "34110000000", "NAMEUNIT": "Extremadura", "CODNUT1": "ES4", "CODNUT2": "ES43", "CODNUT3": null }, "geometry": { "type": "Polygon", "coordinates": [ [ [ -6.808339746, 38.111237663 ], [ -6.795092382, 38.178541084 ], [ -6.855336118, 38.179026776 ], [ -6.937753475, 38.206886998 ], [ -6.936356278, 38.220515222 ], [ -6.972143974, 38.20210396 ], [ -7.01120324, 38.204500949 ], [ -7.028598866, 38.18251471 ], [ -7.066619525, 38.186474186 ], [ -7.085393275, 38.169270202 ], [ -7.139937043, 38.23546439 ], [ -7.150571843, 38.275847142 ], [ -7.169489463, 38.279100421 ], [ -7.279748127, 38.419676729 ], [ -7.335668028, 38.436062331 ], [ -7.296102575, 38.476122503 ], [ -7.32134236, 38.479823706 ], [ -7.30289615, 38.544119757 ], [ -7.243201764, 38.623479703 ], [ -7.271822843, 38.63791945 ], [ -7.258843011, 38.723839283 ], [ -7.207127783, 38.745649607 ], [ -7.128583615, 38.813656544 ], [ -7.0913046, 38.81913022 ], [ -7.068363376, 38.854177794 ], [ -7.039163778, 38.864662389 ], [ -7.051921307, 38.907090029 ], [ -6.951140113, 39.023598473 ], [ -6.996039085, 39.099292501 ], [ -7.038786946, 39.118388056 ], [ -7.10534453, 39.099199362 ], [ -7.144036247, 39.108628488 ], [ -7.134567549, 39.171208278 ], [ -7.24147103, 39.208254001 ], [ -7.248028363, 39.253374668 ], [ -7.2314815, 39.27825856 ], [ -7.307495891, 39.336108056 ], [ -7.322827085, 39.38129239 ], [ -7.295476165, 39.458739885 ], [ -7.381864672, 39.491297262 ], [ -7.390685427, 39.529716969 ], [ -7.430283652, 39.534589013 ], [ -7.461271026, 39.572865681 ], [ -7.499337518, 39.58964874 ], [ -7.541331761, 39.663749732 ], [ -7.333652748, 39.640950763 ], [ -7.24986149, 39.666994522 ], [ -7.148639361, 39.65320054 ], [ -7.015357137, 39.670624998 ], [ -6.976832579, 39.772320993 ], [ -6.987204109, 39.810027165 ], [ -6.903540864, 39.870819438 ], [ -6.906638517, 39.923820852 ], [ -6.884997114, 39.94070697 ], [ -6.886756583, 39.979314481 ], [ -6.863624484, 40.011964616 ], [ -6.94078148, 40.112471463 ], [ -7.013082247, 40.126357483 ], [ -7.016486528, 40.176463929 ], [ -7.02990592, 40.186373556 ], [ -7.012296392, 40.226094334 ], [ -6.963289697, 40.238224084 ], [ -6.95142492, 40.257570362 ], [ -6.90732917, 40.253897029 ], [ -6.864897586, 40.270274223 ], [ -6.834521967, 40.247580233 ], [ -6.755602541, 40.238923473 ], [ -6.718575297, 40.26920105 ], [ -6.690137055, 40.242662486 ], [ -6.671752814, 40.263232446 ], [ -6.587021989, 40.270721166 ], [ -6.556175451, 40.290776923 ], [ -6.56041037, 40.329048985 ], [ -6.536284055, 40.347244319 ], [ -6.438315058, 40.372772749 ], [ -6.41882577, 40.399289958 ], [ -6.370221949, 40.402421235 ], [ -6.344642928, 40.442775644 ], [ -6.275326119, 40.458516046 ], [ -6.239935634, 40.485859074 ], [ -6.20008812, 40.482368052 ], [ -6.143548843, 40.435668785 ], [ -6.115607066, 40.441068208 ], [ -6.129254858, 40.420387503 ], [ -6.064449543, 40.396026428 ], [ -6.084685, 40.389990034 ], [ -6.071104752, 40.386608657 ], [ -6.08672645, 40.376798415 ], [ -6.081729193, 40.363293575 ], [ -6.105855583, 40.356823206 ], [ -6.01614364, 40.339979481 ], [ -6.00593918, 40.305805063 ], [ -5.937782424, 40.281066607 ], [ -5.917173742, 40.277697221 ], [ -5.884244723, 40.326604475 ], [ -5.799337074, 40.353750549 ], [ -5.781992279, 40.312455841 ], [ -5.802735351, 40.297632977 ], [ -5.793144468, 40.28670483 ], [ -5.692661929, 40.292106062 ], [ -5.649198888, 40.249720301 ], [ -5.62199979, 40.24588134 ], [ -5.614519657, 40.218298246 ], [ -5.548114767, 40.197242693 ], [ -5.47091046, 40.207853072 ], [ -5.429096831, 40.252606738 ], [ -5.343493215, 40.26336902 ], [ -5.370138917, 40.216929273 ], [ -5.368520063, 40.16311391 ], [ -5.335693035, 40.115152963 ], [ -5.369010615, 40.100085271 ], [ -5.365143998, 39.982918599 ], [ -5.406109631, 39.877729065 ], [ -5.323612613, 39.891726645 ], [ -5.28404867, 39.863874677 ], [ -5.312588015, 39.824274808 ], [ -5.308079086, 39.760024521 ], [ -5.254823043, 39.752342093 ], [ -5.206465451, 39.797559379 ], [ -5.16689958, 39.799881729 ], [ -5.15845866, 39.759661268 ], [ -5.173964104, 39.751254738 ], [ -5.137793795, 39.714998939 ], [ -5.161764535, 39.642436977 ], [ -5.20662505, 39.597232432 ], [ -4.952950512, 39.394386948 ], [ -4.870934788, 39.368312927 ], [ -4.774613833, 39.39719413 ], [ -4.686936593, 39.449729384 ], [ -4.669666816, 39.416614272 ], [ -4.704261577, 39.364440924 ], [ -4.707083115, 39.327983831 ], [ -4.761095633, 39.320717723 ], [ -4.733681124, 39.25254273 ], [ -4.713548493, 39.2443172 ], [ -4.708229346, 39.209868203 ], [ -4.6489698, 39.16490481 ], [ -4.810273488, 39.199415534 ], [ -4.853171008, 39.152437643 ], [ -4.874403673, 39.1004336 ], [ -4.826935057, 39.064118822 ], [ -4.832792755, 39.046159562 ], [ -4.879987471, 39.032424848 ], [ -4.962504487, 39.05872671 ], [ -4.918221206, 38.957044819 ], [ -4.832414957, 38.938907099 ], [ -4.847319415, 38.882402633 ], [ -4.914939892, 38.88744037 ], [ -4.94348397, 38.854378438 ], [ -4.989993646, 38.739757574 ], [ -5.099189776, 38.707652776 ], [ -5.18450457, 38.719695492 ], [ -5.167321643, 38.680468897 ], [ -5.185763915, 38.6741698 ], [ -5.18423315, 38.659727776 ], [ -5.208484528, 38.667697042 ], [ -5.214745189, 38.648566919 ], [ -5.223775436, 38.656712102 ], [ -5.292237003, 38.610808025 ], [ -5.308513819, 38.577618609 ], [ -5.37174812, 38.583571725 ], [ -5.392720344, 38.55348346 ], [ -5.383168885, 38.540478195 ], [ -5.406931585, 38.543695408 ], [ -5.41861735, 38.512729653 ], [ -5.479518789, 38.484254013 ], [ -5.4846004, 38.462952425 ], [ -5.519723099, 38.463289004 ], [ -5.568920267, 38.432591418 ], [ -5.585065973, 38.385843234 ], [ -5.559247847, 38.366884858 ], [ -5.575647725, 38.329106382 ], [ -5.525957649, 38.264123677 ], [ -5.520377166, 38.208442217 ], [ -5.538707289, 38.200604581 ], [ -5.53967291, 38.160685407 ], [ -5.575859852, 38.149643284 ], [ -5.584788526, 38.131705555 ], [ -5.632500837, 38.138556877 ], [ -5.710425771, 38.08104692 ], [ -5.734900009, 38.086255384 ], [ -5.740737251, 38.12653906 ], [ -5.694710518, 38.150345898 ], [ -5.705785859, 38.169382044 ], [ -5.684242811, 38.157064005 ], [ -5.694730339, 38.186521405 ], [ -5.728162424, 38.197417261 ], [ -5.757280145, 38.180563795 ], [ -5.851523287, 38.171906065 ], [ -5.877376229, 38.155715082 ], [ -5.880664627, 38.132280839 ], [ -5.926377783, 38.105012754 ], [ -5.908981913, 38.062846221 ], [ -5.934224207, 38.04687453 ], [ -5.953688202, 37.995345805 ], [ -6.115306855, 37.98176708 ], [ -6.180239935, 37.941026032 ], [ -6.201516817, 37.962062337 ], [ -6.239238602, 37.958929799 ], [ -6.347044069, 38.002820357 ], [ -6.367246498, 38.048919014 ], [ -6.444315778, 38.059602919 ], [ -6.47656005, 38.007834378 ], [ -6.545693275, 38.028118782 ], [ -6.58232942, 38.020845401 ], [ -6.580525738, 38.052772427 ], [ -6.6221042, 38.097007665 ], [ -6.758216982, 38.092711225 ], [ -6.769750401, 38.111960844 ], [ -6.808339746, 38.111237663 ] ] ] } },
{ "type": "Feature", "properties": { "INSPIREID": "ES.IGN.BDDAE.34120000000", "COUNTRY": "ES", "NATLEV": "https://inspire.ec.europa.eu/codelist/AdministrativeHierarchyLevel/2ndOrder", "NATLEVNAME": "Comunidad autónoma", "NATCODE": "34120000000", "NAMEUNIT": "Galicia", "CODNUT1": "ES1", "CODNUT2": "ES11", "CODNUT3": null }, "geometry": { "type": "MultiPolygon", "coordinates": [ [ [ [ -9.152292755, 42.792839084 ], [ -9.152113068, 42.792875779 ], [ -9.152115431, 42.792776635 ], [ -9.152292755, 42.792839084 ] ] ], [ [ [ -9.15363146, 42.797204627 ], [ -9.153034286, 42.797713919 ], [ -9.153156674, 42.796978195 ], [ -9.15363146, 42.797204627 ] ] ], [ [ [ -9.168671736, 42.797751554 ], [ -9.168887691, 42.797955912 ], [ -9.16868458, 42.798002901 ], [ -9.168671736, 42.797751554 ] ] ], [ [ [ -9.173025069, 42.798137167 ], [ -9.173051848, 42.799017864 ], [ -9.172641541, 42.79858099 ], [ -9.173025069, 42.798137167 ] ] ], [ [ [ -9.168160272, 42.798751371 ], [ -9.168384131, 42.798667255 ], [ -9.168340306, 42.798840653 ], [ -9.168160272, 42.798751371 ] ] ], [ [ [ -9.167863464, 42.798839431 ], [ -9.167963065, 42.79873503 ], [ -9.168000774, 42.798868013 ], [ -9.167863464, 42.798839431 ] ] ], [ [ [ -9.151734937, 42.798783163 ], [ -9.152098526, 42.798997595 ], [ -9.15168216, 42.798867022 ], [ -9.151734937, 42.798783163 ] ] ], [ [ [ -9.168792558, 42.79810508 ], [ -9.169649535, 42.799588989 ], [ -9.168901226, 42.800052528 ], [ -9.168792558, 42.79810508 ] ] ], [ [ [ -9.172355079, 42.799262601 ], [ -9.172503304, 42.799155564 ], [ -9.17248971, 42.799264317 ], [ -9.172355079, 42.799262601 ] ] ], [ [ [ -9.168406246, 42.799134137 ], [ -9.168298951, 42.799283962 ], [ -9.168240497, 42.799188107 ], [ -9.168406246, 42.799134137 ] ] ], [ [ [ -9.152062979, 42.799377576 ], [ -9.151912933, 42.799466681 ], [ -9.151952662, 42.799374523 ], [ -9.152062979, 42.799377576 ] ] ], [ [ [ -9.172215753, 42.800071271 ], [ -9.172428537, 42.799753708 ], [ -9.172470341, 42.800417556 ], [ -9.172215753, 42.800071271 ] ] ], [ [ [ -9.168701679, 42.80013533 ], [ -9.168860973, 42.800261739 ], [ -9.16862818, 42.800256324 ], [ -9.168701679, 42.80013533 ] ] ], [ [ [ -9.171713112, 42.800791581 ], [ -9.1715011, 42.800136941 ], [ -9.171811853, 42.80006612 ], [ -9.171713112, 42.800791581 ] ] ], [ [ [ -9.170132926, 42.800390981 ], [ -9.17072789, 42.80133096 ], [ -9.169643999, 42.801371583 ], [ -9.170132926, 42.800390981 ] ] ], [ [ [ -9.15352856, 42.801944975 ], [ -9.153542187, 42.801836222 ], [ -9.153623159, 42.801912868 ], [ -9.15352856, 42.801944975 ] ] ], [ [ [ -9.153255717, 42.801905683 ], [ -9.152476962, 42.802064706 ], [ -9.152634676, 42.801561117 ], [ -9.153255717, 42.801905683 ] ] ], [ [ [ -9.152221352, 42.802321532 ], [ -9.152235873, 42.802221733 ], [ -9.152342943, 42.802314975 ], [ -9.152221352, 42.802321532 ] ] ], [ [ [ -9.152555614, 42.802609557 ], [ -9.152566571, 42.802473943 ], [ -9.152624115, 42.802560855 ], [ -9.152555614, 42.802609557 ] ] ], [ [ [ -9.152030298, 42.804456194 ], [ -9.15207065, 42.804616045 ], [ -9.151978408, 42.804549008 ], [ -9.152030298, 42.804456194 ] ] ], [ [ [ -9.152011674, 42.805006291 ], [ -9.152209211, 42.805148664 ], [ -9.15201822, 42.80519497 ], [ -9.152011674, 42.805006291 ] ] ], [ [ [ -9.152075497, 42.805524937 ], [ -9.152367909, 42.805392148 ], [ -9.152440288, 42.805505264 ], [ -9.152075497, 42.805524937 ] ] ], [ [ [ -9.151712796, 42.805688521 ], [ -9.152147917, 42.806007114 ], [ -9.152128942, 42.806062146 ], [ -9.151712796, 42.805688521 ] ] ], [ [ [ -9.168857698, 42.862076081 ], [ -9.169261224, 42.862178257 ], [ -9.169028643, 42.862287283 ], [ -9.168857698, 42.862076081 ] ] ], [ [ [ -9.171976125, 42.863574507 ], [ -9.17178872, 42.863198865 ], [ -9.17228431, 42.863378715 ], [ -9.171976125, 42.863574507 ] ] ], [ [ [ -9.170142557, 42.863687493 ], [ -9.169910501, 42.863052481 ], [ -9.170884007, 42.863516488 ], [ -9.170142557, 42.863687493 ] ] ], [ [ [ -9.169727449, 42.863684457 ], [ -9.170281407, 42.864420547 ], [ -9.169294812, 42.864153579 ], [ -9.169727449, 42.863684457 ] ] ], [ [ [ -9.170401632, 42.865154609 ], [ -9.169864267, 42.865493684 ], [ -9.168340703, 42.865847814 ], [ -9.168552526, 42.864269507 ], [ -9.170401632, 42.865154609 ] ] ], [ [ [ -9.168802947, 42.866446661 ], [ -9.169898966, 42.866917827 ], [ -9.168942819, 42.867189995 ], [ -9.168802947, 42.866446661 ] ] ], [ [ [ -9.18381192, 42.877117035 ], [ -9.183618946, 42.877145501 ], [ -9.183686207, 42.876961825 ], [ -9.18381192, 42.877117035 ] ] ], [ [ [ -9.184758616, 42.877281736 ], [ -9.184786948, 42.877442226 ], [ -9.184704035, 42.877347706 ], [ -9.184758616, 42.877281736 ] ] ], [ [ [ -9.1841079, 42.878604235 ], [ -9.184650996, 42.879015858 ], [ -9.183859835, 42.878815719 ], [ -9.1841079, 42.878604235 ] ] ], [ [ [ -9.182902509, 42.879155671 ], [ -9.182427585, 42.878569316 ], [ -9.182444752, 42.878496373 ], [ -9.182902509, 42.879155671 ] ] ], [ [ [ -9.185472394, 42.879151343 ], [ -9.185066871, 42.87962341 ], [ -9.184872309, 42.87914788 ], [ -9.185472394, 42.879151343 ] ] ], [ [ [ -9.184734991, 42.879731423 ], [ -9.184361024, 42.879175607 ], [ -9.184936554, 42.879666483 ], [ -9.184734991, 42.879731423 ] ] ], [ [ [ -9.183799533, 42.879557111 ], [ -9.18392856, 42.879379087 ], [ -9.184126313, 42.879764429 ], [ -9.183799533, 42.879557111 ] ] ], [ [ [ -9.18692012, 42.879063817 ], [ -9.187014821, 42.880129856 ], [ -9.186797992, 42.880042602 ], [ -9.18692012, 42.879063817 ] ] ], [ [ [ -9.184421351, 42.880387537 ], [ -9.183752806, 42.880189749 ], [ -9.183878243, 42.879975913 ], [ -9.184421351, 42.880387537 ] ] ], [ [ [ -9.185933378, 42.87972044 ], [ -9.185137381, 42.881302865 ], [ -9.184415678, 42.879964774 ], [ -9.185933378, 42.87972044 ] ] ], [ [ [ -9.187688569, 42.880867433 ], [ -9.187556857, 42.881018603 ], [ -9.187222171, 42.880244629 ], [ -9.187688569, 42.880867433 ] ] ], [ [ [ -9.187012938, 42.881453177 ], [ -9.186406247, 42.882116192 ], [ -9.18613004, 42.881681099 ], [ -9.187012938, 42.881453177 ] ] ], [ [ [ -9.185003656, 42.881922218 ], [ -9.184808663, 42.882418873 ], [ -9.184399159, 42.881630946 ], [ -9.185003656, 42.881922218 ] ] ], [ [ [ -9.187518065, 42.882217905 ], [ -9.187243263, 42.882772903 ], [ -9.1869904, 42.882570585 ], [ -9.187518065, 42.882217905 ] ] ], [ [ [ -9.187706493, 42.883485894 ], [ -9.187534848, 42.883117143 ], [ -9.187920237, 42.883420288 ], [ -9.187706493, 42.883485894 ] ] ], [ [ [ -9.289518155, 42.889816368 ], [ -9.289201643, 42.889113715 ], [ -9.289698009, 42.889779445 ], [ -9.289518155, 42.889816368 ] ] ], [ [ [ -9.161827892, 42.893597225 ], [ -9.161355722, 42.894070541 ], [ -9.161339061, 42.893724611 ], [ -9.161827892, 42.893597225 ] ] ], [ [ [ -9.157509006, 42.910693647 ], [ -9.157281506, 42.910867958 ], [ -9.156973969, 42.910731536 ], [ -9.157509006, 42.910693647 ] ] ], [ [ [ -9.162324996, 42.912440852 ], [ -9.162472954, 42.91245086 ], [ -9.162398437, 42.912562905 ], [ -9.162324996, 42.912440852 ] ] ], [ [ [ -9.161954025, 42.91264993 ], [ -9.161698417, 42.9124207 ], [ -9.161768998, 42.91214684 ], [ -9.161954025, 42.91264993 ] ] ], [ [ [ -9.162826546, 42.912557773 ], [ -9.162682528, 42.913321685 ], [ -9.162660139, 42.912485752 ], [ -9.162826546, 42.912557773 ] ] ], [ [ [ -9.163211489, 42.912978045 ], [ -9.16309667, 42.913299304 ], [ -9.16304293, 42.912762116 ], [ -9.163211489, 42.912978045 ] ] ], [ [ [ -9.298601095, 42.921674929 ], [ -9.298304948, 42.922132352 ], [ -9.297635506, 42.921215179 ], [ -9.298601095, 42.921674929 ] ] ], [ [ [ -9.296970618, 42.925851589 ], [ -9.296668034, 42.926246354 ], [ -9.296538837, 42.925821422 ], [ -9.296970618, 42.925851589 ] ] ], [ [ [ -9.222542526, 42.94264739 ], [ -9.262413337, 42.919671408 ], [ -9.273272874, 42.880062535 ], [ -9.275535289, 42.910344712 ], [ -9.297924264, 42.923080516 ], [ -9.261181108, 42.973180513 ], [ -9.257234721, 43.002444825 ], [ -9.266383127, 43.011933988 ], [ -9.277515577, 43.010565435 ], [ -9.279493274, 43.017189601 ], [ -9.282693964, 43.020415805 ], [ -9.280803145, 43.02543478 ], [ -9.287151291, 43.043564823 ], [ -9.301508988, 43.048812044 ], [ -9.292913932, 43.058819361 ], [ -9.28399908, 43.046097008 ], [ -9.261916307, 43.048581349 ], [ -9.249544863, 43.07145794 ], [ -9.25775831, 43.09068466 ], [ -9.221015067, 43.088429159 ], [ -9.220198085, 43.113993154 ], [ -9.212086713, 43.101869332 ], [ -9.198407177, 43.103982267 ], [ -9.190379686, 43.090078986 ], [ -9.167340577, 43.105217325 ], [ -9.164521596, 43.152709329 ], [ -9.192733306, 43.122086802 ], [ -9.215596145, 43.151528723 ], [ -9.187432869, 43.161027535 ], [ -9.180214446, 43.168314424 ], [ -9.174489192, 43.191596898 ], [ -9.161358276, 43.183269896 ], [ -9.15143201, 43.186326549 ], [ -9.150129235, 43.195371504 ], [ -9.135827135, 43.191155463 ], [ -9.130237985, 43.198342501 ], [ -9.110931753, 43.185921797 ], [ -9.078234942, 43.181233962 ], [ -9.039849494, 43.196200983 ], [ -9.009881784, 43.224592281 ], [ -9.012933577, 43.23344211 ], [ -8.995990313, 43.216268111 ], [ -8.984944695, 43.22210567 ], [ -8.980903951, 43.229348187 ], [ -8.9790676, 43.227068051 ], [ -8.971603678, 43.223885613 ], [ -8.939754592, 43.226873036 ], [ -8.952759437, 43.263471218 ], [ -8.957083915, 43.265369705 ], [ -8.960166113, 43.265271576 ], [ -8.976855293, 43.26199412 ], [ -8.978933871, 43.265098749 ], [ -8.981355136, 43.265169746 ], [ -8.982523183, 43.269033232 ], [ -8.984867843, 43.268072965 ], [ -8.98371016, 43.27045622 ], [ -8.985393969, 43.272546244 ], [ -8.991289043, 43.274739001 ], [ -8.985900824, 43.276822492 ], [ -8.984814058, 43.282307669 ], [ -8.962624617, 43.286720398 ], [ -8.956793626, 43.293740701 ], [ -8.927721766, 43.281978722 ], [ -8.906395727, 43.294185214 ], [ -8.911459097, 43.303041621 ], [ -8.90656498, 43.306076891 ], [ -8.911804989, 43.320919442 ], [ -8.875531431, 43.312497036 ], [ -8.848325776, 43.31955847 ], [ -8.841194775, 43.345282619 ], [ -8.785000467, 43.30385876 ], [ -8.747723061, 43.294302831 ], [ -8.72591371, 43.29892912 ], [ -8.711588815, 43.289970513 ], [ -8.607247614, 43.322329195 ], [ -8.604013435, 43.317827466 ], [ -8.568225832, 43.311786501 ], [ -8.5439898, 43.312916923 ], [ -8.50548666, 43.33109301 ], [ -8.506290025, 43.334001542 ], [ -8.515293423, 43.337409164 ], [ -8.518180643, 43.341498247 ], [ -8.514744006, 43.3377829 ], [ -8.50543512, 43.33425158 ], [ -8.499628038, 43.347999603 ], [ -8.533935894, 43.345562161 ], [ -8.523698063, 43.353267912 ], [ -8.47514221, 43.35301888 ], [ -8.43975568, 43.38149968 ], [ -8.40886198, 43.36925927 ], [ -8.40076728, 43.38997063 ], [ -8.37438583, 43.365119838 ], [ -8.398229279, 43.369672325 ], [ -8.404003044, 43.363643168 ], [ -8.387777812, 43.361462991 ], [ -8.378938855, 43.351885303 ], [ -8.38704103, 43.33947637 ], [ -8.35607105, 43.34353832 ], [ -8.3469053, 43.34884583 ], [ -8.33797664, 43.3769164 ], [ -8.35529286, 43.39035542 ], [ -8.30686093, 43.40567319 ], [ -8.29651858, 43.38520511 ], [ -8.26722968, 43.38452234 ], [ -8.25987889, 43.36970861 ], [ -8.241984322, 43.362898295 ], [ -8.2510531, 43.350396876 ], [ -8.208817366, 43.327838049 ], [ -8.22304638, 43.386891834 ], [ -8.173697085, 43.419894828 ], [ -8.233174755, 43.429288623 ], [ -8.259369703, 43.417856195 ], [ -8.261168477, 43.424489096 ], [ -8.279703664, 43.436622793 ], [ -8.316562661, 43.445010492 ], [ -8.254918551, 43.466180213 ], [ -8.23159911, 43.455081349 ], [ -8.201466793, 43.46007028 ], [ -8.169598452, 43.480524424 ], [ -8.170031949, 43.498456036 ], [ -8.152320734, 43.504092288 ], [ -8.151373628, 43.517495114 ], [ -8.20047812, 43.477175378 ], [ -8.24859347, 43.476185443 ], [ -8.247325174, 43.493330764 ], [ -8.266188356, 43.467712667 ], [ -8.34109311, 43.458366761 ], [ -8.319694612, 43.498042153 ], [ -8.332271472, 43.51303785 ], [ -8.296325488, 43.535023804 ], [ -8.322067749, 43.565234403 ], [ -8.29475023, 43.556271093 ], [ -8.260084407, 43.557903606 ], [ -8.21735713, 43.581707946 ], [ -8.216412985, 43.592401223 ], [ -8.214820881, 43.591465793 ], [ -8.202440582, 43.596550899 ], [ -8.199562843, 43.599518045 ], [ -8.201088199, 43.603409588 ], [ -8.199338062, 43.602940286 ], [ -8.198323583, 43.604390969 ], [ -8.196060189, 43.60271167 ], [ -8.192462406, 43.603082704 ], [ -8.188430338, 43.621127452 ], [ -8.155511771, 43.615284112 ], [ -8.101052031, 43.647866097 ], [ -8.103322363, 43.652265802 ], [ -8.095037883, 43.653410636 ], [ -8.098023673, 43.656599118 ], [ -8.094550643, 43.657024477 ], [ -8.091897971, 43.663327837 ], [ -8.093293389, 43.666623466 ], [ -8.086817938, 43.661475042 ], [ -8.088612149, 43.658793186 ], [ -8.087175712, 43.654274943 ], [ -8.077286648, 43.644209717 ], [ -8.053869473, 43.648941181 ], [ -8.075890396, 43.660269677 ], [ -8.070562043, 43.673983637 ], [ -8.075791218, 43.682879488 ], [ -8.066626825, 43.682620924 ], [ -8.065412933, 43.691173226 ], [ -8.068399048, 43.695829858 ], [ -8.063441007, 43.697508553 ], [ -8.064142447, 43.704058232 ], [ -8.032984465, 43.714593432 ], [ -8.025564787, 43.709141081 ], [ -8.000394958, 43.705107137 ], [ -7.952641967, 43.728112906 ], [ -7.946570689, 43.744058722 ], [ -7.929592601, 43.739644406 ], [ -7.922734591, 43.743226532 ], [ -7.922069833, 43.747531408 ], [ -7.916999143, 43.749451602 ], [ -7.904462245, 43.769859915 ], [ -7.889153093, 43.76311713 ], [ -7.875961812, 43.766787681 ], [ -7.868349827, 43.773549628 ], [ -7.86820978, 43.771674081 ], [ -7.863358577, 43.766092418 ], [ -7.859274161, 43.76352073 ], [ -7.859221191, 43.75995799 ], [ -7.872034361, 43.735446701 ], [ -7.849267156, 43.710309475 ], [ -7.876024328, 43.723284843 ], [ -7.869353535, 43.707167119 ], [ -7.891999899, 43.684753927 ], [ -7.871859951, 43.671985986 ], [ -7.904477473, 43.67135338 ], [ -7.846972321, 43.668202842 ], [ -7.868241788, 43.697896894 ], [ -7.860482518, 43.706735238 ], [ -7.83403712, 43.711054951 ], [ -7.838846724, 43.696203812 ], [ -7.814926338, 43.695145417 ], [ -7.829564709, 43.71007406 ], [ -7.81128897, 43.715248629 ], [ -7.812570433, 43.726582818 ], [ -7.725448097, 43.746753799 ], [ -7.687269335, 43.776542915 ], [ -7.68883814, 43.791341699 ], [ -7.661727146, 43.77673447 ], [ -7.67654412, 43.770141222 ], [ -7.701352289, 43.735613968 ], [ -7.683098353, 43.730017996 ], [ -7.673080806, 43.746444405 ], [ -7.636393293, 43.752973986 ], [ -7.62959004, 43.722128352 ], [ -7.606092464, 43.717768036 ], [ -7.614370818, 43.681269912 ], [ -7.598804047, 43.663431133 ], [ -7.600666073, 43.681787428 ], [ -7.57627612, 43.692995444 ], [ -7.584501637, 43.7118408 ], [ -7.560426803, 43.710240058 ], [ -7.557071253, 43.729954919 ], [ -7.523991757, 43.736781299 ], [ -7.514527775, 43.718925846 ], [ -7.468237482, 43.724205839 ], [ -7.45911349, 43.716523504 ], [ -7.478408103, 43.708790426 ], [ -7.459863174, 43.712749063 ], [ -7.448940613, 43.692649405 ], [ -7.436425876, 43.701104269 ], [ -7.440146968, 43.694873626 ], [ -7.434806969, 43.692290519 ], [ -7.41612328, 43.692313186 ], [ -7.40551868, 43.681874918 ], [ -7.357097141, 43.671211867 ], [ -7.294399291, 43.592338445 ], [ -7.2455263, 43.575171467 ], [ -7.271097037, 43.562576215 ], [ -7.255803754, 43.54690636 ], [ -7.236100658, 43.569147735 ], [ -7.161374805, 43.553873746 ], [ -7.034505559, 43.550003036 ], [ -7.047325458, 43.47744422 ], [ -7.090224903, 43.455271646 ], [ -7.102686418, 43.427005909 ], [ -7.172839289, 43.430228398 ], [ -7.168762353, 43.404775783 ], [ -7.182488914, 43.392458998 ], [ -7.127532879, 43.372599387 ], [ -7.131207538, 43.331348327 ], [ -7.100932805, 43.303810015 ], [ -7.059784718, 43.305334604 ], [ -7.071507529, 43.271218107 ], [ -7.061590621, 43.244047862 ], [ -7.020053304, 43.21324001 ], [ -7.009582993, 43.22288168 ], [ -7.001444638, 43.207275815 ], [ -6.971018764, 43.204249992 ], [ -6.964901266, 43.187544705 ], [ -6.980772908, 43.166545503 ], [ -6.957077931, 43.134896242 ], [ -6.88587847, 43.156827001 ], [ -6.867425241, 43.190093201 ], [ -6.822124917, 43.143332293 ], [ -6.871651087, 43.091020182 ], [ -6.915549294, 43.073258872 ], [ -6.938688872, 43.086511853 ], [ -6.96885368, 43.056878917 ], [ -6.965073817, 43.034773017 ], [ -6.982174171, 43.041412972 ], [ -6.996904006, 43.019569635 ], [ -6.962212179, 42.990512031 ], [ -6.95677514, 43.036556675 ], [ -6.910002038, 42.989896379 ], [ -6.864558301, 42.983779629 ], [ -6.835780817, 42.957705138 ], [ -6.841828757, 42.928446397 ], [ -6.824189415, 42.915060985 ], [ -6.841976886, 42.906357147 ], [ -6.814053008, 42.871692404 ], [ -6.871279201, 42.873840932 ], [ -6.840321198, 42.823364747 ], [ -6.867430475, 42.787173713 ], [ -6.935602975, 42.740863039 ], [ -6.959482839, 42.755030203 ], [ -6.972884429, 42.725005446 ], [ -7.010887596, 42.723660718 ], [ -7.045191837, 42.694765391 ], [ -7.004357066, 42.642872197 ], [ -7.047004794, 42.632700426 ], [ -7.050168556, 42.59793714 ], [ -7.033562204, 42.584090056 ], [ -7.069518824, 42.554015158 ], [ -7.05943272, 42.530582954 ], [ -7.077068851, 42.508000404 ], [ -6.97854163, 42.493253227 ], [ -6.96008852, 42.517763131 ], [ -6.932195554, 42.520543951 ], [ -6.860561631, 42.489087515 ], [ -6.823245848, 42.491281603 ], [ -6.808315448, 42.468611765 ], [ -6.822768387, 42.452912624 ], [ -6.814272911, 42.427353936 ], [ -6.843512656, 42.405845749 ], [ -6.733953272, 42.359111408 ], [ -6.736154995, 42.311063579 ], [ -6.766996834, 42.257457732 ], [ -6.803080256, 42.239043818 ], [ -6.786991359, 42.215911444 ], [ -6.84364492, 42.228305155 ], [ -6.886560805, 42.214541959 ], [ -6.900848465, 42.189467623 ], [ -6.943846746, 42.171860574 ], [ -6.948654866, 42.135591992 ], [ -6.986158456, 42.124028383 ], [ -7.002120899, 42.084599798 ], [ -7.033584738, 42.074235049 ], [ -7.011831929, 42.052415942 ], [ -6.974791576, 42.055156634 ], [ -6.961098314, 42.027906261 ], [ -7.00624419, 41.950572564 ], [ -7.073433418, 41.950004168 ], [ -7.087500723, 41.973480056 ], [ -7.141448945, 41.990759723 ], [ -7.178167962, 41.980062113 ], [ -7.189563223, 41.941864706 ], [ -7.173432326, 41.919049361 ], [ -7.196730278, 41.879981501 ], [ -7.315007604, 41.842827269 ], [ -7.356436501, 41.840532751 ], [ -7.365780084, 41.852790862 ], [ -7.428243975, 41.807233058 ], [ -7.425843891, 41.830224574 ], [ -7.452491528, 41.865085973 ], [ -7.502217251, 41.869388168 ], [ -7.52127764, 41.841752111 ], [ -7.611431543, 41.829188879 ], [ -7.611575811, 41.846731783 ], [ -7.584075244, 41.875683953 ], [ -7.585860704, 41.881863483 ], [ -7.653864584, 41.881204084 ], [ -7.700844362, 41.907671084 ], [ -7.845181667, 41.881284945 ], [ -7.841513001, 41.866481862 ], [ -7.872804001, 41.844863201 ], [ -7.892206806, 41.859517668 ], [ -7.892699417, 41.926951029 ], [ -7.909743362, 41.92246639 ], [ -7.921249556, 41.877797334 ], [ -7.987687417, 41.86922314 ], [ -8.014052362, 41.829000612 ], [ -8.093913806, 41.808044362 ], [ -8.165008778, 41.818121001 ], [ -8.169298139, 41.876515223 ], [ -8.199748249, 41.873875611 ], [ -8.216833004, 41.913452566 ], [ -8.162872987, 41.982707029 ], [ -8.086028751, 42.016500945 ], [ -8.084450528, 42.047344973 ], [ -8.11869444, 42.08231583 ], [ -8.182197167, 42.065083931 ], [ -8.198673574, 42.154294986 ], [ -8.31711593, 42.1045048 ], [ -8.332031666, 42.083719529 ], [ -8.523645169, 42.078000679 ], [ -8.546049781, 42.054185231 ], [ -8.635741086, 42.04774162 ], [ -8.662891921, 42.002536302 ], [ -8.745122294, 41.964379846 ], [ -8.754512031, 41.933763017 ], [ -8.873400503, 41.869794129 ], [ -8.875759538, 41.874101894 ], [ -8.881935017, 41.881265131 ], [ -8.874336752, 41.899296104 ], [ -8.88809311, 41.93634502 ], [ -8.876830389, 42.002440257 ], [ -8.889779696, 42.026160372 ], [ -8.883960146, 42.038288348 ], [ -8.885952452, 42.050410401 ], [ -8.896751177, 42.066813691 ], [ -8.89158744, 42.082247974 ], [ -8.900677381, 42.112286642 ], [ -8.880610449, 42.110223714 ], [ -8.852087763, 42.122624263 ], [ -8.851642888, 42.128282242 ], [ -8.826037352, 42.115078567 ], [ -8.820134257, 42.141376895 ], [ -8.850199195, 42.156514185 ], [ -8.822509664, 42.157081442 ], [ -8.818668024, 42.161354909 ], [ -8.812039385, 42.180344166 ], [ -8.815949849, 42.187463916 ], [ -8.798097631, 42.193555825 ], [ -8.797041155, 42.197876347 ], [ -8.779418752, 42.203620653 ], [ -8.775649229, 42.212849187 ], [ -8.777823638, 42.219940933 ], [ -8.775226545, 42.222133626 ], [ -8.740458214, 42.226297289 ], [ -8.712736432, 42.241053986 ], [ -8.661194647, 42.284883653 ], [ -8.610865116, 42.287513318 ], [ -8.623731905, 42.309868417 ], [ -8.612119028, 42.346196084 ], [ -8.628823986, 42.351082041 ], [ -8.644700745, 42.338938264 ], [ -8.636246276, 42.326509307 ], [ -8.660171043, 42.315865817 ], [ -8.660230838, 42.290755786 ], [ -8.712011004, 42.275730265 ], [ -8.731481061, 42.286692477 ], [ -8.792562396, 42.246345097 ], [ -8.813845101, 42.259442739 ], [ -8.855193354, 42.261409995 ], [ -8.87302195, 42.249981087 ], [ -8.873954118, 42.254137069 ], [ -8.868558452, 42.256052574 ], [ -8.862534899, 42.268946352 ], [ -8.855846545, 42.309797823 ], [ -8.831601965, 42.27809042 ], [ -8.816868467, 42.278688162 ], [ -8.818436003, 42.313517985 ], [ -8.826940324, 42.333717174 ], [ -8.839162342, 42.339124617 ], [ -8.791128886, 42.327039635 ], [ -8.755014777, 42.339918396 ], [ -8.736860434, 42.376605355 ], [ -8.696813895, 42.393603267 ], [ -8.696465174, 42.404144547 ], [ -8.684812029, 42.40440455 ], [ -8.684963513, 42.407478444 ], [ -8.656356549, 42.423297673 ], [ -8.651913698, 42.428198652 ], [ -8.681160149, 42.421067912 ], [ -8.687419715, 42.437707537 ], [ -8.695183165, 42.437680918 ], [ -8.703590364, 42.426963136 ], [ -8.741388177, 42.413646476 ], [ -8.748743308, 42.40323038 ], [ -8.757262245, 42.402351365 ], [ -8.761669837, 42.394396462 ], [ -8.77038642, 42.3943617 ], [ -8.774712986, 42.387661683 ], [ -8.781738034, 42.395642287 ], [ -8.813316102, 42.401169584 ], [ -8.838902286, 42.384273576 ], [ -8.864771396, 42.411241552 ], [ -8.880937847, 42.414848407 ], [ -8.871186527, 42.4352621 ], [ -8.88338214, 42.455527883 ], [ -8.897305475, 42.46086809 ], [ -8.913260955, 42.46233861 ], [ -8.928517409, 42.451024654 ], [ -8.941667301, 42.463429809 ], [ -8.936079454, 42.469121418 ], [ -8.937316005, 42.479337109 ], [ -8.921638788, 42.47726152 ], [ -8.918144338, 42.478243813 ], [ -8.917653872, 42.476657915 ], [ -8.91455314, 42.475630307 ], [ -8.908765652, 42.475380777 ], [ -8.896307499, 42.479832365 ], [ -8.890834349, 42.486542068 ], [ -8.889837769, 42.480994346 ], [ -8.882927158, 42.488722987 ], [ -8.891114224, 42.494809286 ], [ -8.884300903, 42.496861869 ], [ -8.881921452, 42.49936992 ], [ -8.878768988, 42.497668857 ], [ -8.871619835, 42.501205269 ], [ -8.855513412, 42.472749138 ], [ -8.872744529, 42.461611413 ], [ -8.869431484, 42.448053907 ], [ -8.855925505, 42.450763483 ], [ -8.848103062, 42.460328119 ], [ -8.819643518, 42.451769622 ], [ -8.830887035, 42.484334073 ], [ -8.805319981, 42.500797032 ], [ -8.818271824, 42.519472687 ], [ -8.825126913, 42.51651271 ], [ -8.825539113, 42.515582494 ], [ -8.826294145, 42.515327935 ], [ -8.825347412, 42.51652847 ], [ -8.821050009, 42.518466941 ], [ -8.821931121, 42.519565271 ], [ -8.818450527, 42.51982366 ], [ -8.817459159, 42.519108998 ], [ -8.816414908, 42.520179399 ], [ -8.813470064, 42.528944168 ], [ -8.828921816, 42.518452544 ], [ -8.825504459, 42.538836168 ], [ -8.836354126, 42.558671477 ], [ -8.825757304, 42.552767213 ], [ -8.822881208, 42.553391001 ], [ -8.818595699, 42.559271642 ], [ -8.834868155, 42.564787685 ], [ -8.795175203, 42.580068812 ], [ -8.785292849, 42.599591056 ], [ -8.772215314, 42.59324033 ], [ -8.779003253, 42.614150673 ], [ -8.741205023, 42.649004876 ], [ -8.723898038, 42.678018066 ], [ -8.72555246, 42.687623305 ], [ -8.746979781, 42.65079382 ], [ -8.769996392, 42.653080706 ], [ -8.800100803, 42.636404989 ], [ -8.825940875, 42.64609868 ], [ -8.822374147, 42.646163612 ], [ -8.812258408, 42.66723049 ], [ -8.844603968, 42.68703961 ], [ -8.839999452, 42.661025695 ], [ -8.852041757, 42.665216015 ], [ -8.861102758, 42.646432329 ], [ -8.837741579, 42.632290069 ], [ -8.858930992, 42.62660465 ], [ -8.857393789, 42.606375295 ], [ -8.887678087, 42.610524732 ], [ -8.873494593, 42.632382665 ], [ -8.898920898, 42.6445564 ], [ -8.937291895, 42.607091069 ], [ -8.919882673, 42.587003009 ], [ -8.954254873, 42.584522386 ], [ -8.988298108, 42.565836572 ], [ -8.995906804, 42.529565613 ], [ -9.042797266, 42.517335943 ], [ -9.029733896, 42.548019833 ], [ -9.039258923, 42.565555655 ], [ -9.044691846, 42.571479262 ], [ -9.057748966, 42.577763437 ], [ -9.066688357, 42.576379583 ], [ -9.075021798, 42.572155775 ], [ -9.073887153, 42.566383122 ], [ -9.09142321, 42.576484755 ], [ -9.09100334, 42.578046422 ], [ -9.089489722, 42.577389041 ], [ -9.081864137, 42.578002564 ], [ -9.079257227, 42.580121755 ], [ -9.075872501, 42.589258509 ], [ -9.079206318, 42.598082604 ], [ -9.068059518, 42.597847515 ], [ -9.06451299, 42.600340389 ], [ -9.040530089, 42.637357503 ], [ -9.03380427, 42.695197919 ], [ -9.010972472, 42.710706475 ], [ -8.990928608, 42.740530016 ], [ -8.954214471, 42.748500733 ], [ -8.924577343, 42.788291981 ], [ -8.903924594, 42.788444213 ], [ -8.904158492, 42.813826343 ], [ -8.879418693, 42.816093997 ], [ -8.875721466, 42.828914096 ], [ -8.887761288, 42.815744844 ], [ -8.899052134, 42.828997538 ], [ -8.908847596, 42.825150989 ], [ -8.908956889, 42.796348414 ], [ -8.931337997, 42.807312675 ], [ -8.963117421, 42.778569893 ], [ -8.974835706, 42.791351522 ], [ -8.97863843, 42.78999919 ], [ -8.981593725, 42.778061931 ], [ -9.017839352, 42.780971993 ], [ -9.020175401, 42.80071376 ], [ -9.063880216, 42.786905823 ], [ -9.047885785, 42.769679468 ], [ -9.089432962, 42.738421406 ], [ -9.091329146, 42.746781702 ], [ -9.10216985, 42.755663116 ], [ -9.115755858, 42.754206561 ], [ -9.134565635, 42.79069718 ], [ -9.140589368, 42.796098084 ], [ -9.148266968, 42.79488343 ], [ -9.147224129, 42.798288195 ], [ -9.151345901, 42.799173203 ], [ -9.122436363, 42.806948468 ], [ -9.107568003, 42.821652922 ], [ -9.111854391, 42.842613068 ], [ -9.121741928, 42.847339762 ], [ -9.12929982, 42.843495282 ], [ -9.132643007, 42.847474308 ], [ -9.138197897, 42.84982197 ], [ -9.145616686, 42.867200536 ], [ -9.150222275, 42.872155171 ], [ -9.145500349, 42.876721436 ], [ -9.147679121, 42.882986111 ], [ -9.140794142, 42.882312842 ], [ -9.138566053, 42.888580848 ], [ -9.143157225, 42.896327026 ], [ -9.125482661, 42.905613161 ], [ -9.160614914, 42.911750113 ], [ -9.188528729, 42.952500805 ], [ -9.183188137, 42.916055345 ], [ -9.209187996, 42.916415953 ], [ -9.222542526, 42.94264739 ] ] ], [ [ [ -9.290651527, 42.937011012 ], [ -9.29074619, 42.93661873 ], [ -9.29074807, 42.936996684 ], [ -9.290651527, 42.937011012 ] ] ], [ [ [ -9.292457147, 42.940052861 ], [ -9.292772067, 42.940017479 ], [ -9.292559816, 42.940218221 ], [ -9.292457147, 42.940052861 ] ] ], [ [ [ -9.282168115, 42.947515266 ], [ -9.282429775, 42.94743784 ], [ -9.282331996, 42.947560245 ], [ -9.282168115, 42.947515266 ] ] ], [ [ [ -9.284793871, 42.953068457 ], [ -9.284613513, 42.952862365 ], [ -9.284822495, 42.952868849 ], [ -9.284793871, 42.953068457 ] ] ], [ [ [ -9.284363722, 42.95305616 ], [ -9.284561433, 42.953072267 ], [ -9.284520006, 42.953146562 ], [ -9.284363722, 42.95305616 ] ] ], [ [ [ -9.284264428, 42.953403686 ], [ -9.284414909, 42.953197362 ], [ -9.284510883, 42.953417107 ], [ -9.284264428, 42.953403686 ] ] ], [ [ [ -9.283189739, 42.955479228 ], [ -9.283345713, 42.95532661 ], [ -9.283516017, 42.955434243 ], [ -9.283189739, 42.955479228 ] ] ], [ [ [ -9.279557057, 42.956867536 ], [ -9.279768794, 42.956900882 ], [ -9.279577468, 42.956947425 ], [ -9.279557057, 42.956867536 ] ] ], [ [ [ -9.27818818, 42.958104099 ], [ -9.278292686, 42.957927318 ], [ -9.278577546, 42.95795664 ], [ -9.27818818, 42.958104099 ] ] ], [ [ [ -9.278152163, 42.960032385 ], [ -9.278340759, 42.95995899 ], [ -9.278305717, 42.960095941 ], [ -9.278152163, 42.960032385 ] ] ], [ [ [ -9.277178064, 42.961175187 ], [ -9.277203662, 42.961065761 ], [ -9.277323398, 42.961158185 ], [ -9.277178064, 42.961175187 ] ] ], [ [ [ -9.277329174, 42.961454913 ], [ -9.277460183, 42.961537715 ], [ -9.277325209, 42.961536144 ], [ -9.277329174, 42.961454913 ] ] ], [ [ [ -9.274039781, 42.961888001 ], [ -9.274236607, 42.961895173 ], [ -9.274033986, 42.96195133 ], [ -9.274039781, 42.961888001 ] ] ], [ [ [ -9.274551623, 42.962219892 ], [ -9.274763692, 42.962136211 ], [ -9.27484595, 42.962221698 ], [ -9.274551623, 42.962219892 ] ] ], [ [ [ -9.277493976, 42.962228963 ], [ -9.277113733, 42.962105875 ], [ -9.277359619, 42.961993322 ], [ -9.277493976, 42.962228963 ] ] ], [ [ [ -9.275335564, 42.962455793 ], [ -9.275418736, 42.962550231 ], [ -9.275277366, 42.962486001 ], [ -9.275335564, 42.962455793 ] ] ], [ [ [ -9.275324811, 42.963671577 ], [ -9.274706573, 42.963858625 ], [ -9.274971707, 42.963213935 ], [ -9.275324811, 42.963671577 ] ] ], [ [ [ -9.274217169, 42.964587667 ], [ -9.274334797, 42.964419169 ], [ -9.274400902, 42.964586558 ], [ -9.274217169, 42.964587667 ] ] ], [ [ [ -9.261091434, 42.978919353 ], [ -9.261259374, 42.978883127 ], [ -9.261087449, 42.979000585 ], [ -9.261091434, 42.978919353 ] ] ], [ [ [ -9.261521674, 42.97929179 ], [ -9.261606436, 42.979161115 ], [ -9.261626499, 42.979358045 ], [ -9.261521674, 42.97929179 ] ] ], [ [ [ -9.262603261, 42.980762632 ], [ -9.26273977, 42.980899157 ], [ -9.26250722, 42.980902928 ], [ -9.262603261, 42.980762632 ] ] ], [ [ [ -9.26283306, 42.982055218 ], [ -9.262967502, 42.981930814 ], [ -9.262896756, 42.982078724 ], [ -9.26283306, 42.982055218 ] ] ], [ [ [ -9.262548812, 42.984078152 ], [ -9.26258116, 42.983914349 ], [ -9.262660365, 42.984090027 ], [ -9.262548812, 42.984078152 ] ] ], [ [ [ -9.262078793, 42.984157976 ], [ -9.262303724, 42.984199631 ], [ -9.262237869, 42.984275259 ], [ -9.262078793, 42.984157976 ] ] ], [ [ [ -9.261719657, 42.984483749 ], [ -9.261911996, 42.984446182 ], [ -9.261912574, 42.98457217 ], [ -9.261719657, 42.984483749 ] ] ], [ [ [ -9.261744863, 42.984851424 ], [ -9.26164401, 42.984703938 ], [ -9.26178451, 42.984759232 ], [ -9.261744863, 42.984851424 ] ] ], [ [ [ -9.261091482, 42.986741602 ], [ -9.261100362, 42.98658809 ], [ -9.261237794, 42.986733568 ], [ -9.261091482, 42.986741602 ] ] ], [ [ [ -9.262651638, 42.988816263 ], [ -9.262605354, 42.98860277 ], [ -9.26281106, 42.988816507 ], [ -9.262651638, 42.988816263 ] ] ], [ [ [ -9.262377333, 42.989974513 ], [ -9.262287998, 42.990060432 ], [ -9.262258137, 42.990008064 ], [ -9.262377333, 42.989974513 ] ] ], [ [ [ -9.26063721, 42.991789353 ], [ -9.260759481, 42.99166562 ], [ -9.260784446, 42.991790269 ], [ -9.26063721, 42.991789353 ] ] ], [ [ [ -9.259846109, 42.991967811 ], [ -9.259996418, 42.991878546 ], [ -9.259985713, 42.992014155 ], [ -9.259846109, 42.991967811 ] ] ], [ [ [ -9.259963965, 42.992402411 ], [ -9.260191999, 42.992353885 ], [ -9.260019126, 42.992462393 ], [ -9.259963965, 42.992402411 ] ] ], [ [ [ -9.260190415, 42.992579008 ], [ -9.260251961, 42.992701649 ], [ -9.260161131, 42.992652628 ], [ -9.260190415, 42.992579008 ] ] ], [ [ [ -9.259469294, 42.993203694 ], [ -9.259350765, 42.993003168 ], [ -9.259613798, 42.993177758 ], [ -9.259469294, 42.993203694 ] ] ], [ [ [ -9.259908662, 42.994025708 ], [ -9.260681759, 42.995234459 ], [ -9.260086154, 42.994925108 ], [ -9.259908662, 42.994025708 ] ] ], [ [ [ -9.261602133, 43.000413758 ], [ -9.261517762, 43.000067335 ], [ -9.261678126, 43.000076531 ], [ -9.261602133, 43.000413758 ] ] ], [ [ [ -9.27255601, 43.009083129 ], [ -9.272450502, 43.00925096 ], [ -9.272357809, 43.009184048 ], [ -9.27255601, 43.009083129 ] ] ], [ [ [ -9.276011663, 43.009532055 ], [ -9.275977205, 43.009434936 ], [ -9.276044594, 43.009494236 ], [ -9.276011663, 43.009532055 ] ] ], [ [ [ -9.279706366, 43.0130372 ], [ -9.279769805, 43.013177728 ], [ -9.279612449, 43.013078379 ], [ -9.279706366, 43.0130372 ] ] ], [ [ [ -9.280217694, 43.015637455 ], [ -9.280077729, 43.015708175 ], [ -9.280090221, 43.015590468 ], [ -9.280217694, 43.015637455 ] ] ], [ [ [ -9.283042514, 43.022142876 ], [ -9.282872929, 43.022044205 ], [ -9.283037015, 43.022089171 ], [ -9.283042514, 43.022142876 ] ] ], [ [ [ -9.283008381, 43.024206088 ], [ -9.28301995, 43.02407943 ], [ -9.28308553, 43.024120823 ], [ -9.283008381, 43.024206088 ] ] ], [ [ [ -9.281399343, 43.024906853 ], [ -9.281395389, 43.024988084 ], [ -9.281355125, 43.024954296 ], [ -9.281399343, 43.024906853 ] ] ], [ [ [ -9.282337738, 43.026403393 ], [ -9.282313911, 43.026170669 ], [ -9.282409105, 43.026381457 ], [ -9.282337738, 43.026403393 ] ] ], [ [ [ -9.285348816, 43.038191339 ], [ -9.285497716, 43.038327152 ], [ -9.285404684, 43.038377289 ], [ -9.285348816, 43.038191339 ] ] ], [ [ [ -9.267354539, 43.053035277 ], [ -9.266841283, 43.053297532 ], [ -9.266831545, 43.052721973 ], [ -9.267354539, 43.053035277 ] ] ], [ [ [ -9.292837815, 43.059273636 ], [ -9.29242529, 43.058603296 ], [ -9.29307367, 43.059179603 ], [ -9.292837815, 43.059273636 ] ] ], [ [ [ -9.257458665, 43.089314877 ], [ -9.257410185, 43.088840458 ], [ -9.257584454, 43.089343978 ], [ -9.257458665, 43.089314877 ] ] ], [ [ [ -9.258431681, 43.089702533 ], [ -9.258196339, 43.089202368 ], [ -9.258536429, 43.089525753 ], [ -9.258431681, 43.089702533 ] ] ], [ [ [ -9.225972114, 43.099374438 ], [ -9.225378305, 43.100541066 ], [ -9.225397968, 43.099405797 ], [ -9.225972114, 43.099374438 ] ] ], [ [ [ -9.214744474, 43.109654829 ], [ -9.213509528, 43.109713155 ], [ -9.214645708, 43.109408171 ], [ -9.214744474, 43.109654829 ] ] ], [ [ [ -9.215212341, 43.110511472 ], [ -9.214829027, 43.110487365 ], [ -9.214895462, 43.11029471 ], [ -9.215212341, 43.110511472 ] ] ], [ [ [ -9.204774395, 43.137454786 ], [ -9.205003427, 43.137289291 ], [ -9.205033326, 43.137341673 ], [ -9.204774395, 43.137454786 ] ] ], [ [ [ -9.216148156, 43.15151662 ], [ -9.216230738, 43.150999026 ], [ -9.216352363, 43.151469476 ], [ -9.216148156, 43.15151662 ] ] ], [ [ [ -9.198777211, 43.16073517 ], [ -9.198378765, 43.161170914 ], [ -9.198168923, 43.160678236 ], [ -9.198777211, 43.16073517 ] ] ], [ [ [ -9.197204251, 43.160865717 ], [ -9.19711054, 43.161032841 ], [ -9.197092376, 43.160853797 ], [ -9.197204251, 43.160865717 ] ] ], [ [ [ -9.197846216, 43.161496927 ], [ -9.197989261, 43.161210099 ], [ -9.198129716, 43.161382493 ], [ -9.197846216, 43.161496927 ] ] ], [ [ [ -9.196358773, 43.161379769 ], [ -9.196614733, 43.161599894 ], [ -9.196364283, 43.161676522 ], [ -9.196358773, 43.161379769 ] ] ], [ [ [ -9.198897895, 43.161439733 ], [ -9.19916602, 43.161416148 ], [ -9.199246661, 43.161483774 ], [ -9.198897895, 43.161439733 ] ] ], [ [ [ -9.191565421, 43.1612802 ], [ -9.191372088, 43.161677771 ], [ -9.191200367, 43.161318033 ], [ -9.191565421, 43.1612802 ] ] ], [ [ [ -9.198391621, 43.161782323 ], [ -9.198662963, 43.161911592 ], [ -9.198483163, 43.161957377 ], [ -9.198391621, 43.161782323 ] ] ], [ [ [ -9.19512133, 43.163121335 ], [ -9.195342731, 43.162758238 ], [ -9.19536634, 43.162990996 ], [ -9.19512133, 43.163121335 ] ] ], [ [ [ -9.213447272, 43.162555811 ], [ -9.214361849, 43.164414283 ], [ -9.212323534, 43.16250905 ], [ -9.213447272, 43.162555811 ] ] ], [ [ [ -9.186310753, 43.168523778 ], [ -9.187796732, 43.170081406 ], [ -9.185146172, 43.169046066 ], [ -9.186310753, 43.168523778 ] ] ], [ [ [ -9.187796916, 43.171539657 ], [ -9.187498805, 43.17126779 ], [ -9.187824068, 43.171322145 ], [ -9.187796916, 43.171539657 ] ] ], [ [ [ -9.181849867, 43.173050597 ], [ -9.181420411, 43.173424954 ], [ -9.181486994, 43.172989265 ], [ -9.181849867, 43.173050597 ] ] ], [ [ [ -9.192595928, 43.173142343 ], [ -9.19219005, 43.173263413 ], [ -9.192268836, 43.173070099 ], [ -9.192595928, 43.173142343 ] ] ], [ [ [ -9.180545211, 43.176442955 ], [ -9.180299659, 43.176447269 ], [ -9.180307361, 43.176401844 ], [ -9.180545211, 43.176442955 ] ] ], [ [ [ -9.180450549, 43.177816335 ], [ -9.180740054, 43.17788165 ], [ -9.180693393, 43.178028206 ], [ -9.180450549, 43.177816335 ] ] ], [ [ [ -9.180208212, 43.180646985 ], [ -9.180211377, 43.180313753 ], [ -9.180369056, 43.180656266 ], [ -9.180208212, 43.180646985 ] ] ], [ [ [ -9.188150537, 43.182916505 ], [ -9.187739541, 43.182623763 ], [ -9.188017239, 43.182329636 ], [ -9.188150537, 43.182916505 ] ] ], [ [ [ -9.189166976, 43.183842488 ], [ -9.188850165, 43.183265586 ], [ -9.189272064, 43.183665751 ], [ -9.189166976, 43.183842488 ] ] ], [ [ [ -9.187831236, 43.183770992 ], [ -9.187549394, 43.183660271 ], [ -9.187594698, 43.183621805 ], [ -9.187831236, 43.183770992 ] ] ], [ [ [ -9.184592528, 43.184099814 ], [ -9.183997125, 43.183808064 ], [ -9.184381765, 43.183355115 ], [ -9.184592528, 43.184099814 ] ] ], [ [ [ -9.179983085, 43.183404689 ], [ -9.179662758, 43.184250208 ], [ -9.17971802, 43.183338047 ], [ -9.179983085, 43.183404689 ] ] ], [ [ [ -9.187533166, 43.184228254 ], [ -9.187634193, 43.184132753 ], [ -9.187861695, 43.184435458 ], [ -9.187533166, 43.184228254 ] ] ], [ [ [ -9.189640671, 43.184995975 ], [ -9.189686362, 43.184597423 ], [ -9.189825085, 43.184994961 ], [ -9.189640671, 43.184995975 ] ] ], [ [ [ -9.188141368, 43.185131401 ], [ -9.188232885, 43.185063421 ], [ -9.188270967, 43.185196377 ], [ -9.188141368, 43.185131401 ] ] ], [ [ [ -9.155509919, 43.185899337 ], [ -9.155758136, 43.186164982 ], [ -9.155434208, 43.186002445 ], [ -9.155509919, 43.185899337 ] ] ], [ [ [ -9.15312805, 43.187531232 ], [ -9.153427109, 43.187569095 ], [ -9.153524892, 43.18780686 ], [ -9.15312805, 43.187531232 ] ] ], [ [ [ -9.175314971, 43.18881566 ], [ -9.175567373, 43.188756975 ], [ -9.175365264, 43.188947959 ], [ -9.175314971, 43.18881566 ] ] ], [ [ [ -9.175593159, 43.189862778 ], [ -9.176048575, 43.189865104 ], [ -9.176053105, 43.189909867 ], [ -9.175593159, 43.189862778 ] ] ], [ [ [ -9.151106561, 43.195912869 ], [ -9.153672893, 43.196350436 ], [ -9.153303226, 43.198296749 ], [ -9.151106561, 43.195912869 ] ] ], [ [ [ -9.14549341, 42.736540981 ], [ -9.146050084, 42.736366973 ], [ -9.146012433, 42.736603041 ], [ -9.14549341, 42.736540981 ] ] ], [ [ [ -9.146591906, 42.73653582 ], [ -9.146528188, 42.736755289 ], [ -9.14642452, 42.736571842 ], [ -9.146591906, 42.73653582 ] ] ], [ [ [ -9.146136518, 42.736992424 ], [ -9.146110168, 42.736849819 ], [ -9.146212665, 42.736898307 ], [ -9.146136518, 42.736992424 ] ] ], [ [ [ -9.147937102, 42.737417508 ], [ -9.147867204, 42.737205238 ], [ -9.148136487, 42.737334752 ], [ -9.147937102, 42.737417508 ] ] ], [ [ [ -9.147088021, 42.737598277 ], [ -9.147416295, 42.73733755 ], [ -9.147537156, 42.737448058 ], [ -9.147088021, 42.737598277 ] ] ], [ [ [ -9.146781657, 42.737956839 ], [ -9.147044762, 42.737654617 ], [ -9.147167969, 42.738035044 ], [ -9.146781657, 42.737956839 ] ] ], [ [ [ -9.146293695, 42.738208163 ], [ -9.146193254, 42.738303589 ], [ -9.146180824, 42.738178237 ], [ -9.146293695, 42.738208163 ] ] ], [ [ [ -9.147047605, 42.738914676 ], [ -9.146472267, 42.738900662 ], [ -9.146543976, 42.738761777 ], [ -9.147047605, 42.738914676 ] ] ], [ [ [ -9.146149631, 42.738972051 ], [ -9.146302778, 42.739161835 ], [ -9.146058953, 42.739165967 ], [ -9.146149631, 42.738972051 ] ] ], [ [ [ -9.130401864, 42.77037947 ], [ -9.13010764, 42.769999211 ], [ -9.130574153, 42.770145174 ], [ -9.130401864, 42.77037947 ] ] ], [ [ [ -9.129693986, 42.772361839 ], [ -9.129310248, 42.771941379 ], [ -9.129823617, 42.772066824 ], [ -9.129693986, 42.772361839 ] ] ], [ [ [ -9.131405943, 42.777310715 ], [ -9.131784773, 42.777434379 ], [ -9.131081575, 42.777490174 ], [ -9.131405943, 42.777310715 ] ] ], [ [ [ -9.130623764, 42.777802825 ], [ -9.131029931, 42.777708986 ], [ -9.1306415, 42.777981903 ], [ -9.130623764, 42.777802825 ] ] ], [ [ [ -9.14096262, 42.78754454 ], [ -9.141214671, 42.787251925 ], [ -9.141317538, 42.787426418 ], [ -9.14096262, 42.78754454 ] ] ], [ [ [ -9.142270724, 42.788041216 ], [ -9.142567525, 42.787953223 ], [ -9.142578191, 42.788060667 ], [ -9.142270724, 42.788041216 ] ] ], [ [ [ -9.14280825, 42.788408341 ], [ -9.143043069, 42.788557725 ], [ -9.142742422, 42.788483898 ], [ -9.14280825, 42.788408341 ] ] ], [ [ [ -9.142708279, 42.789124845 ], [ -9.142732304, 42.78899753 ], [ -9.14278982, 42.789084448 ], [ -9.142708279, 42.789124845 ] ] ], [ [ [ -9.141362151, 42.789107303 ], [ -9.141238203, 42.789212992 ], [ -9.141232871, 42.78915927 ], [ -9.141362151, 42.789107303 ] ] ], [ [ [ -9.141778146, 42.789111913 ], [ -9.141655976, 42.78923551 ], [ -9.141656579, 42.789118457 ], [ -9.141778146, 42.789111913 ] ] ], [ [ [ -9.138470233, 42.789893052 ], [ -9.138121897, 42.789461717 ], [ -9.138653196, 42.789766187 ], [ -9.138470233, 42.789893052 ] ] ], [ [ [ -9.135248625, 42.79006635 ], [ -9.135147475, 42.790278825 ], [ -9.135052609, 42.79018491 ], [ -9.135248625, 42.79006635 ] ] ], [ [ [ -9.139656194, 42.790513349 ], [ -9.139498804, 42.790035736 ], [ -9.139854868, 42.790421643 ], [ -9.139656194, 42.790513349 ] ] ], [ [ [ -9.137245815, 42.790733059 ], [ -9.135973478, 42.790720485 ], [ -9.13573245, 42.79050841 ], [ -9.137245815, 42.790733059 ] ] ], [ [ [ -9.140215622, 42.791347388 ], [ -9.140485141, 42.791476906 ], [ -9.140244662, 42.791516854 ], [ -9.140215622, 42.791347388 ] ] ], [ [ [ -9.146579117, 42.791796845 ], [ -9.146413364, 42.791850783 ], [ -9.146486901, 42.791729801 ], [ -9.146579117, 42.791796845 ] ] ], [ [ [ -9.151894482, 42.792275464 ], [ -9.151848832, 42.792430951 ], [ -9.151728734, 42.792329409 ], [ -9.151894482, 42.792275464 ] ] ], [ [ [ -9.150980638, 42.792549778 ], [ -9.150813692, 42.792468764 ], [ -9.151001391, 42.792512653 ], [ -9.150980638, 42.792549778 ] ] ], [ [ [ -9.145887924, 42.792959274 ], [ -9.146179704, 42.792574492 ], [ -9.145987257, 42.793097947 ], [ -9.145887924, 42.792959274 ] ] ], [ [ [ -9.143071555, 42.793029951 ], [ -9.143087558, 42.793191116 ], [ -9.142985853, 42.793151585 ], [ -9.143071555, 42.793029951 ] ] ], [ [ [ -9.140780932, 42.792856222 ], [ -9.140953484, 42.79311698 ], [ -9.140556409, 42.793426403 ], [ -9.140780932, 42.792856222 ] ] ], [ [ [ -9.143013414, 42.793429149 ], [ -9.143152771, 42.793601675 ], [ -9.142989388, 42.793556464 ], [ -9.143013414, 42.793429149 ] ] ], [ [ [ -9.140748833, 42.793641083 ], [ -9.140844921, 42.793500888 ], [ -9.140775815, 42.793666636 ], [ -9.140748833, 42.793641083 ] ] ], [ [ [ -9.145548389, 42.794093754 ], [ -9.145613329, 42.794009242 ], [ -9.145641202, 42.794043747 ], [ -9.145548389, 42.794093754 ] ] ], [ [ [ -9.148636423, 42.794296422 ], [ -9.148360046, 42.79385224 ], [ -9.148899727, 42.793994182 ], [ -9.148636423, 42.794296422 ] ] ], [ [ [ -9.14612454, 42.794233744 ], [ -9.14593417, 42.794162987 ], [ -9.146167833, 42.794177403 ], [ -9.14612454, 42.794233744 ] ] ], [ [ [ -9.147160308, 42.794078921 ], [ -9.146667777, 42.794042449 ], [ -9.146853995, 42.79382538 ], [ -9.147160308, 42.794078921 ] ] ], [ [ [ -9.141961246, 42.794773019 ], [ -9.141539593, 42.794588684 ], [ -9.141991523, 42.794339316 ], [ -9.141961246, 42.794773019 ] ] ], [ [ [ -9.144229405, 42.794965936 ], [ -9.144035171, 42.795102418 ], [ -9.144106354, 42.794711519 ], [ -9.144229405, 42.794965936 ] ] ], [ [ [ -9.151582233, 42.795649867 ], [ -9.151750387, 42.795865838 ], [ -9.151512265, 42.795806666 ], [ -9.151582233, 42.795649867 ] ] ], [ [ [ -9.150383697, 42.796380603 ], [ -9.150533712, 42.795922439 ], [ -9.150698913, 42.796354607 ], [ -9.150383697, 42.796380603 ] ] ], [ [ [ -9.149724496, 42.796389136 ], [ -9.149761274, 42.796513175 ], [ -9.149623085, 42.796475616 ], [ -9.149724496, 42.796389136 ] ] ], [ [ [ -9.149626666, 42.796880492 ], [ -9.149857062, 42.796616029 ], [ -9.149928838, 42.796846199 ], [ -9.149626666, 42.796880492 ] ] ], [ [ [ -9.150729516, 42.797154092 ], [ -9.150994016, 42.796986805 ], [ -9.1510222, 42.797147312 ], [ -9.150729516, 42.797154092 ] ] ], [ [ [ -9.148864569, 42.797083598 ], [ -9.148784215, 42.797258958 ], [ -9.148760486, 42.797143218 ], [ -9.148864569, 42.797083598 ] ] ], [ [ [ -9.150975101, 42.80134456 ], [ -9.151102341, 42.80151773 ], [ -9.151009522, 42.801567742 ], [ -9.150975101, 42.80134456 ] ] ], [ [ [ -9.151262257, 42.802265234 ], [ -9.151336684, 42.802153203 ], [ -9.151358639, 42.802251036 ], [ -9.151262257, 42.802265234 ] ] ], [ [ [ -9.14357967, 42.803930446 ], [ -9.143198567, 42.804031983 ], [ -9.143607579, 42.80285776 ], [ -9.14357967, 42.803930446 ] ] ], [ [ [ -9.142932528, 42.804307353 ], [ -9.142766448, 42.804235282 ], [ -9.142894868, 42.804174358 ], [ -9.142932528, 42.804307353 ] ] ], [ [ [ -9.150330545, 42.803467665 ], [ -9.151340569, 42.80551056 ], [ -9.149769596, 42.805694278 ], [ -9.150330545, 42.803467665 ] ] ], [ [ [ -9.142669999, 42.805725729 ], [ -9.141343649, 42.806157202 ], [ -9.141684193, 42.805031679 ], [ -9.142669999, 42.805725729 ] ] ], [ [ [ -9.139645582, 42.807400801 ], [ -9.139004105, 42.806850223 ], [ -9.13977109, 42.806817948 ], [ -9.139645582, 42.807400801 ] ] ], [ [ [ -9.1491976, 42.807318382 ], [ -9.149184524, 42.806941023 ], [ -9.149561791, 42.807046707 ], [ -9.1491976, 42.807318382 ] ] ], [ [ [ -9.150679043, 42.807094491 ], [ -9.150488935, 42.807149749 ], [ -9.150564259, 42.807046671 ], [ -9.150679043, 42.807094491 ] ] ], [ [ [ -9.129680426, 42.80812572 ], [ -9.128763666, 42.808003947 ], [ -9.129050559, 42.807691482 ], [ -9.129680426, 42.80812572 ] ] ], [ [ [ -9.137381599, 42.808116728 ], [ -9.138403215, 42.809664034 ], [ -9.137239417, 42.809024531 ], [ -9.137381599, 42.808116728 ] ] ], [ [ [ -9.12918227, 42.808773593 ], [ -9.129365214, 42.809015807 ], [ -9.129053202, 42.808951558 ], [ -9.12918227, 42.808773593 ] ] ], [ [ [ -9.148555355, 42.810080462 ], [ -9.148727691, 42.810215197 ], [ -9.148494856, 42.810209744 ], [ -9.148555355, 42.810080462 ] ] ], [ [ [ -9.148367039, 42.810522685 ], [ -9.148698942, 42.810540802 ], [ -9.148674035, 42.810659164 ], [ -9.148367039, 42.810522685 ] ] ], [ [ [ -9.145111205, 42.81134623 ], [ -9.14508303, 42.811554783 ], [ -9.144994045, 42.811397549 ], [ -9.145111205, 42.81134623 ] ] ], [ [ [ -9.148858917, 42.812026432 ], [ -9.149128826, 42.811912866 ], [ -9.149156126, 42.812064421 ], [ -9.148858917, 42.812026432 ] ] ], [ [ [ -9.1469018, 42.810295596 ], [ -9.14760675, 42.814434317 ], [ -9.145679868, 42.814115071 ], [ -9.1469018, 42.810295596 ] ] ], [ [ [ -9.145209433, 42.814671505 ], [ -9.145097606, 42.814776546 ], [ -9.144989633, 42.814674344 ], [ -9.145209433, 42.814671505 ] ] ], [ [ [ -9.144846069, 42.814952123 ], [ -9.144886706, 42.81486892 ], [ -9.144934761, 42.814983351 ], [ -9.144846069, 42.814952123 ] ] ], [ [ [ -9.145745166, 42.815632812 ], [ -9.145267279, 42.814884425 ], [ -9.145505164, 42.814448538 ], [ -9.145745166, 42.815632812 ] ] ], [ [ [ -9.146781559, 42.81486585 ], [ -9.146185349, 42.815141016 ], [ -9.146383182, 42.814671279 ], [ -9.146781559, 42.81486585 ] ] ], [ [ [ -9.143527551, 42.815833278 ], [ -9.143809056, 42.815467057 ], [ -9.143898045, 42.815624292 ], [ -9.143527551, 42.815833278 ] ] ], [ [ [ -9.147289433, 42.815792645 ], [ -9.14714853, 42.815728225 ], [ -9.147306633, 42.815719705 ], [ -9.147289433, 42.815792645 ] ] ], [ [ [ -9.145614656, 42.81591889 ], [ -9.145372308, 42.815940948 ], [ -9.145550876, 42.8157693 ], [ -9.145614656, 42.81591889 ] ] ], [ [ [ -9.144070685, 42.81588504 ], [ -9.14420328, 42.816111938 ], [ -9.144080771, 42.816109535 ], [ -9.144070685, 42.81588504 ] ] ], [ [ [ -9.147317055, 42.816439266 ], [ -9.147315578, 42.816547364 ], [ -9.147140858, 42.816511772 ], [ -9.147317055, 42.816439266 ] ] ], [ [ [ -9.145416823, 42.816757689 ], [ -9.145389229, 42.816480128 ], [ -9.145714643, 42.816678634 ], [ -9.145416823, 42.816757689 ] ] ], [ [ [ -9.146396306, 42.816524887 ], [ -9.145797431, 42.817511316 ], [ -9.146072081, 42.816461342 ], [ -9.146396306, 42.816524887 ] ] ], [ [ [ -9.145172793, 42.820821525 ], [ -9.145243979, 42.820430624 ], [ -9.145405367, 42.820700977 ], [ -9.145172793, 42.820821525 ] ] ], [ [ [ -9.145935205, 42.820987485 ], [ -9.145735257, 42.820944249 ], [ -9.145874979, 42.82087371 ], [ -9.145935205, 42.820987485 ] ] ], [ [ [ -9.120100879, 42.838804318 ], [ -9.119897082, 42.838599215 ], [ -9.120346627, 42.838692115 ], [ -9.120100879, 42.838804318 ] ] ], [ [ [ -9.120066784, 42.839571281 ], [ -9.120033325, 42.839357038 ], [ -9.120244856, 42.839516719 ], [ -9.120066784, 42.839571281 ] ] ], [ [ [ -9.11975018, 42.840326396 ], [ -9.119810258, 42.839945107 ], [ -9.119914565, 42.840380588 ], [ -9.11975018, 42.840326396 ] ] ], [ [ [ -9.118007835, 42.840518879 ], [ -9.118009998, 42.840293724 ], [ -9.118128373, 42.840377391 ], [ -9.118007835, 42.840518879 ] ] ], [ [ [ -9.118123412, 42.840944756 ], [ -9.117922275, 42.840766511 ], [ -9.118247498, 42.840839083 ], [ -9.118123412, 42.840944756 ] ] ], [ [ [ -9.117454024, 42.842213874 ], [ -9.117669496, 42.842166311 ], [ -9.118151383, 42.8423385 ], [ -9.117454024, 42.842213874 ] ] ], [ [ [ -9.129601208, 42.842587932 ], [ -9.129494708, 42.842377618 ], [ -9.129733888, 42.842445779 ], [ -9.129601208, 42.842587932 ] ] ], [ [ [ -9.127896703, 42.843408643 ], [ -9.127741266, 42.843074935 ], [ -9.127829105, 42.84309722 ], [ -9.127896703, 42.843408643 ] ] ], [ [ [ -9.129407552, 42.84347149 ], [ -9.129149707, 42.843215299 ], [ -9.129476114, 42.843422798 ], [ -9.129407552, 42.84347149 ] ] ], [ [ [ -9.130989506, 42.844250622 ], [ -9.130739712, 42.843705951 ], [ -9.131190136, 42.844176827 ], [ -9.130989506, 42.844250622 ] ] ], [ [ [ -9.117995041, 42.844588278 ], [ -9.117909363, 42.844340829 ], [ -9.118215592, 42.844468429 ], [ -9.117995041, 42.844588278 ] ] ], [ [ [ -9.131240806, 42.844687192 ], [ -9.13139071, 42.844472099 ], [ -9.131553893, 42.844760378 ], [ -9.131240806, 42.844687192 ] ] ], [ [ [ -9.132068118, 42.845380847 ], [ -9.131835811, 42.844889248 ], [ -9.132089786, 42.845352678 ], [ -9.132068118, 42.845380847 ] ] ], [ [ [ -9.132636505, 42.84494522 ], [ -9.132280259, 42.845792516 ], [ -9.132383086, 42.844733805 ], [ -9.132636505, 42.84494522 ] ] ], [ [ [ -9.135489887, 42.84633104 ], [ -9.135355629, 42.847688494 ], [ -9.135309144, 42.846358765 ], [ -9.135489887, 42.84633104 ] ] ], [ [ [ -9.137747391, 42.848982064 ], [ -9.137588617, 42.848738564 ], [ -9.137697842, 42.848606665 ], [ -9.137747391, 42.848982064 ] ] ], [ [ [ -9.138616691, 42.849358357 ], [ -9.138874902, 42.849371465 ], [ -9.138748169, 42.849450298 ], [ -9.138616691, 42.849358357 ] ] ], [ [ [ -9.14049155, 42.850004569 ], [ -9.14027548, 42.849800164 ], [ -9.140463353, 42.849844059 ], [ -9.14049155, 42.850004569 ] ] ], [ [ [ -9.140198323, 42.852468775 ], [ -9.139672674, 42.851857961 ], [ -9.140357116, 42.852343207 ], [ -9.140198323, 42.852468775 ] ] ], [ [ [ -9.141140412, 42.853084171 ], [ -9.140411744, 42.853753509 ], [ -9.140694893, 42.852910123 ], [ -9.141140412, 42.853084171 ] ] ], [ [ [ -9.142272823, 42.854751492 ], [ -9.141526612, 42.854629646 ], [ -9.141823123, 42.854289625 ], [ -9.142272823, 42.854751492 ] ] ], [ [ [ -9.142927957, 42.855679376 ], [ -9.142918743, 42.855463835 ], [ -9.143069539, 42.855626743 ], [ -9.142927957, 42.855679376 ] ] ], [ [ [ -9.14285346, 42.855791407 ], [ -9.142992087, 42.85595497 ], [ -9.142407347, 42.856103481 ], [ -9.14285346, 42.855791407 ] ] ], [ [ [ -9.143784457, 42.857892632 ], [ -9.143603381, 42.857794367 ], [ -9.143533313, 42.857582104 ], [ -9.143784457, 42.857892632 ] ] ], [ [ [ -9.142843787, 42.857907291 ], [ -9.1431139, 42.857793726 ], [ -9.143115096, 42.857928685 ], [ -9.142843787, 42.857907291 ] ] ], [ [ [ -9.146113936, 42.859783476 ], [ -9.145899283, 42.859470987 ], [ -9.14609936, 42.859514216 ], [ -9.146113936, 42.859783476 ] ] ], [ [ [ -9.146296984, 42.861375887 ], [ -9.146489621, 42.861221481 ], [ -9.146433538, 42.861395533 ], [ -9.146296984, 42.861375887 ] ] ], [ [ [ -9.146568934, 42.861649281 ], [ -9.146514056, 42.861958291 ], [ -9.146468892, 42.861627668 ], [ -9.146568934, 42.861649281 ] ] ], [ [ [ -9.146828765, 42.862292391 ], [ -9.146511835, 42.863164617 ], [ -9.146522973, 42.862047826 ], [ -9.146828765, 42.862292391 ] ] ], [ [ [ -9.147408933, 42.863080263 ], [ -9.147004296, 42.862949045 ], [ -9.147551104, 42.862910572 ], [ -9.147408933, 42.863080263 ] ] ], [ [ [ -9.14698121, 42.863454375 ], [ -9.146901626, 42.863269632 ], [ -9.147043221, 42.863216993 ], [ -9.14698121, 42.863454375 ] ] ], [ [ [ -9.145820484, 42.865929338 ], [ -9.145626316, 42.865822781 ], [ -9.145937072, 42.865256942 ], [ -9.145820484, 42.865929338 ] ] ], [ [ [ -9.147725829, 42.866015687 ], [ -9.147035556, 42.865719834 ], [ -9.147003186, 42.865640565 ], [ -9.147725829, 42.866015687 ] ] ], [ [ [ -9.148046038, 42.867141623 ], [ -9.148257104, 42.867049232 ], [ -9.148151443, 42.867216955 ], [ -9.148046038, 42.867141623 ] ] ], [ [ [ -9.150834092, 42.870312869 ], [ -9.150208263, 42.87041863 ], [ -9.15085625, 42.869798586 ], [ -9.150834092, 42.870312869 ] ] ], [ [ [ -9.15125956, 42.870406943 ], [ -9.15121079, 42.87004051 ], [ -9.151423969, 42.870092024 ], [ -9.15125956, 42.870406943 ] ] ], [ [ [ -9.151709627, 42.871606878 ], [ -9.151581893, 42.871307715 ], [ -9.151761804, 42.871271006 ], [ -9.151709627, 42.871606878 ] ] ], [ [ [ -9.151195941, 42.872714767 ], [ -9.151305657, 42.872096746 ], [ -9.151576704, 42.871992111 ], [ -9.151195941, 42.872714767 ] ] ], [ [ [ -9.151204383, 42.87329041 ], [ -9.151623468, 42.873933921 ], [ -9.150941202, 42.874087738 ], [ -9.151204383, 42.87329041 ] ] ], [ [ [ -9.146845577, 42.877693122 ], [ -9.146918878, 42.87744613 ], [ -9.147005306, 42.877576495 ], [ -9.146845577, 42.877693122 ] ] ], [ [ [ -9.148311445, 42.878892329 ], [ -9.147506989, 42.878557628 ], [ -9.148535294, 42.878682228 ], [ -9.148311445, 42.878892329 ] ] ], [ [ [ -9.148473063, 42.880881959 ], [ -9.148591488, 42.880596527 ], [ -9.148674354, 42.880691076 ], [ -9.148473063, 42.880881959 ] ] ], [ [ [ -9.142020014, 42.882822931 ], [ -9.141876863, 42.882614603 ], [ -9.141990005, 42.882644516 ], [ -9.142020014, 42.882822931 ] ] ], [ [ [ -9.147853713, 42.882895686 ], [ -9.148038695, 42.882786697 ], [ -9.147922049, 42.883090036 ], [ -9.147853713, 42.882895686 ] ] ], [ [ [ -9.14201439, 42.883012267 ], [ -9.141875729, 42.883217768 ], [ -9.141856112, 42.88302079 ], [ -9.14201439, 42.883012267 ] ] ], [ [ [ -9.147211245, 42.883695447 ], [ -9.147494525, 42.883590163 ], [ -9.147198497, 42.883813154 ], [ -9.147211245, 42.883695447 ] ] ], [ [ [ -9.144902727, 42.883990879 ], [ -9.144111692, 42.884528582 ], [ -9.144862003, 42.883705024 ], [ -9.144902727, 42.883990879 ] ] ], [ [ [ -9.141825071, 42.884552726 ], [ -9.14200057, 42.884471262 ], [ -9.141927826, 42.884601201 ], [ -9.141825071, 42.884552726 ] ] ], [ [ [ -9.143748592, 42.892064439 ], [ -9.143858448, 42.891815479 ], [ -9.143940746, 42.892027083 ], [ -9.143748592, 42.892064439 ] ] ], [ [ [ -9.151880693, 43.194682867 ], [ -9.15152734, 43.194350876 ], [ -9.151980091, 43.194326437 ], [ -9.151880693, 43.194682867 ] ] ], [ [ [ -9.145113677, 43.195290983 ], [ -9.144557739, 43.195023902 ], [ -9.144699171, 43.194962267 ], [ -9.145113677, 43.195290983 ] ] ], [ [ [ -9.119931017, 43.196294946 ], [ -9.119800558, 43.196220936 ], [ -9.119832781, 43.196174197 ], [ -9.119931017, 43.196294946 ] ] ], [ [ [ -9.118038758, 43.196810617 ], [ -9.118093994, 43.196870664 ], [ -9.11794714, 43.196878547 ], [ -9.118038758, 43.196810617 ] ] ], [ [ [ -9.134349275, 43.197014085 ], [ -9.133779515, 43.19709876 ], [ -9.133881187, 43.19688625 ], [ -9.134349275, 43.197014085 ] ] ], [ [ [ -9.135197459, 43.197373505 ], [ -9.135007762, 43.197077659 ], [ -9.135386056, 43.197291339 ], [ -9.135197459, 43.197373505 ] ] ], [ [ [ -9.137551611, 43.197903875 ], [ -9.136958434, 43.197755784 ], [ -9.136882997, 43.197372774 ], [ -9.137551611, 43.197903875 ] ] ], [ [ [ -9.13638581, 43.198056666 ], [ -9.136605138, 43.197423742 ], [ -9.137065712, 43.197966047 ], [ -9.13638581, 43.198056666 ] ] ], [ [ [ -9.125092729, 43.197953016 ], [ -9.124792935, 43.197663071 ], [ -9.125289087, 43.197825441 ], [ -9.125092729, 43.197953016 ] ] ], [ [ [ -9.137969397, 43.198754537 ], [ -9.137781856, 43.198602607 ], [ -9.137884789, 43.19852505 ], [ -9.137969397, 43.198754537 ] ] ], [ [ [ -9.137444233, 43.198548775 ], [ -9.137500233, 43.198860818 ], [ -9.137329433, 43.198752994 ], [ -9.137444233, 43.198548775 ] ] ], [ [ [ -9.135306438, 43.199068953 ], [ -9.135803686, 43.198997175 ], [ -9.135217539, 43.199163755 ], [ -9.135306438, 43.199068953 ] ] ], [ [ [ -9.137766605, 43.199062513 ], [ -9.13758251, 43.199189449 ], [ -9.137407206, 43.199036859 ], [ -9.137766605, 43.199062513 ] ] ], [ [ [ -9.117889459, 43.198880016 ], [ -9.117348566, 43.199989251 ], [ -9.117611475, 43.198561876 ], [ -9.117889459, 43.198880016 ] ] ], [ [ [ -9.117646212, 43.200135305 ], [ -9.117772755, 43.200047497 ], [ -9.117826198, 43.200089637 ], [ -9.117646212, 43.200135305 ] ] ], [ [ [ -9.13704543, 43.200577622 ], [ -9.136344256, 43.20057937 ], [ -9.13601198, 43.199967143 ], [ -9.13704543, 43.200577622 ] ] ], [ [ [ -9.047748481, 42.505002707 ], [ -9.048170431, 42.5052144 ], [ -9.047791752, 42.50519845 ], [ -9.047748481, 42.505002707 ] ] ], [ [ [ -9.05296567, 42.5066166 ], [ -9.052427143, 42.5069602 ], [ -9.052397732, 42.50690775 ], [ -9.05296567, 42.5066166 ] ] ], [ [ [ -9.05463529, 42.507023169 ], [ -9.054383877, 42.507567592 ], [ -9.054234128, 42.507026436 ], [ -9.05463529, 42.507023169 ] ] ], [ [ [ -9.048537501, 42.507373336 ], [ -9.048626593, 42.507539647 ], [ -9.048518523, 42.507554373 ], [ -9.048537501, 42.507373336 ] ] ], [ [ [ -9.052333099, 42.507622299 ], [ -9.052477442, 42.507479625 ], [ -9.052793919, 42.507606875 ], [ -9.052333099, 42.507622299 ] ] ], [ [ [ -9.050870347, 42.508095889 ], [ -9.051073481, 42.507932098 ], [ -9.051095123, 42.508029969 ], [ -9.050870347, 42.508095889 ] ] ], [ [ [ -9.047608253, 42.508205691 ], [ -9.047730079, 42.507830175 ], [ -9.04782613, 42.508194152 ], [ -9.047608253, 42.508205691 ] ] ], [ [ [ -9.051160014, 42.50819756 ], [ -9.051009596, 42.508277543 ], [ -9.051058845, 42.508157913 ], [ -9.051160014, 42.50819756 ] ] ], [ [ [ -9.051824983, 42.508531383 ], [ -9.052138788, 42.508379728 ], [ -9.051808579, 42.508613267 ], [ -9.051824983, 42.508531383 ] ] ], [ [ [ -9.048172242, 42.509382031 ], [ -9.050635471, 42.509188523 ], [ -9.049244649, 42.510531434 ], [ -9.048172242, 42.509382031 ] ] ], [ [ [ -9.047047286, 42.508946524 ], [ -9.047224465, 42.508640089 ], [ -9.047323926, 42.508787849 ], [ -9.047047286, 42.508946524 ] ] ], [ [ [ -9.04509681, 42.509409861 ], [ -9.045193623, 42.509278714 ], [ -9.045225628, 42.509358034 ], [ -9.04509681, 42.509409861 ] ] ], [ [ [ -9.047760718, 42.509529849 ], [ -9.047975161, 42.509608507 ], [ -9.047837707, 42.509696801 ], [ -9.047760718, 42.509529849 ] ] ], [ [ [ -9.04494654, 42.510371983 ], [ -9.044854877, 42.510304823 ], [ -9.044946517, 42.510245963 ], [ -9.04494654, 42.510371983 ] ] ], [ [ [ -9.044751244, 42.510994429 ], [ -9.04433013, 42.510791681 ], [ -9.044626664, 42.510586951 ], [ -9.044751244, 42.510994429 ] ] ], [ [ [ -9.046894607, 42.510637903 ], [ -9.049210132, 42.510803309 ], [ -9.049358276, 42.511956664 ], [ -9.046894607, 42.510637903 ] ] ], [ [ [ -9.04713765, 42.5110121 ], [ -9.046957811, 42.511039627 ], [ -9.046984593, 42.510939191 ], [ -9.04713765, 42.5110121 ] ] ], [ [ [ -9.045876968, 42.510808809 ], [ -9.046341488, 42.511837397 ], [ -9.045504439, 42.511485648 ], [ -9.045876968, 42.510808809 ] ] ], [ [ [ -9.047179357, 42.511946055 ], [ -9.046896528, 42.511537959 ], [ -9.047386008, 42.511944112 ], [ -9.047179357, 42.511946055 ] ] ], [ [ [ -9.046764268, 42.511679986 ], [ -9.046842124, 42.511855895 ], [ -9.046671761, 42.511729893 ], [ -9.046764268, 42.511679986 ] ] ], [ [ [ -9.045387794, 42.511914897 ], [ -9.04483183, 42.511953332 ], [ -9.04499341, 42.511359675 ], [ -9.045387794, 42.511914897 ] ] ], [ [ [ -9.04575785, 42.511841295 ], [ -9.045996484, 42.511792654 ], [ -9.045837411, 42.511909095 ], [ -9.04575785, 42.511841295 ] ] ], [ [ [ -9.048194469, 42.51200031 ], [ -9.048327593, 42.511867237 ], [ -9.048395052, 42.511935676 ], [ -9.048194469, 42.51200031 ] ] ], [ [ [ -9.0477311, 42.512366913 ], [ -9.047674822, 42.512036835 ], [ -9.047910913, 42.512213364 ], [ -9.0477311, 42.512366913 ] ] ], [ [ [ -9.04603634, 42.512204616 ], [ -9.046025994, 42.512349189 ], [ -9.045902344, 42.512328731 ], [ -9.04603634, 42.512204616 ] ] ], [ [ [ -9.047570656, 42.517749349 ], [ -9.047141801, 42.517970096 ], [ -9.047223856, 42.517560679 ], [ -9.047570656, 42.517749349 ] ] ], [ [ [ -9.048795969, 42.517711451 ], [ -9.048548742, 42.518048604 ], [ -9.048396501, 42.517858633 ], [ -9.048795969, 42.517711451 ] ] ], [ [ [ -9.045541137, 42.517775805 ], [ -9.046148311, 42.51839177 ], [ -9.045263714, 42.518555627 ], [ -9.045541137, 42.517775805 ] ] ], [ [ [ -9.048612772, 42.51820724 ], [ -9.048464993, 42.518566129 ], [ -9.048270332, 42.518189373 ], [ -9.048612772, 42.51820724 ] ] ], [ [ [ -9.04767205, 42.51867114 ], [ -9.04757523, 42.51880229 ], [ -9.047600279, 42.518683943 ], [ -9.04767205, 42.51867114 ] ] ], [ [ [ -9.054307962, 42.520848923 ], [ -9.054446164, 42.520391517 ], [ -9.054640824, 42.52064224 ], [ -9.054307962, 42.520848923 ] ] ], [ [ [ -9.044420041, 42.524676354 ], [ -9.044631935, 42.524728148 ], [ -9.044545474, 42.524840744 ], [ -9.044420041, 42.524676354 ] ] ], [ [ [ -9.044761676, 42.524811296 ], [ -9.044753928, 42.524982736 ], [ -9.044675216, 42.524923892 ], [ -9.044761676, 42.524811296 ] ] ], [ [ [ -9.052950809, 42.525052594 ], [ -9.052762214, 42.524864557 ], [ -9.0530087, 42.524896498 ], [ -9.052950809, 42.525052594 ] ] ], [ [ [ -9.046779333, 42.531950734 ], [ -9.046630589, 42.532048626 ], [ -9.046615012, 42.532013445 ], [ -9.046779333, 42.531950734 ] ] ], [ [ [ -9.044723453, 42.532212616 ], [ -9.044750244, 42.532112181 ], [ -9.044807348, 42.532199173 ], [ -9.044723453, 42.532212616 ] ] ], [ [ [ -9.045365427, 42.533060783 ], [ -9.045052353, 42.533221384 ], [ -9.044907016, 42.533103056 ], [ -9.045365427, 42.533060783 ] ] ], [ [ [ -9.047716825, 42.534844597 ], [ -9.047471101, 42.534569562 ], [ -9.047767796, 42.534616858 ], [ -9.047716825, 42.534844597 ] ] ], [ [ [ -9.049950575, 42.536166513 ], [ -9.050265464, 42.53627585 ], [ -9.04989697, 42.536241366 ], [ -9.049950575, 42.536166513 ] ] ], [ [ [ -9.092760496, 42.558509316 ], [ -9.09300376, 42.558631357 ], [ -9.092769242, 42.558598865 ], [ -9.092760496, 42.558509316 ] ] ], [ [ [ -9.074231032, 42.565662705 ], [ -9.073923214, 42.566003138 ], [ -9.073890075, 42.565662841 ], [ -9.074231032, 42.565662705 ] ] ], [ [ [ -9.080093505, 42.566214805 ], [ -9.080336779, 42.566336873 ], [ -9.080130829, 42.566347841 ], [ -9.080093505, 42.566214805 ] ] ], [ [ [ -9.080342124, 42.566516619 ], [ -9.080478986, 42.566671359 ], [ -9.080275547, 42.566583176 ], [ -9.080342124, 42.566516619 ] ] ], [ [ [ -9.048348601, 42.566739777 ], [ -9.048378086, 42.566918248 ], [ -9.048130564, 42.566877351 ], [ -9.048348601, 42.566739777 ] ] ], [ [ [ -9.04663384, 42.571034364 ], [ -9.04595422, 42.570305218 ], [ -9.046269204, 42.570162515 ], [ -9.04663384, 42.571034364 ] ] ], [ [ [ -9.070670215, 42.572117203 ], [ -9.070988541, 42.571884238 ], [ -9.071094187, 42.571968635 ], [ -9.070670215, 42.572117203 ] ] ], [ [ [ -9.067681183, 42.572564156 ], [ -9.06795994, 42.572675362 ], [ -9.067941808, 42.572739337 ], [ -9.067681183, 42.572564156 ] ] ], [ [ [ -9.090129125, 42.572962175 ], [ -9.090295992, 42.572800247 ], [ -9.090332469, 42.572924323 ], [ -9.090129125, 42.572962175 ] ] ], [ [ [ -9.067529149, 42.573004312 ], [ -9.067604545, 42.573153332 ], [ -9.067504128, 42.573122663 ], [ -9.067529149, 42.573004312 ] ] ], [ [ [ -9.065773547, 42.573736717 ], [ -9.065735535, 42.573846756 ], [ -9.065647235, 42.573815441 ], [ -9.065773547, 42.573736717 ] ] ], [ [ [ -9.092521368, 42.573887719 ], [ -9.092651008, 42.573718773 ], [ -9.092678874, 42.573879314 ], [ -9.092521368, 42.573887719 ] ] ], [ [ [ -9.091827792, 42.574392811 ], [ -9.091964302, 42.574169489 ], [ -9.092173907, 42.574320332 ], [ -9.091827792, 42.574392811 ] ] ], [ [ [ -9.066544669, 42.575027979 ], [ -9.06647205, 42.57515786 ], [ -9.066412257, 42.575044017 ], [ -9.066544669, 42.575027979 ] ] ], [ [ [ -9.093174021, 42.575581186 ], [ -9.093079852, 42.575739238 ], [ -9.09295943, 42.575628645 ], [ -9.093174021, 42.575581186 ] ] ], [ [ [ -9.09478364, 42.57697152 ], [ -9.094947739, 42.576656707 ], [ -9.095063929, 42.576848538 ], [ -9.09478364, 42.57697152 ] ] ], [ [ [ -9.092110747, 42.576790128 ], [ -9.092362836, 42.577001714 ], [ -9.092085772, 42.57690848 ], [ -9.092110747, 42.576790128 ] ] ], [ [ [ -9.091894667, 42.577071704 ], [ -9.091926033, 42.577268065 ], [ -9.09177101, 42.57717732 ], [ -9.091894667, 42.577071704 ] ] ], [ [ [ -9.091823035, 42.5780837 ], [ -9.092054869, 42.577963311 ], [ -9.092001419, 42.578164197 ], [ -9.091823035, 42.5780837 ] ] ], [ [ [ -9.089480256, 42.578289701 ], [ -9.089464023, 42.578497603 ], [ -9.089340591, 42.577982096 ], [ -9.089480256, 42.578289701 ] ] ], [ [ [ -9.082020705, 42.578858373 ], [ -9.082259667, 42.578935658 ], [ -9.082206071, 42.579010526 ], [ -9.082020705, 42.578858373 ] ] ], [ [ [ -9.086770194, 42.579100337 ], [ -9.087061753, 42.578967772 ], [ -9.087068872, 42.579165426 ], [ -9.086770194, 42.579100337 ] ] ], [ [ [ -9.081540841, 42.579433032 ], [ -9.081846505, 42.579569776 ], [ -9.081500234, 42.579516209 ], [ -9.081540841, 42.579433032 ] ] ], [ [ [ -9.082426729, 42.579898927 ], [ -9.082688067, 42.579830994 ], [ -9.082709911, 42.580054869 ], [ -9.082426729, 42.579898927 ] ] ], [ [ [ -9.078702852, 42.582680716 ], [ -9.078876977, 42.582842474 ], [ -9.078650995, 42.582773492 ], [ -9.078702852, 42.582680716 ] ] ], [ [ [ -9.078408743, 42.582912413 ], [ -9.078435707, 42.583064004 ], [ -9.078311034, 42.583034636 ], [ -9.078408743, 42.582912413 ] ] ], [ [ [ -9.077914775, 42.587340482 ], [ -9.078028869, 42.587136373 ], [ -9.078141539, 42.587292402 ], [ -9.077914775, 42.587340482 ] ] ], [ [ [ -9.07737718, 42.587324093 ], [ -9.077195503, 42.587459787 ], [ -9.077193651, 42.58731586 ], [ -9.07737718, 42.587324093 ] ] ], [ [ [ -9.077801408, 42.590425056 ], [ -9.07813027, 42.590299528 ], [ -9.078094894, 42.590436435 ], [ -9.077801408, 42.590425056 ] ] ], [ [ [ -9.080161027, 42.592009708 ], [ -9.080020072, 42.592188245 ], [ -9.079935122, 42.592066747 ], [ -9.080161027, 42.592009708 ] ] ], [ [ [ -9.080440007, 42.592246893 ], [ -9.080743874, 42.59223971 ], [ -9.080706755, 42.592358707 ], [ -9.080440007, 42.592246893 ] ] ], [ [ [ -9.080851734, 42.596590725 ], [ -9.079850629, 42.596319989 ], [ -9.080658334, 42.596231962 ], [ -9.080851734, 42.596590725 ] ] ], [ [ [ -9.082160825, 42.597520161 ], [ -9.081662009, 42.597402711 ], [ -9.081640273, 42.597304851 ], [ -9.082160825, 42.597520161 ] ] ], [ [ [ -9.081564287, 42.597524937 ], [ -9.081394713, 42.597659993 ], [ -9.081393722, 42.597525022 ], [ -9.081564287, 42.597524937 ] ] ], [ [ [ -9.07643738, 42.599049166 ], [ -9.076501158, 42.598703711 ], [ -9.076664954, 42.598884025 ], [ -9.07643738, 42.599049166 ] ] ], [ [ [ -9.0719437, 42.599072232 ], [ -9.072237131, 42.598957607 ], [ -9.072266709, 42.599136065 ], [ -9.0719437, 42.599072232 ] ] ], [ [ [ -9.077515288, 42.599981959 ], [ -9.077469534, 42.600137422 ], [ -9.077348211, 42.600017859 ], [ -9.077515288, 42.599981959 ] ] ], [ [ [ -9.077258229, 42.600094662 ], [ -9.077123256, 42.600209866 ], [ -9.077114521, 42.600120315 ], [ -9.077258229, 42.600094662 ] ] ], [ [ [ -9.062779543, 42.609821136 ], [ -9.062890235, 42.609581215 ], [ -9.062939683, 42.609713613 ], [ -9.062779543, 42.609821136 ] ] ], [ [ [ -9.063829145, 42.609837398 ], [ -9.063707826, 42.60971782 ], [ -9.063881915, 42.60975358 ], [ -9.063829145, 42.609837398 ] ] ], [ [ [ -9.064321935, 42.609892234 ], [ -9.064609327, 42.609714937 ], [ -9.064657034, 42.609829423 ], [ -9.064321935, 42.609892234 ] ] ], [ [ [ -9.06325585, 42.609831844 ], [ -9.063082715, 42.609931056 ], [ -9.063048877, 42.609833836 ], [ -9.06325585, 42.609831844 ] ] ], [ [ [ -9.059599932, 42.611835299 ], [ -9.059878708, 42.611694477 ], [ -9.060040831, 42.611982924 ], [ -9.059599932, 42.611835299 ] ] ], [ [ [ -9.062908854, 42.619409992 ], [ -9.062407267, 42.619265602 ], [ -9.062942529, 42.619255176 ], [ -9.062908854, 42.619409992 ] ] ], [ [ [ -9.064941736, 42.619509036 ], [ -9.063783887, 42.619759583 ], [ -9.063609683, 42.619597806 ], [ -9.064941736, 42.619509036 ] ] ], [ [ [ -9.060352359, 42.619941822 ], [ -9.061797918, 42.61989207 ], [ -9.061006511, 42.620276156 ], [ -9.060352359, 42.619941822 ] ] ], [ [ [ -9.057455624, 42.692711773 ], [ -9.057364711, 42.692905633 ], [ -9.057334316, 42.692844235 ], [ -9.057455624, 42.692711773 ] ] ], [ [ [ -9.057585157, 42.693163982 ], [ -9.057266898, 42.693153869 ], [ -9.057521746, 42.693014319 ], [ -9.057585157, 42.693163982 ] ] ], [ [ [ -9.081497117, 42.732588519 ], [ -9.081662504, 42.733029785 ], [ -9.081291063, 42.732977569 ], [ -9.081497117, 42.732588519 ] ] ], [ [ [ -9.082687407, 42.733146187 ], [ -9.082918929, 42.733016824 ], [ -9.082985815, 42.733076269 ], [ -9.082687407, 42.733146187 ] ] ], [ [ [ -9.082858953, 42.733650134 ], [ -9.082629458, 42.733302303 ], [ -9.083083296, 42.733323118 ], [ -9.082858953, 42.733650134 ] ] ], [ [ [ -9.081656374, 42.733714235 ], [ -9.081724567, 42.733413547 ], [ -9.082033818, 42.733703119 ], [ -9.081656374, 42.733714235 ] ] ], [ [ [ -9.081644675, 42.734092926 ], [ -9.081750638, 42.734177295 ], [ -9.081616138, 42.734175462 ], [ -9.081644675, 42.734092926 ] ] ], [ [ [ -9.091218748, 42.737704979 ], [ -9.091456085, 42.737386255 ], [ -9.091511886, 42.737581311 ], [ -9.091218748, 42.737704979 ] ] ], [ [ [ -9.086936363, 42.73774447 ], [ -9.087020843, 42.737983007 ], [ -9.086863637, 42.737874372 ], [ -9.086936363, 42.73774447 ] ] ], [ [ [ -9.089974513, 42.738464517 ], [ -9.090387546, 42.738442471 ], [ -9.090112708, 42.738628171 ], [ -9.089974513, 42.738464517 ] ] ], [ [ [ -9.091541272, 42.742602636 ], [ -9.09120267, 42.743133803 ], [ -9.091167494, 42.742154506 ], [ -9.091541272, 42.742602636 ] ] ], [ [ [ -9.110700712, 42.820810033 ], [ -9.110666647, 42.82071284 ], [ -9.110770153, 42.820770306 ], [ -9.110700712, 42.820810033 ] ] ], [ [ [ -9.11740493, 42.843323701 ], [ -9.11707831, 42.842990156 ], [ -9.117367928, 42.843073641 ], [ -9.11740493, 42.843323701 ] ] ], [ [ [ -9.079050227, 43.184233058 ], [ -9.078955656, 43.184148085 ], [ -9.079003709, 43.184136521 ], [ -9.079050227, 43.184233058 ] ] ], [ [ [ -9.081015269, 43.184695343 ], [ -9.081013737, 43.184803445 ], [ -9.08095498, 43.184707561 ], [ -9.081015269, 43.184695343 ] ] ], [ [ [ -9.082433654, 43.184979728 ], [ -9.082407652, 43.185089136 ], [ -9.082373365, 43.184991947 ], [ -9.082433654, 43.184979728 ] ] ], [ [ [ -9.077694461, 43.185565599 ], [ -9.07788797, 43.185285229 ], [ -9.078012364, 43.185422623 ], [ -9.077694461, 43.185565599 ] ] ], [ [ [ -9.08235259, 43.185524156 ], [ -9.082372857, 43.18560409 ], [ -9.082303645, 43.185526768 ], [ -9.08235259, 43.185524156 ] ] ], [ [ [ -9.083752516, 43.185746497 ], [ -9.083832815, 43.185688201 ], [ -9.083867106, 43.185785389 ], [ -9.083752516, 43.185746497 ] ] ], [ [ [ -9.083527679, 43.186082559 ], [ -9.083617797, 43.186122758 ], [ -9.083546163, 43.186144585 ], [ -9.083527679, 43.186082559 ] ] ], [ [ [ -9.076597714, 43.186164178 ], [ -9.076484262, 43.186260244 ], [ -9.076455331, 43.186216778 ], [ -9.076597714, 43.186164178 ] ] ], [ [ [ -9.083007121, 43.186290377 ], [ -9.083217562, 43.186180127 ], [ -9.08324497, 43.186331693 ], [ -9.083007121, 43.186290377 ] ] ], [ [ [ -9.084571497, 43.186557942 ], [ -9.084591879, 43.186268799 ], [ -9.084695127, 43.186317297 ], [ -9.084571497, 43.186557942 ] ] ], [ [ [ -9.075616182, 43.186684592 ], [ -9.075628661, 43.186809951 ], [ -9.075560346, 43.186741579 ], [ -9.075616182, 43.186684592 ] ] ], [ [ [ -9.089112222, 43.187188613 ], [ -9.089102935, 43.187342138 ], [ -9.089019689, 43.187247566 ], [ -9.089112222, 43.187188613 ] ] ], [ [ [ -9.100187269, 43.188207696 ], [ -9.100407218, 43.18843897 ], [ -9.100204566, 43.188503827 ], [ -9.100187269, 43.188207696 ] ] ], [ [ [ -9.087915175, 43.188260748 ], [ -9.087682049, 43.188390222 ], [ -9.087753417, 43.188242383 ], [ -9.087915175, 43.188260748 ] ] ], [ [ [ -9.088256916, 43.189466725 ], [ -9.088438954, 43.189565022 ], [ -9.088324623, 43.189652144 ], [ -9.088256916, 43.189466725 ] ] ], [ [ [ -9.093550991, 43.189507869 ], [ -9.093683195, 43.18959982 ], [ -9.093498747, 43.189600679 ], [ -9.093550991, 43.189507869 ] ] ], [ [ [ -9.092894944, 43.189713974 ], [ -9.092579464, 43.189757844 ], [ -9.092675633, 43.18936563 ], [ -9.092894944, 43.189713974 ] ] ], [ [ [ -9.093102079, 43.189693899 ], [ -9.09326412, 43.189838265 ], [ -9.093063858, 43.189803963 ], [ -9.093102079, 43.189693899 ] ] ], [ [ [ -9.100638791, 43.189155712 ], [ -9.10082618, 43.19041492 ], [ -9.100477322, 43.189263373 ], [ -9.100638791, 43.189155712 ] ] ], [ [ [ -9.089211863, 43.190036828 ], [ -9.089380151, 43.190243878 ], [ -9.089147374, 43.19013029 ], [ -9.089211863, 43.190036828 ] ] ], [ [ [ -9.09053938, 43.190271955 ], [ -9.090505969, 43.190183723 ], [ -9.090575197, 43.190261039 ], [ -9.09053938, 43.190271955 ] ] ], [ [ [ -9.089238936, 43.190431457 ], [ -9.089175341, 43.190533873 ], [ -9.08911177, 43.190371297 ], [ -9.089238936, 43.190431457 ] ] ], [ [ [ -9.089071189, 43.190476425 ], [ -9.088992675, 43.190552633 ], [ -9.088995979, 43.19046244 ], [ -9.089071189, 43.190476425 ] ] ], [ [ [ -9.102433692, 43.190742939 ], [ -9.10240892, 43.190618242 ], [ -9.102543526, 43.190611034 ], [ -9.102433692, 43.190742939 ] ] ], [ [ [ -9.102699622, 43.190818717 ], [ -9.102631274, 43.190750363 ], [ -9.102704696, 43.190746432 ], [ -9.102699622, 43.190818717 ] ] ], [ [ [ -9.089893685, 43.190828556 ], [ -9.09015603, 43.190868548 ], [ -9.090049468, 43.190910249 ], [ -9.089893685, 43.190828556 ] ] ], [ [ [ -9.101940033, 43.190850385 ], [ -9.102007188, 43.190783777 ], [ -9.10197943, 43.19087528 ], [ -9.101940033, 43.190850385 ] ] ], [ [ [ -9.098976228, 43.19184618 ], [ -9.09907652, 43.191741794 ], [ -9.099094126, 43.191794862 ], [ -9.098976228, 43.19184618 ] ] ], [ [ [ -9.098719222, 43.192229002 ], [ -9.098572955, 43.192488876 ], [ -9.098622218, 43.192243194 ], [ -9.098719222, 43.192229002 ] ] ], [ [ [ -9.111705307, 43.192172494 ], [ -9.111376754, 43.192577185 ], [ -9.111324165, 43.192174929 ], [ -9.111705307, 43.192172494 ] ] ], [ [ [ -9.096086602, 43.193216001 ], [ -9.09613226, 43.193303576 ], [ -9.096085098, 43.193324102 ], [ -9.096086602, 43.193216001 ] ] ], [ [ [ -9.098283681, 43.193287501 ], [ -9.097143476, 43.193573546 ], [ -9.097348575, 43.193040475 ], [ -9.098283681, 43.193287501 ] ] ], [ [ [ -9.096462962, 43.193411911 ], [ -9.096619654, 43.193502548 ], [ -9.096401451, 43.193658247 ], [ -9.096462962, 43.193411911 ] ] ], [ [ [ -9.111427659, 43.193699666 ], [ -9.111234815, 43.193493966 ], [ -9.111431508, 43.19349242 ], [ -9.111427659, 43.193699666 ] ] ], [ [ [ -9.114242886, 43.193800719 ], [ -9.114087964, 43.193728015 ], [ -9.114231223, 43.193684323 ], [ -9.114242886, 43.193800719 ] ] ], [ [ [ -9.095950731, 43.193826382 ], [ -9.096093682, 43.194025775 ], [ -9.09581819, 43.193977498 ], [ -9.095950731, 43.193826382 ] ] ], [ [ [ -9.097349985, 43.194039588 ], [ -9.097144627, 43.194077579 ], [ -9.097352987, 43.193823387 ], [ -9.097349985, 43.194039588 ] ] ], [ [ [ -9.114841195, 43.194614778 ], [ -9.114344842, 43.194695417 ], [ -9.11453314, 43.194487278 ], [ -9.114841195, 43.194614778 ] ] ], [ [ [ -9.114644399, 43.195597518 ], [ -9.115684684, 43.197261022 ], [ -9.114879501, 43.197943345 ], [ -9.114644399, 43.195597518 ] ] ], [ [ [ -9.116424588, 43.197032281 ], [ -9.116000421, 43.196974029 ], [ -9.116152903, 43.196776811 ], [ -9.116424588, 43.197032281 ] ] ], [ [ [ -9.019492694, 42.459048231 ], [ -9.0196239, 42.459401379 ], [ -9.019352675, 42.459235642 ], [ -9.019492694, 42.459048231 ] ] ], [ [ [ -9.018915351, 42.459744777 ], [ -9.019188381, 42.459676378 ], [ -9.019127002, 42.459796634 ], [ -9.018915351, 42.459744777 ] ] ], [ [ [ -9.015162278, 42.464335303 ], [ -9.015311884, 42.463994364 ], [ -9.015362708, 42.464396759 ], [ -9.015162278, 42.464335303 ] ] ], [ [ [ -9.016657898, 42.464337529 ], [ -9.016533444, 42.464434102 ], [ -9.016448814, 42.464312539 ], [ -9.016657898, 42.464337529 ] ] ], [ [ [ -9.018848757, 42.470685234 ], [ -9.018858192, 42.470909777 ], [ -9.018603319, 42.470788185 ], [ -9.018848757, 42.470685234 ] ] ], [ [ [ -9.018679191, 42.471324283 ], [ -9.0188338, 42.471541175 ], [ -9.01871889, 42.47148422 ], [ -9.018679191, 42.471324283 ] ] ], [ [ [ -9.020436024, 42.474040182 ], [ -9.020534674, 42.473548895 ], [ -9.020575171, 42.473969835 ], [ -9.020436024, 42.474040182 ] ] ], [ [ [ -9.021596493, 42.474348065 ], [ -9.02142377, 42.473943099 ], [ -9.021689069, 42.473920109 ], [ -9.021596493, 42.474348065 ] ] ], [ [ [ -8.999359833, 42.468803222 ], [ -9.020367672, 42.474340838 ], [ -9.015605659, 42.485771784 ], [ -9.00404547, 42.471005411 ], [ -8.999359833, 42.468803222 ] ] ], [ [ [ -9.020675883, 42.475395781 ], [ -9.02106045, 42.475348501 ], [ -9.021126975, 42.475408005 ], [ -9.020675883, 42.475395781 ] ] ], [ [ [ -9.020729255, 42.479362673 ], [ -9.020661796, 42.479546262 ], [ -9.020513191, 42.479392067 ], [ -9.020729255, 42.479362673 ] ] ], [ [ [ -9.020458693, 42.479583974 ], [ -9.02062026, 42.479746487 ], [ -9.020335081, 42.479689508 ], [ -9.020458693, 42.479583974 ] ] ], [ [ [ -9.023587442, 42.481186313 ], [ -9.023421381, 42.480958066 ], [ -9.02369896, 42.481097479 ], [ -9.023587442, 42.481186313 ] ] ], [ [ [ -9.022562292, 42.481347033 ], [ -9.022666435, 42.481181562 ], [ -9.022727841, 42.481320527 ], [ -9.022562292, 42.481347033 ] ] ], [ [ [ -9.023466683, 42.481270687 ], [ -9.023769145, 42.481380756 ], [ -9.023313672, 42.481449788 ], [ -9.023466683, 42.481270687 ] ] ], [ [ [ -9.022106867, 42.481396362 ], [ -9.022405879, 42.48147061 ], [ -9.022175986, 42.481482733 ], [ -9.022106867, 42.481396362 ] ] ], [ [ [ -9.022541178, 42.481626629 ], [ -9.022763633, 42.48152602 ], [ -9.022823356, 42.481564346 ], [ -9.022541178, 42.481626629 ] ] ], [ [ [ -9.02510695, 42.481634239 ], [ -9.024951355, 42.481786474 ], [ -9.024941005, 42.481679001 ], [ -9.02510695, 42.481634239 ] ] ], [ [ [ -9.022351647, 42.481941603 ], [ -9.022566023, 42.481768268 ], [ -9.022500293, 42.48196977 ], [ -9.022351647, 42.481941603 ] ] ], [ [ [ -9.023026402, 42.481761018 ], [ -9.022929656, 42.481920175 ], [ -9.022839228, 42.481812366 ], [ -9.023026402, 42.481761018 ] ] ], [ [ [ -9.022806618, 42.482036795 ], [ -9.023066748, 42.482086087 ], [ -9.022898157, 42.482356025 ], [ -9.022806618, 42.482036795 ] ] ], [ [ [ -9.009376755, 42.483219236 ], [ -9.009360242, 42.483427142 ], [ -9.009258277, 42.483378498 ], [ -9.009376755, 42.483219236 ] ] ], [ [ [ -9.019281144, 42.484281872 ], [ -9.019609575, 42.484282564 ], [ -9.019512738, 42.484413691 ], [ -9.019281144, 42.484281872 ] ] ], [ [ [ -9.012862818, 42.48443998 ], [ -9.0131913, 42.484314664 ], [ -9.013262134, 42.484418953 ], [ -9.012862818, 42.48443998 ] ] ], [ [ [ -9.018706254, 42.484753251 ], [ -9.018879932, 42.484915128 ], [ -9.018750275, 42.484957968 ], [ -9.018706254, 42.484753251 ] ] ], [ [ [ -9.016584291, 42.485072109 ], [ -9.016840085, 42.485202657 ], [ -9.016732001, 42.485343377 ], [ -9.016584291, 42.485072109 ] ] ], [ [ [ -9.010797203, 42.486358053 ], [ -9.011044488, 42.486147001 ], [ -9.010868896, 42.486471301 ], [ -9.010797203, 42.486358053 ] ] ], [ [ [ -9.014700206, 42.487232733 ], [ -9.014309664, 42.486839229 ], [ -9.014779833, 42.486922484 ], [ -9.014700206, 42.487232733 ] ] ], [ [ [ -9.01195935, 42.487314057 ], [ -9.012020618, 42.487571878 ], [ -9.011846898, 42.487536016 ], [ -9.01195935, 42.487314057 ] ] ], [ [ [ -9.017645824, 42.487383596 ], [ -9.017951794, 42.487403478 ], [ -9.017795268, 42.487672774 ], [ -9.017645824, 42.487383596 ] ] ], [ [ [ -9.014998164, 42.487928166 ], [ -9.015321448, 42.48787513 ], [ -9.015219386, 42.488078542 ], [ -9.014998164, 42.487928166 ] ] ], [ [ [ -9.025320012, 42.488619858 ], [ -9.025611361, 42.488320078 ], [ -9.02570348, 42.488611475 ], [ -9.025320012, 42.488619858 ] ] ], [ [ [ -9.015143077, 42.488802691 ], [ -9.015125075, 42.48836256 ], [ -9.0154146, 42.488464329 ], [ -9.015143077, 42.488802691 ] ] ], [ [ [ -9.025507451, 42.489327477 ], [ -9.025772013, 42.488917447 ], [ -9.025906829, 42.489054359 ], [ -9.025507451, 42.489327477 ] ] ], [ [ [ -9.014597527, 42.489200493 ], [ -9.014577587, 42.489372574 ], [ -9.014481681, 42.489260605 ], [ -9.014597527, 42.489200493 ] ] ], [ [ [ -9.014517767, 42.489888817 ], [ -9.014614709, 42.489505643 ], [ -9.014737316, 42.489895256 ], [ -9.014517767, 42.489888817 ] ] ], [ [ [ -9.014464062, 42.490215704 ], [ -9.014410532, 42.490038491 ], [ -9.014485725, 42.490061535 ], [ -9.014464062, 42.490215704 ] ] ], [ [ [ -9.014093086, 42.490658319 ], [ -9.013497659, 42.490284604 ], [ -9.01437754, 42.490454303 ], [ -9.014093086, 42.490658319 ] ] ], [ [ [ -9.015442022, 42.491784479 ], [ -9.015570918, 42.491480636 ], [ -9.015569071, 42.491840798 ], [ -9.015442022, 42.491784479 ] ] ], [ [ [ -9.01745523, 42.491723414 ], [ -9.017488875, 42.491946681 ], [ -9.017366171, 42.491809122 ], [ -9.01745523, 42.491723414 ] ] ], [ [ [ -9.01798749, 42.492451499 ], [ -9.017842231, 42.492585177 ], [ -9.017831889, 42.492477703 ], [ -9.01798749, 42.492451499 ] ] ], [ [ [ -9.019336696, 42.492947491 ], [ -9.019124134, 42.492634637 ], [ -9.019613316, 42.492914906 ], [ -9.019336696, 42.492947491 ] ] ], [ [ [ -9.024958804, 42.492975067 ], [ -9.025149024, 42.49267698 ], [ -9.025236282, 42.492951425 ], [ -9.024958804, 42.492975067 ] ] ], [ [ [ -9.01872991, 42.492835447 ], [ -9.018764423, 42.49306767 ], [ -9.018627853, 42.493038861 ], [ -9.01872991, 42.492835447 ] ] ], [ [ [ -9.01988722, 42.49335955 ], [ -9.019689278, 42.493324976 ], [ -9.019868221, 42.493288538 ], [ -9.01988722, 42.49335955 ] ] ], [ [ [ -9.014816046, 42.497416457 ], [ -9.014585881, 42.498058694 ], [ -9.014631055, 42.497390195 ], [ -9.014816046, 42.497416457 ] ] ], [ [ [ -9.013334051, 42.498196638 ], [ -9.013261344, 42.498452513 ], [ -9.013190492, 42.498348224 ], [ -9.013334051, 42.498196638 ] ] ], [ [ [ -9.01490655, 42.498230837 ], [ -9.014408474, 42.498617137 ], [ -9.014370526, 42.498349087 ], [ -9.01490655, 42.498230837 ] ] ], [ [ [ -9.009077927, 42.49871775 ], [ -9.009214455, 42.498872594 ], [ -9.009038982, 42.498818817 ], [ -9.009077927, 42.49871775 ] ] ], [ [ [ -9.00998213, 42.498886201 ], [ -9.009331941, 42.49908245 ], [ -9.009426289, 42.498798434 ], [ -9.00998213, 42.498886201 ] ] ], [ [ [ -9.008979214, 42.505411148 ], [ -9.009055235, 42.505569177 ], [ -9.008905674, 42.505532039 ], [ -9.008979214, 42.505411148 ] ] ], [ [ [ -9.009463348, 42.505511692 ], [ -9.009585206, 42.505640303 ], [ -9.009404497, 42.505658815 ], [ -9.009463348, 42.505511692 ] ] ], [ [ [ -9.037184528, 42.506722913 ], [ -9.037385981, 42.506793277 ], [ -9.037341889, 42.506840616 ], [ -9.037184528, 42.506722913 ] ] ], [ [ [ -9.039401339, 42.506875737 ], [ -9.039315755, 42.506997284 ], [ -9.039276846, 42.506972337 ], [ -9.039401339, 42.506875737 ] ] ], [ [ [ -9.036897505, 42.507152161 ], [ -9.037038437, 42.507225724 ], [ -9.036930364, 42.507240439 ], [ -9.036897505, 42.507152161 ] ] ], [ [ [ -9.035558278, 42.508276139 ], [ -9.035725147, 42.508240314 ], [ -9.035806423, 42.508326034 ], [ -9.035558278, 42.508276139 ] ] ], [ [ [ -9.035664646, 42.508999645 ], [ -9.035671558, 42.508819248 ], [ -9.035784828, 42.508984291 ], [ -9.035664646, 42.508999645 ] ] ], [ [ [ -9.043983505, 42.511359125 ], [ -9.044166811, 42.511367425 ], [ -9.044128786, 42.511477457 ], [ -9.043983505, 42.511359125 ] ] ], [ [ [ -9.03743986, 42.511507258 ], [ -9.037236668, 42.511545006 ], [ -9.037184787, 42.511511742 ], [ -9.03743986, 42.511507258 ] ] ], [ [ [ -9.043336867, 42.512095473 ], [ -9.04342418, 42.511991834 ], [ -9.043440616, 42.512035972 ], [ -9.043336867, 42.512095473 ] ] ], [ [ [ -9.040622942, 42.514102401 ], [ -9.04068865, 42.514026912 ], [ -9.040704218, 42.514062095 ], [ -9.040622942, 42.514102401 ] ] ], [ [ [ -9.010157772, 42.514251722 ], [ -9.010300417, 42.514343231 ], [ -9.01020529, 42.514366242 ], [ -9.010157772, 42.514251722 ] ] ], [ [ [ -9.041549073, 42.514494481 ], [ -9.040698233, 42.514629511 ], [ -9.04150493, 42.514163758 ], [ -9.041549073, 42.514494481 ] ] ], [ [ [ -9.041593217, 42.514825204 ], [ -9.041646852, 42.515002398 ], [ -9.041491193, 42.514902615 ], [ -9.041593217, 42.514825204 ] ] ], [ [ [ -9.011692379, 42.515026088 ], [ -9.011670707, 42.515180257 ], [ -9.011605005, 42.515129706 ], [ -9.011692379, 42.515026088 ] ] ], [ [ [ -9.039611454, 42.515974224 ], [ -9.039733365, 42.515850756 ], [ -9.039760174, 42.515876342 ], [ -9.039611454, 42.515974224 ] ] ], [ [ [ -9.008194731, 42.516740464 ], [ -9.009904186, 42.517181595 ], [ -9.009191268, 42.518119279 ], [ -9.008194731, 42.516740464 ] ] ], [ [ [ -9.039711048, 42.517382205 ], [ -9.039696359, 42.517481999 ], [ -9.039532918, 42.517427633 ], [ -9.039711048, 42.517382205 ] ] ], [ [ [ -9.039477595, 42.517610591 ], [ -9.038726142, 42.517641332 ], [ -9.038873112, 42.517273496 ], [ -9.039477595, 42.517610591 ] ] ], [ [ [ -9.032256161, 42.517677256 ], [ -9.032333988, 42.517601132 ], [ -9.032360795, 42.517626721 ], [ -9.032256161, 42.517677256 ] ] ], [ [ [ -9.044067652, 42.517889815 ], [ -9.044303711, 42.517814309 ], [ -9.044123874, 42.517967854 ], [ -9.044067652, 42.517889815 ] ] ], [ [ [ -9.039120506, 42.518070555 ], [ -9.038964855, 42.51809679 ], [ -9.038943226, 42.517998916 ], [ -9.039120506, 42.518070555 ] ] ], [ [ [ -9.035631306, 42.518984167 ], [ -9.035597576, 42.518886933 ], [ -9.035711727, 42.518934908 ], [ -9.035631306, 42.518984167 ] ] ], [ [ [ -9.03516348, 42.519179925 ], [ -9.035435017, 42.519219582 ], [ -9.035401292, 42.519248369 ], [ -9.03516348, 42.519179925 ] ] ], [ [ [ -9.028271252, 42.520012076 ], [ -9.028178726, 42.519935946 ], [ -9.028305844, 42.519992247 ], [ -9.028271252, 42.520012076 ] ] ], [ [ [ -9.041996783, 42.524660581 ], [ -9.041719196, 42.524810292 ], [ -9.041734729, 42.524593432 ], [ -9.041996783, 42.524660581 ] ] ], [ [ [ -9.042628258, 42.525527323 ], [ -9.042148261, 42.525471709 ], [ -9.042846174, 42.525389768 ], [ -9.042628258, 42.525527323 ] ] ], [ [ [ -9.042775349, 42.525915608 ], [ -9.04254006, 42.525622006 ], [ -9.043021814, 42.52582155 ], [ -9.042775349, 42.525915608 ] ] ], [ [ [ -9.044204292, 42.531249926 ], [ -9.044366013, 42.531160351 ], [ -9.044394591, 42.531329868 ], [ -9.044204292, 42.531249926 ] ] ], [ [ [ -9.042175458, 42.532797557 ], [ -9.04234852, 42.533202471 ], [ -9.042048323, 42.532867295 ], [ -9.042175458, 42.532797557 ] ] ], [ [ [ -9.0430561, 42.533471079 ], [ -9.042842396, 42.53314933 ], [ -9.043119222, 42.533368721 ], [ -9.0430561, 42.533471079 ] ] ], [ [ [ -9.04418423, 42.534563569 ], [ -9.044313126, 42.53463776 ], [ -9.044205008, 42.534652485 ], [ -9.04418423, 42.534563569 ] ] ], [ [ [ -9.043493968, 42.534474084 ], [ -9.043350464, 42.534877749 ], [ -9.043333945, 42.534455549 ], [ -9.043493968, 42.534474084 ] ] ], [ [ [ -9.043270056, 42.535053035 ], [ -9.042742437, 42.535134968 ], [ -9.04295942, 42.534484372 ], [ -9.043270056, 42.535053035 ] ] ], [ [ [ -9.04119024, 42.560349556 ], [ -9.041339977, 42.560512664 ], [ -9.041270759, 42.560552333 ], [ -9.04119024, 42.560349556 ] ] ], [ [ [ -9.041365968, 42.560655315 ], [ -9.041438682, 42.56077749 ], [ -9.041213682, 42.560717382 ], [ -9.041365968, 42.560655315 ] ] ], [ [ [ -9.040965374, 42.560919555 ], [ -9.04094372, 42.560821683 ], [ -9.041112456, 42.560803753 ], [ -9.040965374, 42.560919555 ] ] ], [ [ [ -9.041417054, 42.560805639 ], [ -9.041366022, 42.560907357 ], [ -9.04132274, 42.560837635 ], [ -9.041417054, 42.560805639 ] ] ], [ [ [ -9.041919878, 42.561094088 ], [ -9.04190519, 42.561193883 ], [ -9.041838545, 42.561134399 ], [ -9.041919878, 42.561094088 ] ] ], [ [ [ -9.041568555, 42.561112679 ], [ -9.041456082, 42.561208647 ], [ -9.041507982, 42.561115885 ], [ -9.041568555, 42.561112679 ] ] ], [ [ [ -9.04125531, 42.561147258 ], [ -9.041195631, 42.56128544 ], [ -9.041119474, 42.561253463 ], [ -9.04125531, 42.561147258 ] ] ], [ [ [ -9.038852676, 42.563497767 ], [ -9.03884225, 42.563264276 ], [ -9.039051697, 42.563415227 ], [ -9.038852676, 42.563497767 ] ] ], [ [ [ -9.038552377, 42.563414632 ], [ -9.03841651, 42.563394813 ], [ -9.038536794, 42.56337945 ], [ -9.038552377, 42.563414632 ] ] ], [ [ [ -9.041831054, 42.66117004 ], [ -9.043990258, 42.661550812 ], [ -9.042827448, 42.662386525 ], [ -9.041831054, 42.66117004 ] ] ], [ [ [ -9.029140584, 42.702465711 ], [ -9.028991431, 42.702563607 ], [ -9.028958448, 42.702475333 ], [ -9.029140584, 42.702465711 ] ] ], [ [ [ -9.024998541, 42.707950452 ], [ -9.025172898, 42.707986256 ], [ -9.025064503, 42.708127004 ], [ -9.024998541, 42.707950452 ] ] ], [ [ [ -9.025848647, 42.708157615 ], [ -9.025951853, 42.708089154 ], [ -9.025960548, 42.708178712 ], [ -9.025848647, 42.708157615 ] ] ], [ [ [ -9.024239792, 42.70906171 ], [ -9.024449741, 42.709212657 ], [ -9.024215531, 42.709189014 ], [ -9.024239792, 42.70906171 ] ] ], [ [ [ -9.019024089, 42.710030048 ], [ -9.019048345, 42.709776721 ], [ -9.019111703, 42.710052432 ], [ -9.019024089, 42.710030048 ] ] ], [ [ [ -9.017860843, 42.780061689 ], [ -9.017895636, 42.780293898 ], [ -9.017727138, 42.780194764 ], [ -9.017860843, 42.780061689 ] ] ], [ [ [ -9.037336192, 43.205740955 ], [ -9.036489311, 43.206757999 ], [ -9.036046178, 43.206259366 ], [ -9.037336192, 43.205740955 ] ] ], [ [ [ -9.040866772, 43.211071955 ], [ -9.040822582, 43.211992475 ], [ -9.040220233, 43.210881177 ], [ -9.040866772, 43.211071955 ] ] ], [ [ [ -9.03925245, 43.213659988 ], [ -9.038667076, 43.21408708 ], [ -9.038598078, 43.213514624 ], [ -9.03925245, 43.213659988 ] ] ], [ [ [ -9.030218025, 43.216388768 ], [ -9.030310086, 43.216572934 ], [ -9.030195464, 43.21653399 ], [ -9.030218025, 43.216388768 ] ] ], [ [ [ -9.032681347, 43.216033371 ], [ -9.032653713, 43.21699802 ], [ -9.031465114, 43.216304778 ], [ -9.032681347, 43.216033371 ] ] ], [ [ [ -9.021506448, 43.21840664 ], [ -9.021618887, 43.218049631 ], [ -9.021797382, 43.218112215 ], [ -9.021506448, 43.21840664 ] ] ], [ [ [ -9.022080441, 43.21861036 ], [ -9.021886769, 43.218269524 ], [ -9.022259544, 43.218429864 ], [ -9.022080441, 43.21861036 ] ] ], [ [ [ -9.022542933, 43.218432893 ], [ -9.022628783, 43.218554382 ], [ -9.022503686, 43.218533986 ], [ -9.022542933, 43.218432893 ] ] ], [ [ [ -9.021662225, 43.218488428 ], [ -9.021820794, 43.218723097 ], [ -9.021611755, 43.21872514 ], [ -9.021662225, 43.218488428 ] ] ], [ [ [ -9.021073, 43.218753601 ], [ -9.020622337, 43.218552363 ], [ -9.020817227, 43.218407042 ], [ -9.021073, 43.218753601 ] ] ], [ [ [ -9.021165039, 43.218937776 ], [ -9.021163133, 43.218793849 ], [ -9.021300613, 43.218939616 ], [ -9.021165039, 43.218937776 ] ] ], [ [ [ -9.020323296, 43.220260489 ], [ -9.020390438, 43.220067906 ], [ -9.020505946, 43.220115815 ], [ -9.020457104, 43.22024442 ], [ -9.020323296, 43.220260489 ] ] ], [ [ [ -9.020997726, 43.222727356 ], [ -9.020970719, 43.222827802 ], [ -9.020832484, 43.222799097 ], [ -9.020997726, 43.222727356 ] ] ], [ [ [ -9.018861879, 43.222912179 ], [ -9.019050864, 43.222956209 ], [ -9.019122701, 43.223060437 ], [ -9.018861879, 43.222912179 ] ] ], [ [ [ -9.018436961, 43.223096649 ], [ -9.018498056, 43.222967398 ], [ -9.018671391, 43.223102273 ], [ -9.018436961, 43.223096649 ] ] ], [ [ [ -9.02121869, 43.223219783 ], [ -9.020663228, 43.223204116 ], [ -9.020795885, 43.222927056 ], [ -9.02121869, 43.223219783 ] ] ], [ [ [ -9.021857076, 43.223078035 ], [ -9.02202688, 43.223177085 ], [ -9.021912388, 43.22326415 ], [ -9.021857076, 43.223078035 ] ] ], [ [ [ -9.019734351, 43.223271182 ], [ -9.019796328, 43.223150886 ], [ -9.019855036, 43.223246805 ], [ -9.019734351, 43.223271182 ] ] ], [ [ [ -9.015734383, 43.223401356 ], [ -9.015514089, 43.223539007 ], [ -9.015511312, 43.223386124 ], [ -9.015734383, 43.223401356 ] ] ], [ [ [ -9.014869368, 43.223492017 ], [ -9.014940191, 43.223461274 ], [ -9.014933247, 43.223515651 ], [ -9.014869368, 43.223492017 ] ] ], [ [ [ -9.018583682, 43.223710024 ], [ -9.01874084, 43.223431672 ], [ -9.018646678, 43.223724701 ], [ -9.018583682, 43.223710024 ] ] ], [ [ [ -9.01536285, 43.223628006 ], [ -9.015367143, 43.223546763 ], [ -9.0154415, 43.22355184 ], [ -9.01536285, 43.223628006 ] ] ], [ [ [ -9.017333496, 43.223514982 ], [ -9.017188448, 43.223666668 ], [ -9.01730547, 43.223480454 ], [ -9.017333496, 43.223514982 ] ] ], [ [ [ -9.011169185, 43.225289543 ], [ -9.011053789, 43.225367643 ], [ -9.010997741, 43.225298585 ], [ -9.011169185, 43.225289543 ] ] ], [ [ [ -9.014359008, 43.228424921 ], [ -9.014337041, 43.22832706 ], [ -9.014411404, 43.228332138 ], [ -9.014359008, 43.228424921 ] ] ], [ [ [ -9.014305467, 43.229129885 ], [ -9.014409751, 43.22931342 ], [ -9.014258497, 43.229402417 ], [ -9.014305467, 43.229129885 ] ] ], [ [ [ -9.015363104, 43.229992252 ], [ -9.015497063, 43.230102205 ], [ -9.015287982, 43.230104238 ], [ -9.015363104, 43.229992252 ] ] ], [ [ [ -9.015796419, 43.230266441 ], [ -9.015835555, 43.230039331 ], [ -9.015952092, 43.230222217 ], [ -9.015796419, 43.230266441 ] ] ], [ [ [ -9.015113374, 43.231328694 ], [ -9.015294683, 43.23154417 ], [ -9.015426878, 43.231636213 ], [ -9.015113374, 43.231328694 ] ] ], [ [ [ -9.015722092, 43.232880881 ], [ -9.015738888, 43.233051028 ], [ -9.015650376, 43.23290267 ], [ -9.015722092, 43.232880881 ] ] ], [ [ [ -9.010642626, 43.233805998 ], [ -9.010881516, 43.233856412 ], [ -9.010788834, 43.23391531 ], [ -9.010642626, 43.233805998 ] ] ], [ [ [ -9.011570037, 43.233847103 ], [ -9.011715363, 43.23394746 ], [ -9.011611317, 43.23401596 ], [ -9.011570037, 43.233847103 ] ] ], [ [ [ -9.012370675, 43.233975905 ], [ -9.012540498, 43.234074968 ], [ -9.012250849, 43.234009232 ], [ -9.012370675, 43.233975905 ] ] ], [ [ [ -9.008930938, 43.234301333 ], [ -9.008827657, 43.234252768 ], [ -9.008971099, 43.234209198 ], [ -9.008930938, 43.234301333 ] ] ], [ [ [ -9.008535276, 43.235033334 ], [ -9.008933278, 43.234949339 ], [ -9.009289236, 43.234813548 ], [ -9.008881752, 43.235051075 ], [ -9.008535276, 43.235033334 ] ] ], [ [ [ -9.014383835, 43.234913897 ], [ -9.013810079, 43.235088201 ], [ -9.014400376, 43.234832008 ], [ -9.014383835, 43.234913897 ] ] ], [ [ [ -8.948316455, 42.366323995 ], [ -8.948974108, 42.367757038 ], [ -8.947746865, 42.367487871 ], [ -8.948316455, 42.366323995 ] ] ], [ [ [ -9.001689877, 42.466601415 ], [ -9.001522232, 42.466628228 ], [ -9.001690811, 42.466484344 ], [ -9.001689877, 42.466601415 ] ] ], [ [ [ -9.001958445, 42.46686635 ], [ -9.001809916, 42.466712127 ], [ -9.002039765, 42.466700047 ], [ -9.001958445, 42.46686635 ] ] ], [ [ [ -9.001353427, 42.467150192 ], [ -9.001063165, 42.467039423 ], [ -9.001586862, 42.466921885 ], [ -9.001353427, 42.467150192 ] ] ], [ [ [ -9.001690436, 42.467114478 ], [ -9.001921929, 42.467246338 ], [ -9.001693796, 42.467276331 ], [ -9.001690436, 42.467114478 ] ] ], [ [ [ -9.000070086, 42.46746067 ], [ -9.000171081, 42.467626395 ], [ -9.000015608, 42.467526544 ], [ -9.000070086, 42.46746067 ] ] ], [ [ [ -9.000629069, 42.467584328 ], [ -9.000628915, 42.467836381 ], [ -9.00057982, 42.467577914 ], [ -9.000629069, 42.467584328 ] ] ], [ [ [ -8.998737777, 42.468655867 ], [ -8.999032495, 42.46855937 ], [ -8.999006502, 42.468668755 ], [ -8.998737777, 42.468655867 ] ] ], [ [ [ -8.999510616, 42.470883679 ], [ -8.999451764, 42.471030797 ], [ -8.999371448, 42.470954002 ], [ -8.999510616, 42.470883679 ] ] ], [ [ [ -9.0002145, 42.471503817 ], [ -9.000085008, 42.471294582 ], [ -9.000479879, 42.471354849 ], [ -9.0002145, 42.471503817 ] ] ], [ [ [ -9.002800941, 42.471340885 ], [ -9.002722195, 42.471534059 ], [ -9.002674733, 42.471419532 ], [ -9.002800941, 42.471340885 ] ] ], [ [ [ -9.005902086, 42.476794845 ], [ -9.005766352, 42.476901001 ], [ -9.005800994, 42.476755153 ], [ -9.005902086, 42.476794845 ] ] ], [ [ [ -9.006130983, 42.47702585 ], [ -9.006061763, 42.47719152 ], [ -9.005962454, 42.477043715 ], [ -9.006130983, 42.47702585 ] ] ], [ [ [ -8.993469372, 42.485756557 ], [ -8.992744072, 42.485929647 ], [ -8.992517347, 42.485086388 ], [ -8.993469372, 42.485756557 ] ] ], [ [ [ -8.994562691, 42.487139431 ], [ -8.995040571, 42.487303379 ], [ -8.994692979, 42.487483656 ], [ -8.994562691, 42.487139431 ] ] ], [ [ [ -8.998279212, 42.487466367 ], [ -8.998077705, 42.487647983 ], [ -8.9981176, 42.487429848 ], [ -8.998279212, 42.487466367 ] ] ], [ [ [ -8.998787242, 42.487817749 ], [ -8.998520228, 42.487696751 ], [ -8.99871908, 42.487614292 ], [ -8.998787242, 42.487817749 ] ] ], [ [ [ -8.99602749, 42.487575621 ], [ -8.997331466, 42.489505508 ], [ -8.99590161, 42.488419383 ], [ -8.99602749, 42.487575621 ] ] ], [ [ [ -8.999956688, 42.4893586 ], [ -8.999991987, 42.489599789 ], [ -8.999775948, 42.489503121 ], [ -8.999956688, 42.4893586 ] ] ], [ [ [ -8.999412895, 42.489522196 ], [ -8.999775874, 42.489629148 ], [ -8.999390335, 42.489667407 ], [ -8.999412895, 42.489522196 ] ] ], [ [ [ -8.998734186, 42.489800896 ], [ -8.998455214, 42.48942848 ], [ -8.999208024, 42.489541961 ], [ -8.998734186, 42.489800896 ] ] ], [ [ [ -9.002768959, 42.49014697 ], [ -9.002332502, 42.490034888 ], [ -9.00209748, 42.489867209 ], [ -9.002768959, 42.49014697 ] ] ], [ [ [ -9.001654732, 42.490196535 ], [ -9.001843995, 42.490267603 ], [ -9.00164342, 42.490332154 ], [ -9.001654732, 42.490196535 ] ] ], [ [ [ -9.000871051, 42.491155888 ], [ -9.000510712, 42.490949783 ], [ -9.001057879, 42.490948034 ], [ -9.000871051, 42.491155888 ] ] ], [ [ [ -9.001573828, 42.491127956 ], [ -9.002820065, 42.491566541 ], [ -9.002480802, 42.492340512 ], [ -9.001573828, 42.491127956 ] ] ], [ [ [ -9.00487261, 42.492421797 ], [ -9.005947802, 42.492725316 ], [ -9.004631237, 42.49282156 ], [ -9.00487261, 42.492421797 ] ] ], [ [ [ -9.005537497, 42.493899105 ], [ -9.004790708, 42.493722339 ], [ -9.005177373, 42.493188912 ], [ -9.005537497, 42.493899105 ] ] ], [ [ [ -8.997230195, 42.493903627 ], [ -8.997172181, 42.494059701 ], [ -8.99706677, 42.493975221 ], [ -8.997230195, 42.493903627 ] ] ], [ [ [ -8.999131729, 42.494325838 ], [ -8.999041218, 42.493889513 ], [ -8.999275243, 42.494300295 ], [ -8.999131729, 42.494325838 ] ] ], [ [ [ -9.006448326, 42.494517318 ], [ -9.006144041, 42.49451532 ], [ -9.006144961, 42.494398251 ], [ -9.006448326, 42.494517318 ] ] ], [ [ [ -9.000083184, 42.494860954 ], [ -8.999907441, 42.495311268 ], [ -8.999522087, 42.49497145 ], [ -9.000083184, 42.494860954 ] ] ], [ [ [ -9.008235652, 42.497294807 ], [ -9.008236404, 42.497555814 ], [ -9.008105906, 42.497463663 ], [ -9.008235652, 42.497294807 ] ] ], [ [ [ -9.006555673, 42.497914286 ], [ -9.006348431, 42.497403093 ], [ -9.006689726, 42.497790213 ], [ -9.006555673, 42.497914286 ] ] ], [ [ [ -9.002572106, 42.497853713 ], [ -9.002690691, 42.497568428 ], [ -9.002792676, 42.497617077 ], [ -9.002572106, 42.497853713 ] ] ], [ [ [ -9.008051305, 42.497781592 ], [ -9.007962169, 42.49799332 ], [ -9.00790343, 42.497888391 ], [ -9.008051305, 42.497781592 ] ] ], [ [ [ -9.003008815, 42.497587711 ], [ -9.007087534, 42.49939858 ], [ -9.006169901, 42.500229992 ], [ -9.003008815, 42.497587711 ] ] ], [ [ [ -9.00772785, 42.498086663 ], [ -9.007648235, 42.498270884 ], [ -9.007595575, 42.498102624 ], [ -9.00772785, 42.498086663 ] ] ], [ [ [ -9.007515155, 42.498151863 ], [ -9.007465826, 42.498271479 ], [ -9.007386322, 42.498203649 ], [ -9.007515155, 42.498151863 ] ] ], [ [ [ -9.00793355, 42.498201863 ], [ -9.007981963, 42.498199315 ], [ -9.007901543, 42.498248555 ], [ -9.00793355, 42.498201863 ] ] ], [ [ [ -9.007308895, 42.499296919 ], [ -9.007428375, 42.498894561 ], [ -9.007641017, 42.498955387 ], [ -9.007308895, 42.499296919 ] ] ], [ [ [ -9.008028466, 42.500067359 ], [ -9.008135962, 42.499928526 ], [ -9.008150521, 42.5000876 ], [ -9.008028466, 42.500067359 ] ] ], [ [ [ -9.008796272, 42.500058065 ], [ -9.008849211, 42.499881993 ], [ -9.008969545, 42.500069684 ], [ -9.008796272, 42.500058065 ] ] ], [ [ [ -9.00857384, 42.505117424 ], [ -9.008476951, 42.505248545 ], [ -9.008435472, 42.505196718 ], [ -9.00857384, 42.505117424 ] ] ], [ [ [ -9.007984053, 42.505436509 ], [ -9.008069593, 42.505567033 ], [ -9.007956347, 42.505527983 ], [ -9.007984053, 42.505436509 ] ] ], [ [ [ -9.005255599, 42.510593944 ], [ -9.005376713, 42.510461551 ], [ -9.00548991, 42.510626629 ], [ -9.005255599, 42.510593944 ] ] ], [ [ [ -9.005338446, 42.510949652 ], [ -9.004702981, 42.510794037 ], [ -9.004673606, 42.510741572 ], [ -9.005338446, 42.510949652 ] ] ], [ [ [ -9.002509129, 42.511134428 ], [ -9.002462363, 42.511280913 ], [ -9.002397533, 42.511239312 ], [ -9.002509129, 42.511134428 ] ] ], [ [ [ -9.004081788, 42.511546834 ], [ -9.003877829, 42.511323516 ], [ -9.003978177, 42.511228223 ], [ -9.004081788, 42.511546834 ] ] ], [ [ [ -9.004110984, 42.511977377 ], [ -9.004176736, 42.511901906 ], [ -9.004209553, 42.511990197 ], [ -9.004110984, 42.511977377 ] ] ], [ [ [ -9.004903896, 42.511998691 ], [ -9.004878766, 42.512117034 ], [ -9.004844227, 42.512010831 ], [ -9.004903896, 42.511998691 ] ] ], [ [ [ -9.004582942, 42.512330627 ], [ -9.004466243, 42.512255749 ], [ -9.004672906, 42.512253883 ], [ -9.004582942, 42.512330627 ] ] ], [ [ [ -9.007544135, 42.513264063 ], [ -9.007654055, 42.513015236 ], [ -9.007723144, 42.51322764 ], [ -9.007544135, 42.513264063 ] ] ], [ [ [ -9.007027502, 42.514218411 ], [ -9.006060715, 42.514287272 ], [ -9.00705451, 42.513739904 ], [ -9.007027502, 42.514218411 ] ] ], [ [ [ -9.007595536, 42.51443157 ], [ -9.007765475, 42.515439812 ], [ -9.007072009, 42.515314268 ], [ -9.007595536, 42.51443157 ] ] ], [ [ [ -9.008785871, 42.515422124 ], [ -9.008692562, 42.515210996 ], [ -9.008927802, 42.515126603 ], [ -9.008785871, 42.515422124 ] ] ], [ [ [ -8.989557802, 42.522373465 ], [ -8.989669353, 42.522394618 ], [ -8.989613964, 42.522451533 ], [ -8.989557802, 42.522373465 ] ] ], [ [ [ -8.998844063, 42.526440788 ], [ -8.999092262, 42.526490759 ], [ -8.99902735, 42.526575184 ], [ -8.998844063, 42.526440788 ] ] ], [ [ [ -8.9978619, 42.527365544 ], [ -8.997539907, 42.527814537 ], [ -8.997148393, 42.527286002 ], [ -8.9978619, 42.527365544 ] ] ], [ [ [ -8.991717838, 42.528273237 ], [ -8.991247452, 42.528063878 ], [ -8.991371205, 42.527958366 ], [ -8.991717838, 42.528273237 ] ] ], [ [ [ -8.987054657, 42.531173338 ], [ -8.986885026, 42.531308256 ], [ -8.9870045, 42.531157965 ], [ -8.987054657, 42.531173338 ] ] ], [ [ [ -8.983426754, 42.532560734 ], [ -8.983379267, 42.532446201 ], [ -8.983481299, 42.532494864 ], [ -8.983426754, 42.532560734 ] ] ], [ [ [ -8.983252627, 42.532902921 ], [ -8.983241277, 42.53303854 ], [ -8.983086512, 42.532947632 ], [ -8.983252627, 42.532902921 ] ] ], [ [ [ -8.984382719, 42.53351882 ], [ -8.98438453, 42.533410705 ], [ -8.984464919, 42.533487506 ], [ -8.984382719, 42.53351882 ] ] ], [ [ [ -8.991711573, 42.534043624 ], [ -8.991494603, 42.533811965 ], [ -8.991656336, 42.533848486 ], [ -8.991711573, 42.534043624 ] ] ], [ [ [ -8.982937802, 42.536223028 ], [ -8.982911767, 42.536332413 ], [ -8.982816691, 42.536229375 ], [ -8.982937802, 42.536223028 ] ] ], [ [ [ -8.984946277, 42.537621043 ], [ -8.984934932, 42.537756662 ], [ -8.984851962, 42.537652992 ], [ -8.984946277, 42.537621043 ] ] ], [ [ [ -8.98176636, 42.539750048 ], [ -8.981279212, 42.539874587 ], [ -8.981425611, 42.539623873 ], [ -8.98176636, 42.539750048 ] ] ], [ [ [ -8.986549095, 42.555351303 ], [ -8.98597635, 42.555219303 ], [ -8.986592569, 42.555042965 ], [ -8.986549095, 42.555351303 ] ] ], [ [ [ -8.985431958, 42.55538287 ], [ -8.985761634, 42.555392591 ], [ -8.985402486, 42.555456429 ], [ -8.985431958, 42.55538287 ] ] ], [ [ [ -8.94879437, 42.559845211 ], [ -8.94873651, 42.559749207 ], [ -8.948872353, 42.559769134 ], [ -8.94879437, 42.559845211 ] ] ], [ [ [ -8.9693198, 42.56539917 ], [ -8.969885915, 42.566224733 ], [ -8.969134882, 42.566011954 ], [ -8.9693198, 42.56539917 ] ] ], [ [ [ -8.970200106, 42.566199302 ], [ -8.970405983, 42.56631456 ], [ -8.970191302, 42.566361793 ], [ -8.970200106, 42.566199302 ] ] ], [ [ [ -8.97187235, 42.567003013 ], [ -8.972043708, 42.567012053 ], [ -8.972014962, 42.567220596 ], [ -8.97187235, 42.567003013 ] ] ], [ [ [ -8.965794908, 42.566996685 ], [ -8.965822445, 42.567157277 ], [ -8.965651943, 42.567157185 ], [ -8.965794908, 42.566996685 ] ] ], [ [ [ -8.971810793, 42.567123255 ], [ -8.971795134, 42.567214092 ], [ -8.971774441, 42.567125157 ], [ -8.971810793, 42.567123255 ] ] ], [ [ [ -8.965436147, 42.567447514 ], [ -8.96514215, 42.56717482 ], [ -8.965452923, 42.567113574 ], [ -8.965436147, 42.567447514 ] ] ], [ [ [ -8.967145456, 42.567493214 ], [ -8.967053656, 42.567552022 ], [ -8.967038111, 42.567516828 ], [ -8.967145456, 42.567493214 ] ] ], [ [ [ -8.965441036, 42.567753317 ], [ -8.965597584, 42.56786216 ], [ -8.9655179, 42.567920334 ], [ -8.965441036, 42.567753317 ] ] ], [ [ [ -8.972017609, 42.568138633 ], [ -8.972073797, 42.568216709 ], [ -8.971997661, 42.568184685 ], [ -8.972017609, 42.568138633 ] ] ], [ [ [ -8.964165602, 42.568297044 ], [ -8.964069389, 42.568437096 ], [ -8.964046138, 42.568321288 ], [ -8.964165602, 42.568297044 ] ] ], [ [ [ -8.971891585, 42.568730336 ], [ -8.972071747, 42.568576885 ], [ -8.972168577, 42.568697844 ], [ -8.971891585, 42.568730336 ] ] ], [ [ [ -8.962771666, 42.568747927 ], [ -8.962603002, 42.568639714 ], [ -8.962809006, 42.568628955 ], [ -8.962771666, 42.568747927 ] ] ], [ [ [ -8.962771535, 42.568873958 ], [ -8.962584629, 42.568829709 ], [ -8.962606296, 42.568801573 ], [ -8.962771535, 42.568873958 ] ] ], [ [ [ -8.958961662, 42.569531966 ], [ -8.958989183, 42.569692561 ], [ -8.958900933, 42.56966116 ], [ -8.958961662, 42.569531966 ] ] ], [ [ [ -8.961308539, 42.570768708 ], [ -8.961070909, 42.571213199 ], [ -8.960896516, 42.570790221 ], [ -8.961308539, 42.570768708 ] ] ], [ [ [ -8.958775892, 42.573196365 ], [ -8.958557891, 42.573081719 ], [ -8.958525234, 42.572867382 ], [ -8.958775892, 42.573196365 ] ] ], [ [ [ -8.957461502, 42.573589023 ], [ -8.956872234, 42.573412731 ], [ -8.95758896, 42.573393335 ], [ -8.957461502, 42.573589023 ] ] ], [ [ [ -8.957336624, 42.574576728 ], [ -8.957509139, 42.574342683 ], [ -8.957567027, 42.574438681 ], [ -8.957336624, 42.574576728 ] ] ], [ [ [ -8.957782003, 42.578091169 ], [ -8.957833188, 42.577989478 ], [ -8.957890225, 42.578076519 ], [ -8.957782003, 42.578091169 ] ] ], [ [ [ -8.956474914, 42.578051351 ], [ -8.956412462, 42.578162631 ], [ -8.956345018, 42.578094136 ], [ -8.956474914, 42.578051351 ] ] ], [ [ [ -8.958047369, 42.578446391 ], [ -8.957975644, 42.578333112 ], [ -8.958101121, 42.578371572 ], [ -8.958047369, 42.578446391 ] ] ], [ [ [ -8.954287739, 42.580019802 ], [ -8.954227283, 42.579896931 ], [ -8.954338076, 42.579909156 ], [ -8.954287739, 42.580019802 ] ] ], [ [ [ -8.954759574, 42.579986191 ], [ -8.95504946, 42.580088093 ], [ -8.954684142, 42.580089145 ], [ -8.954759574, 42.579986191 ] ] ], [ [ [ -8.954615264, 42.580515819 ], [ -8.954737179, 42.580644486 ], [ -8.954539832, 42.580618772 ], [ -8.954615264, 42.580515819 ] ] ], [ [ [ -8.956361036, 42.581576972 ], [ -8.956217724, 42.581224379 ], [ -8.956591606, 42.581312893 ], [ -8.956361036, 42.581576972 ] ] ], [ [ [ -9.003464692, 42.736054459 ], [ -9.00389949, 42.73575253 ], [ -9.004067831, 42.735977718 ], [ -9.003464692, 42.736054459 ] ] ], [ [ [ -8.963295155, 42.77635517 ], [ -8.966527112, 42.775403068 ], [ -8.96627032, 42.776415692 ], [ -8.963295155, 42.77635517 ] ] ], [ [ [ -8.960770374, 42.775514895 ], [ -8.9612154, 42.774933536 ], [ -8.96141148, 42.775193346 ], [ -8.960770374, 42.775514895 ] ] ], [ [ [ -8.990588359, 42.776302813 ], [ -8.990147411, 42.775407784 ], [ -8.99073265, 42.775647112 ], [ -8.990588359, 42.776302813 ] ] ], [ [ [ -8.992026172, 42.777649592 ], [ -8.990954643, 42.777183756 ], [ -8.992018464, 42.777064884 ], [ -8.992026172, 42.777649592 ] ] ], [ [ [ -8.99922349, 42.778657672 ], [ -8.999349424, 42.778444011 ], [ -8.999622098, 42.778609709 ], [ -8.99922349, 42.778657672 ] ] ], [ [ [ -8.999394553, 42.778909728 ], [ -8.999451857, 42.779122756 ], [ -8.999279916, 42.778987769 ], [ -8.999394553, 42.778909728 ] ] ], [ [ [ -8.978727583, 42.783307134 ], [ -8.978085433, 42.784123932 ], [ -8.978118853, 42.783077978 ], [ -8.978727583, 42.783307134 ] ] ], [ [ [ -8.986681836, 43.223625767 ], [ -8.986894419, 43.22365961 ], [ -8.98681837, 43.223762624 ], [ -8.986681836, 43.223625767 ] ] ], [ [ [ -8.970392337, 43.224714224 ], [ -8.970476343, 43.224817846 ], [ -8.9702419, 43.224812122 ], [ -8.970392337, 43.224714224 ] ] ], [ [ [ -8.973336138, 43.225235127 ], [ -8.97348665, 43.225389272 ], [ -8.973191809, 43.225269696 ], [ -8.973336138, 43.225235127 ] ] ], [ [ [ -8.968903607, 43.225350307 ], [ -8.969208904, 43.225325317 ], [ -8.969140715, 43.225508925 ], [ -8.968903607, 43.225350307 ] ] ], [ [ [ -8.975178596, 43.22569667 ], [ -8.975133955, 43.225617994 ], [ -8.975196067, 43.225623739 ], [ -8.975178596, 43.22569667 ] ] ], [ [ [ -9.002815328, 43.228709412 ], [ -9.002899292, 43.228686986 ], [ -9.002915949, 43.228731118 ], [ -9.002815328, 43.228709412 ] ] ], [ [ [ -8.966754047, 43.228667502 ], [ -8.966934282, 43.228748086 ], [ -8.966742703, 43.228803124 ], [ -8.966754047, 43.228667502 ] ] ], [ [ [ -8.958519109, 43.228801233 ], [ -8.958401873, 43.228735347 ], [ -8.958526979, 43.228755812 ], [ -8.958519109, 43.228801233 ] ] ], [ [ [ -8.966527635, 43.229498521 ], [ -8.966419054, 43.229018106 ], [ -8.966838134, 43.229149199 ], [ -8.966527635, 43.229498521 ] ] ], [ [ [ -8.966171571, 43.229508157 ], [ -8.966020213, 43.22947107 ], [ -8.96615494, 43.229464018 ], [ -8.966171571, 43.229508157 ] ] ], [ [ [ -8.966560021, 43.229577842 ], [ -8.966326435, 43.229581067 ], [ -8.96631068, 43.229545884 ], [ -8.966560021, 43.229577842 ] ] ], [ [ [ -8.966392986, 43.229883646 ], [ -8.966592407, 43.229657163 ], [ -8.96669565, 43.229705769 ], [ -8.966392986, 43.229883646 ] ] ], [ [ [ -9.003675502, 43.230068386 ], [ -9.00374203, 43.230118892 ], [ -9.003605548, 43.230108078 ], [ -9.003675502, 43.230068386 ] ] ], [ [ [ -9.00836654, 43.234196061 ], [ -9.008249246, 43.23413023 ], [ -9.008383089, 43.234114172 ], [ -9.00836654, 43.234196061 ] ] ], [ [ [ -8.951036758, 43.245593498 ], [ -8.951273034, 43.245743195 ], [ -8.951106763, 43.245805887 ], [ -8.951036758, 43.245593498 ] ] ], [ [ [ -8.95087398, 43.246070093 ], [ -8.951150516, 43.246001643 ], [ -8.950982489, 43.246298476 ], [ -8.95087398, 43.246070093 ] ] ], [ [ [ -8.953826997, 43.25650204 ], [ -8.953707083, 43.256409284 ], [ -8.953848001, 43.256464935 ], [ -8.953826997, 43.25650204 ] ] ], [ [ [ -8.954296214, 43.257899819 ], [ -8.954659442, 43.257709807 ], [ -8.954335618, 43.258176817 ], [ -8.954296214, 43.257899819 ] ] ], [ [ [ -8.977553291, 43.262830691 ], [ -8.97743855, 43.262665675 ], [ -8.97752257, 43.262643264 ], [ -8.977553291, 43.262830691 ] ] ], [ [ [ -8.956119152, 43.264447928 ], [ -8.956322244, 43.264509329 ], [ -8.956110414, 43.264610418 ], [ -8.956119152, 43.264447928 ] ] ], [ [ [ -8.983597193, 43.265673184 ], [ -8.983121764, 43.265473098 ], [ -8.983304565, 43.265202449 ], [ -8.983597193, 43.265673184 ] ] ], [ [ [ -8.983480947, 43.265994351 ], [ -8.982730902, 43.266258771 ], [ -8.982722913, 43.266052148 ], [ -8.983480947, 43.265994351 ] ] ], [ [ [ -8.98200312, 43.267251164 ], [ -8.982447821, 43.26726383 ], [ -8.982203735, 43.267537695 ], [ -8.98200312, 43.267251164 ] ] ], [ [ [ -8.984901894, 43.267918146 ], [ -8.984916573, 43.267566304 ], [ -8.985317539, 43.267635266 ], [ -8.984901894, 43.267918146 ] ] ], [ [ [ -8.984479187, 43.269632684 ], [ -8.984325293, 43.269946826 ], [ -8.984270988, 43.269895667 ], [ -8.984479187, 43.269632684 ] ] ], [ [ [ -8.98544517, 43.270311104 ], [ -8.985805866, 43.270346172 ], [ -8.985386609, 43.27046721 ], [ -8.98544517, 43.270311104 ] ] ], [ [ [ -8.985207401, 43.270899707 ], [ -8.985694029, 43.270712118 ], [ -8.985271395, 43.271049377 ], [ -8.985207401, 43.270899707 ] ] ], [ [ [ -8.99041085, 43.27332687 ], [ -8.990533324, 43.273194407 ], [ -8.990599012, 43.273235964 ], [ -8.99041085, 43.27332687 ] ] ], [ [ [ -8.990815472, 43.273557653 ], [ -8.990576349, 43.273381184 ], [ -8.99112355, 43.273433436 ], [ -8.990815472, 43.273557653 ] ] ], [ [ [ -8.987656114, 43.276631267 ], [ -8.987691202, 43.276737445 ], [ -8.987576485, 43.276698463 ], [ -8.987656114, 43.276631267 ] ] ], [ [ [ -8.98700866, 43.277313412 ], [ -8.987217829, 43.2771854 ], [ -8.987205731, 43.277438087 ], [ -8.98700866, 43.277313412 ] ] ], [ [ [ -8.983799728, 43.283144089 ], [ -8.983737483, 43.28301233 ], [ -8.983986169, 43.28303528 ], [ -8.983799728, 43.283144089 ] ] ], [ [ [ -8.979640927, 43.283830463 ], [ -8.979802992, 43.283974991 ], [ -8.979536763, 43.283898941 ], [ -8.979640927, 43.283830463 ] ] ], [ [ [ -8.962410762, 43.289567169 ], [ -8.962053677, 43.290450028 ], [ -8.96214976, 43.28941879 ], [ -8.962410762, 43.289567169 ] ] ], [ [ [ -8.952067875, 43.293933596 ], [ -8.952370885, 43.293755737 ], [ -8.95260035, 43.293833771 ], [ -8.952067875, 43.293933596 ] ] ], [ [ [ -8.918943101, 42.250762939 ], [ -8.918908094, 42.25026065 ], [ -8.919246516, 42.250639205 ], [ -8.918943101, 42.250762939 ] ] ], [ [ [ -8.936631041, 42.341438771 ], [ -8.936911295, 42.341451214 ], [ -8.936839457, 42.341589974 ], [ -8.936631041, 42.341438771 ] ] ], [ [ [ -8.938033685, 42.342158039 ], [ -8.938176974, 42.341619488 ], [ -8.938330711, 42.341962567 ], [ -8.938033685, 42.342158039 ] ] ], [ [ [ -8.937103366, 42.342971536 ], [ -8.936755825, 42.342503499 ], [ -8.937818644, 42.342322245 ], [ -8.937103366, 42.342971536 ] ] ], [ [ [ -8.933676244, 42.343815698 ], [ -8.93751697, 42.34876519 ], [ -8.933138896, 42.348794584 ], [ -8.933676244, 42.343815698 ] ] ], [ [ [ -8.945911906, 42.355151952 ], [ -8.945336025, 42.354965879 ], [ -8.945540703, 42.354820201 ], [ -8.945911906, 42.355151952 ] ] ], [ [ [ -8.944813937, 42.355605166 ], [ -8.944711623, 42.354908352 ], [ -8.944987916, 42.354749947 ], [ -8.944813937, 42.355605166 ] ] ], [ [ [ -8.932692712, 42.367982555 ], [ -8.933011017, 42.368011034 ], [ -8.932679311, 42.368226299 ], [ -8.932692712, 42.367982555 ] ] ], [ [ [ -8.939812567, 42.369719022 ], [ -8.940227967, 42.369490383 ], [ -8.939971079, 42.369854809 ], [ -8.939812567, 42.369719022 ] ] ], [ [ [ -8.93114269, 42.373680151 ], [ -8.931133866, 42.373329539 ], [ -8.931348913, 42.373678446 ], [ -8.93114269, 42.373680151 ] ] ], [ [ [ -8.943833828, 42.374370833 ], [ -8.943984304, 42.374678066 ], [ -8.943795249, 42.374732911 ], [ -8.943833828, 42.374370833 ] ] ], [ [ [ -8.929961292, 42.376469022 ], [ -8.930243761, 42.37676042 ], [ -8.929865849, 42.376744029 ], [ -8.929961292, 42.376469022 ] ] ], [ [ [ -8.939269391, 42.356010553 ], [ -8.948298037, 42.361256963 ], [ -8.938177639, 42.370659182 ], [ -8.945112977, 42.380317454 ], [ -8.921099768, 42.399658184 ], [ -8.920431806, 42.39489485 ], [ -8.926782538, 42.389227486 ], [ -8.939269391, 42.356010553 ] ] ], [ [ [ -8.930263338, 42.377353522 ], [ -8.930306109, 42.377549341 ], [ -8.930114734, 42.377451254 ], [ -8.930263338, 42.377353522 ] ] ], [ [ [ -8.930068827, 42.377993744 ], [ -8.929850267, 42.378122112 ], [ -8.92989207, 42.377921903 ], [ -8.930068827, 42.377993744 ] ] ], [ [ [ -8.946437106, 42.380068503 ], [ -8.946599239, 42.379600973 ], [ -8.946623423, 42.380112815 ], [ -8.946437106, 42.380068503 ] ] ], [ [ [ -8.947557118, 42.380100216 ], [ -8.947396018, 42.379937569 ], [ -8.947452185, 42.379889636 ], [ -8.947557118, 42.380100216 ] ] ], [ [ [ -8.945566769, 42.37933965 ], [ -8.945684651, 42.380584761 ], [ -8.944904838, 42.380940406 ], [ -8.945566769, 42.37933965 ] ] ], [ [ [ -8.945316916, 42.381702115 ], [ -8.945550288, 42.381473927 ], [ -8.945955783, 42.381524836 ], [ -8.945316916, 42.381702115 ] ] ], [ [ [ -8.947019036, 42.381982591 ], [ -8.947236284, 42.381584206 ], [ -8.947148342, 42.382065878 ], [ -8.947019036, 42.381982591 ] ] ], [ [ [ -8.945740464, 42.382841299 ], [ -8.94555774, 42.382706781 ], [ -8.945676867, 42.382682577 ], [ -8.945740464, 42.382841299 ] ] ], [ [ [ -8.946208926, 42.382915936 ], [ -8.946027897, 42.382799333 ], [ -8.946195354, 42.382772614 ], [ -8.946208926, 42.382915936 ] ] ], [ [ [ -8.945545063, 42.384111716 ], [ -8.945319942, 42.384042416 ], [ -8.945433135, 42.383955509 ], [ -8.945545063, 42.384111716 ] ] ], [ [ [ -8.945386515, 42.38448904 ], [ -8.945618839, 42.384377929 ], [ -8.945426156, 42.384522984 ], [ -8.945386515, 42.38448904 ] ] ], [ [ [ -8.945361308, 42.385120476 ], [ -8.945122835, 42.385294918 ], [ -8.945167134, 42.385121579 ], [ -8.945361308, 42.385120476 ] ] ], [ [ [ -8.934125033, 42.389440433 ], [ -8.934357785, 42.389590374 ], [ -8.934093632, 42.3896221 ], [ -8.934125033, 42.389440433 ] ] ], [ [ [ -8.934720856, 42.39021964 ], [ -8.934123197, 42.390448726 ], [ -8.934201699, 42.38999456 ], [ -8.934720856, 42.39021964 ] ] ], [ [ [ -8.920917967, 42.399919657 ], [ -8.921382062, 42.400075637 ], [ -8.920898865, 42.399974658 ], [ -8.920917967, 42.399919657 ] ] ], [ [ [ -8.921196035, 42.400292321 ], [ -8.920549118, 42.400901966 ], [ -8.920434598, 42.400331787 ], [ -8.921196035, 42.400292321 ] ] ], [ [ [ -8.92050457, 42.401588411 ], [ -8.920733878, 42.401315474 ], [ -8.920664231, 42.401607141 ], [ -8.92050457, 42.401588411 ] ] ], [ [ [ -8.921484174, 42.401672663 ], [ -8.92170317, 42.401805339 ], [ -8.92150108, 42.401851822 ], [ -8.921484174, 42.401672663 ] ] ], [ [ [ -8.925654715, 42.447104427 ], [ -8.925381375, 42.447298643 ], [ -8.925340239, 42.447120742 ], [ -8.925654715, 42.447104427 ] ] ], [ [ [ -8.928475828, 42.447246083 ], [ -8.928535002, 42.447486058 ], [ -8.928385, 42.44731381 ], [ -8.928475828, 42.447246083 ] ] ], [ [ [ -8.928296881, 42.447795476 ], [ -8.928046498, 42.447718454 ], [ -8.928294565, 42.447642566 ], [ -8.928296881, 42.447795476 ] ] ], [ [ [ -8.926612627, 42.448107928 ], [ -8.926312553, 42.448276528 ], [ -8.926334433, 42.448122363 ], [ -8.926612627, 42.448107928 ] ] ], [ [ [ -8.925873879, 42.448650357 ], [ -8.925779971, 42.448043111 ], [ -8.926008089, 42.448013272 ], [ -8.925873879, 42.448650357 ] ] ], [ [ [ -8.929239027, 42.449915987 ], [ -8.929753254, 42.44931318 ], [ -8.92984533, 42.449515439 ], [ -8.929239027, 42.449915987 ] ] ], [ [ [ -8.92584082, 42.449714277 ], [ -8.926148067, 42.449878371 ], [ -8.926060623, 42.449981927 ], [ -8.92584082, 42.449714277 ] ] ], [ [ [ -8.925765855, 42.450078236 ], [ -8.925659918, 42.450371788 ], [ -8.925569548, 42.45018744 ], [ -8.925765855, 42.450078236 ] ] ], [ [ [ -8.92159243, 42.450933814 ], [ -8.921386191, 42.450809481 ], [ -8.92157888, 42.450790489 ], [ -8.92159243, 42.450933814 ] ] ], [ [ [ -8.930816253, 42.451040329 ], [ -8.930468684, 42.450707309 ], [ -8.93067092, 42.450660801 ], [ -8.930816253, 42.451040329 ] ] ], [ [ [ -8.922672602, 42.450787788 ], [ -8.922513184, 42.4510301 ], [ -8.922222748, 42.450658085 ], [ -8.922672602, 42.450787788 ] ] ], [ [ [ -8.918930443, 42.451062796 ], [ -8.919125429, 42.451196719 ], [ -8.918932737, 42.451215707 ], [ -8.918930443, 42.451062796 ] ] ], [ [ [ -8.928901709, 42.451103724 ], [ -8.929155499, 42.451216573 ], [ -8.928843548, 42.451259773 ], [ -8.928901709, 42.451103724 ] ] ], [ [ [ -8.923718079, 42.451174655 ], [ -8.923645031, 42.451430492 ], [ -8.923454507, 42.45121533 ], [ -8.923718079, 42.451174655 ] ] ], [ [ [ -8.920951702, 42.451228082 ], [ -8.921004926, 42.451405358 ], [ -8.920714014, 42.451285413 ], [ -8.920951702, 42.451228082 ] ] ], [ [ [ -8.936239413, 42.451316693 ], [ -8.936321116, 42.45153749 ], [ -8.936081956, 42.451450901 ], [ -8.936239413, 42.451316693 ] ] ], [ [ [ -8.935757704, 42.451620783 ], [ -8.935993257, 42.451797577 ], [ -8.935586452, 42.451737703 ], [ -8.935757704, 42.451620783 ] ] ], [ [ [ -8.923082105, 42.452161823 ], [ -8.923224445, 42.451353286 ], [ -8.923569344, 42.45217256 ], [ -8.923082105, 42.452161823 ] ] ], [ [ [ -8.920221334, 42.451860058 ], [ -8.920008438, 42.452051129 ], [ -8.919960296, 42.451927599 ], [ -8.920221334, 42.451860058 ] ] ], [ [ [ -8.919544545, 42.452030164 ], [ -8.91980425, 42.45220574 ], [ -8.919532205, 42.452156828 ], [ -8.919544545, 42.452030164 ] ] ], [ [ [ -8.937099299, 42.452181171 ], [ -8.936813882, 42.452376042 ], [ -8.936813242, 42.452241049 ], [ -8.937099299, 42.452181171 ] ] ], [ [ [ -8.934140658, 42.452514967 ], [ -8.933995301, 42.452135445 ], [ -8.93433993, 42.452180551 ], [ -8.934140658, 42.452514967 ] ] ], [ [ [ -8.930614342, 42.452374068 ], [ -8.93092862, 42.452483773 ], [ -8.930595017, 42.452555106 ], [ -8.930614342, 42.452374068 ] ] ], [ [ [ -8.921445126, 42.452975846 ], [ -8.921756614, 42.45318474 ], [ -8.921367833, 42.453186893 ], [ -8.921445126, 42.452975846 ] ] ], [ [ [ -8.935306974, 42.453534569 ], [ -8.935249464, 42.453825613 ], [ -8.93523185, 42.453511468 ], [ -8.935306974, 42.453534569 ] ] ], [ [ [ -8.935492031, 42.454461132 ], [ -8.935412238, 42.454645313 ], [ -8.935274295, 42.454472447 ], [ -8.935492031, 42.454461132 ] ] ], [ [ [ -8.919961363, 42.454511046 ], [ -8.91965616, 42.454625884 ], [ -8.91964854, 42.454545263 ], [ -8.919961363, 42.454511046 ] ] ], [ [ [ -8.918861401, 42.454577056 ], [ -8.918693494, 42.454729786 ], [ -8.918659142, 42.454623545 ], [ -8.918861401, 42.454577056 ] ] ], [ [ [ -8.918814819, 42.454984549 ], [ -8.918634457, 42.454876873 ], [ -8.91876583, 42.454852061 ], [ -8.918814819, 42.454984549 ] ] ], [ [ [ -8.936115749, 42.455013828 ], [ -8.935936638, 42.455176166 ], [ -8.935923053, 42.455032845 ], [ -8.936115749, 42.455013828 ] ] ], [ [ [ -8.939013192, 42.455187257 ], [ -8.938781864, 42.455055259 ], [ -8.939002149, 42.455070809 ], [ -8.939013192, 42.455187257 ] ] ], [ [ [ -8.939452063, 42.455200442 ], [ -8.939173844, 42.45521491 ], [ -8.939337248, 42.4551434 ], [ -8.939452063, 42.455200442 ] ] ], [ [ [ -8.938996032, 42.455647237 ], [ -8.939187232, 42.455484265 ], [ -8.939046117, 42.455662636 ], [ -8.938996032, 42.455647237 ] ] ], [ [ [ -8.93879039, 42.455657931 ], [ -8.938613393, 42.455586119 ], [ -8.938812239, 42.455503765 ], [ -8.93879039, 42.455657931 ] ] ], [ [ [ -8.919685182, 42.45570459 ], [ -8.919941517, 42.455844333 ], [ -8.919753045, 42.455908113 ], [ -8.919685182, 42.45570459 ] ] ], [ [ [ -8.939311392, 42.45563984 ], [ -8.939425801, 42.45594895 ], [ -8.939129536, 42.455901345 ], [ -8.939311392, 42.45563984 ] ] ], [ [ [ -8.93756356, 42.456180806 ], [ -8.937331816, 42.456300874 ], [ -8.937363218, 42.456119207 ], [ -8.93756356, 42.456180806 ] ] ], [ [ [ -8.938403767, 42.456452182 ], [ -8.938142324, 42.456771834 ], [ -8.938080347, 42.456631029 ], [ -8.938403767, 42.456452182 ] ] ], [ [ [ -8.937672453, 42.456688243 ], [ -8.93791058, 42.456891904 ], [ -8.937714482, 42.456875094 ], [ -8.937672453, 42.456688243 ] ] ], [ [ [ -8.93904238, 42.456905068 ], [ -8.939017779, 42.457158396 ], [ -8.938857326, 42.457004708 ], [ -8.93904238, 42.456905068 ] ] ], [ [ [ -8.91861285, 42.457992598 ], [ -8.918770719, 42.458119443 ], [ -8.918503483, 42.458250315 ], [ -8.91861285, 42.457992598 ] ] ], [ [ [ -8.939922912, 42.459523785 ], [ -8.940122216, 42.459702455 ], [ -8.939969199, 42.459755422 ], [ -8.939922912, 42.459523785 ] ] ], [ [ [ -8.939407219, 42.459982687 ], [ -8.93943817, 42.459539993 ], [ -8.939591876, 42.460135115 ], [ -8.939407219, 42.459982687 ] ] ], [ [ [ -8.940272931, 42.460009676 ], [ -8.939963296, 42.460205815 ], [ -8.939882214, 42.460120015 ], [ -8.940272931, 42.460009676 ] ] ], [ [ [ -8.941750767, 42.460337878 ], [ -8.942020963, 42.460494853 ], [ -8.941809159, 42.460568884 ], [ -8.941750767, 42.460337878 ] ] ], [ [ [ -8.942569402, 42.46063735 ], [ -8.942910681, 42.460646597 ], [ -8.942563256, 42.460700682 ], [ -8.942569402, 42.46063735 ] ] ], [ [ [ -8.941258427, 42.460786572 ], [ -8.941514827, 42.460926262 ], [ -8.941145101, 42.460873482 ], [ -8.941258427, 42.460786572 ] ] ], [ [ [ -8.942200723, 42.462132814 ], [ -8.941806535, 42.461694236 ], [ -8.94207373, 42.461563312 ], [ -8.942200723, 42.462132814 ] ] ], [ [ [ -8.942200139, 42.464176234 ], [ -8.944193034, 42.463397397 ], [ -8.943965887, 42.46446242 ], [ -8.942200139, 42.464176234 ] ] ], [ [ [ -8.94241746, 42.465569195 ], [ -8.942806965, 42.465701956 ], [ -8.942428513, 42.465685642 ], [ -8.94241746, 42.465569195 ] ] ], [ [ [ -8.943235512, 42.465733666 ], [ -8.943620303, 42.465560612 ], [ -8.943464997, 42.465973771 ], [ -8.943235512, 42.465733666 ] ] ], [ [ [ -8.941568673, 42.465721377 ], [ -8.941528584, 42.465939503 ], [ -8.941502033, 42.465787856 ], [ -8.941568673, 42.465721377 ] ] ], [ [ [ -8.943849212, 42.466178818 ], [ -8.944010086, 42.466080428 ], [ -8.944089481, 42.46614831 ], [ -8.943849212, 42.466178818 ] ] ], [ [ [ -8.943036911, 42.466203088 ], [ -8.943392871, 42.466238575 ], [ -8.943284641, 42.466379233 ], [ -8.943036911, 42.466203088 ] ] ], [ [ [ -8.939725202, 42.467563602 ], [ -8.93985299, 42.46762897 ], [ -8.939719903, 42.467635892 ], [ -8.939725202, 42.467563602 ] ] ], [ [ [ -8.940218958, 42.46789799 ], [ -8.940338843, 42.467495679 ], [ -8.940599125, 42.467932226 ], [ -8.940218958, 42.46789799 ] ] ], [ [ [ -8.940063771, 42.467672017 ], [ -8.939894187, 42.467806861 ], [ -8.939930683, 42.467678939 ], [ -8.940063771, 42.467672017 ] ] ], [ [ [ -8.940055523, 42.467969503 ], [ -8.939929434, 42.467922051 ], [ -8.940059123, 42.467879298 ], [ -8.940055523, 42.467969503 ] ] ], [ [ [ -8.939650759, 42.468188593 ], [ -8.939473324, 42.468368853 ], [ -8.939379282, 42.468274725 ], [ -8.939650759, 42.468188593 ] ] ], [ [ [ -8.939973058, 42.474788095 ], [ -8.939957162, 42.475004963 ], [ -8.939813857, 42.474904396 ], [ -8.939973058, 42.474788095 ] ] ], [ [ [ -8.943046101, 42.476032485 ], [ -8.943003378, 42.475710646 ], [ -8.943128635, 42.475749136 ], [ -8.943046101, 42.476032485 ] ] ], [ [ [ -8.939237003, 42.47625765 ], [ -8.939046596, 42.476429584 ], [ -8.939151449, 42.476253098 ], [ -8.939237003, 42.47625765 ] ] ], [ [ [ -8.939461614, 42.476317983 ], [ -8.939280757, 42.476462414 ], [ -8.93938646, 42.476294886 ], [ -8.939461614, 42.476317983 ] ] ], [ [ [ -8.93955907, 42.47644794 ], [ -8.939692829, 42.476576009 ], [ -8.939525971, 42.476611692 ], [ -8.93955907, 42.47644794 ] ] ], [ [ [ -8.939826588, 42.476704078 ], [ -8.94032461, 42.476570153 ], [ -8.940410621, 42.476835731 ], [ -8.939826588, 42.476704078 ] ] ], [ [ [ -8.939916196, 42.476879452 ], [ -8.939803494, 42.477101355 ], [ -8.939671434, 42.476991201 ], [ -8.939916196, 42.476879452 ] ] ], [ [ [ -8.942688761, 42.477181106 ], [ -8.942725753, 42.476876762 ], [ -8.942928705, 42.477071065 ], [ -8.942688761, 42.477181106 ] ] ], [ [ [ -8.94406121, 42.476861822 ], [ -8.945425165, 42.476754815 ], [ -8.944546192, 42.478510897 ], [ -8.94406121, 42.476861822 ] ] ], [ [ [ -8.937944479, 42.477630112 ], [ -8.937733666, 42.477587063 ], [ -8.937884177, 42.477507224 ], [ -8.937944479, 42.477630112 ] ] ], [ [ [ -8.937949177, 42.477935927 ], [ -8.937761714, 42.477882662 ], [ -8.937927726, 42.477838023 ], [ -8.937949177, 42.477935927 ] ] ], [ [ [ -8.937547945, 42.478064809 ], [ -8.937354331, 42.478074875 ], [ -8.937396785, 42.478009656 ], [ -8.937547945, 42.478064809 ] ] ], [ [ [ -8.938520918, 42.478194253 ], [ -8.938347905, 42.478293266 ], [ -8.938341305, 42.478095572 ], [ -8.938520918, 42.478194253 ] ] ], [ [ [ -8.938181691, 42.47846394 ], [ -8.938222645, 42.478254771 ], [ -8.9382908, 42.478332243 ], [ -8.938181691, 42.47846394 ] ] ], [ [ [ -8.928900369, 42.478307041 ], [ -8.928821382, 42.478500178 ], [ -8.928671296, 42.478327935 ], [ -8.928900369, 42.478307041 ] ] ], [ [ [ -8.928273654, 42.47836658 ], [ -8.92812737, 42.478491196 ], [ -8.928127591, 42.478365161 ], [ -8.928273654, 42.47836658 ] ] ], [ [ [ -8.92844986, 42.478429447 ], [ -8.928639864, 42.478509601 ], [ -8.928485943, 42.478553598 ], [ -8.92844986, 42.478429447 ] ] ], [ [ [ -8.937985324, 42.47857317 ], [ -8.937888717, 42.478452169 ], [ -8.937982975, 42.478420262 ], [ -8.937985324, 42.47857317 ] ] ], [ [ [ -8.923003898, 42.478450974 ], [ -8.922974994, 42.478659513 ], [ -8.922804111, 42.478524347 ], [ -8.923003898, 42.478450974 ] ] ], [ [ [ -8.938642179, 42.478575021 ], [ -8.938522669, 42.478725263 ], [ -8.938471065, 42.478565916 ], [ -8.938642179, 42.478575021 ] ] ], [ [ [ -8.937914665, 42.478981921 ], [ -8.938148186, 42.478879762 ], [ -8.938154137, 42.478942464 ], [ -8.937914665, 42.478981921 ] ] ], [ [ [ -8.933539351, 42.479137317 ], [ -8.933787961, 42.479322438 ], [ -8.933437025, 42.479340672 ], [ -8.933539351, 42.479137317 ] ] ], [ [ [ -8.926624225, 42.479055307 ], [ -8.926586802, 42.479687371 ], [ -8.926085377, 42.479272306 ], [ -8.926624225, 42.479055307 ] ] ], [ [ [ -8.934146542, 42.479384822 ], [ -8.934084769, 42.479631078 ], [ -8.933997721, 42.479482572 ], [ -8.934146542, 42.479384822 ] ] ], [ [ [ -8.932662332, 42.479506943 ], [ -8.93267592, 42.479650265 ], [ -8.932622419, 42.479599034 ], [ -8.932662332, 42.479506943 ] ] ], [ [ [ -8.924474126, 42.479850999 ], [ -8.924573028, 42.480124922 ], [ -8.924327831, 42.479975611 ], [ -8.924474126, 42.479850999 ] ] ], [ [ [ -8.934448884, 42.480008234 ], [ -8.934247408, 42.480063712 ], [ -8.934252713, 42.479991423 ], [ -8.934448884, 42.480008234 ] ] ], [ [ [ -8.933432368, 42.480061052 ], [ -8.933209236, 42.480144659 ], [ -8.933123887, 42.480014067 ], [ -8.933432368, 42.480061052 ] ] ], [ [ [ -8.926069781, 42.480263307 ], [ -8.926196511, 42.480445767 ], [ -8.92601606, 42.480338108 ], [ -8.926069781, 42.480263307 ] ] ], [ [ [ -8.935872829, 42.480276296 ], [ -8.935518517, 42.480771803 ], [ -8.935226769, 42.480003816 ], [ -8.935872829, 42.480276296 ] ] ], [ [ [ -8.936296615, 42.480641342 ], [ -8.936484696, 42.480316505 ], [ -8.936453084, 42.480624207 ], [ -8.936296615, 42.480641342 ] ] ], [ [ [ -8.926143414, 42.480655562 ], [ -8.92582645, 42.48051898 ], [ -8.926301808, 42.48053032 ], [ -8.926143414, 42.480655562 ] ] ], [ [ [ -8.933598192, 42.480655553 ], [ -8.933347668, 42.480578552 ], [ -8.933577596, 42.480566606 ], [ -8.933598192, 42.480655553 ] ] ], [ [ [ -8.936779417, 42.480859291 ], [ -8.936636102, 42.480758721 ], [ -8.936869429, 42.480782598 ], [ -8.936779417, 42.480859291 ] ] ], [ [ [ -8.936938881, 42.481130055 ], [ -8.936851823, 42.480981552 ], [ -8.937076449, 42.481041888 ], [ -8.936938881, 42.481130055 ] ] ], [ [ [ -8.933643004, 42.48125634 ], [ -8.933876109, 42.480893161 ], [ -8.933954665, 42.480952091 ], [ -8.933643004, 42.48125634 ] ] ], [ [ [ -8.934831326, 42.48186072 ], [ -8.934971036, 42.482051497 ], [ -8.934835368, 42.482031543 ], [ -8.934831326, 42.48186072 ] ] ], [ [ [ -8.938319535, 42.549066314 ], [ -8.940806527, 42.550125167 ], [ -8.940291959, 42.551754247 ], [ -8.938319535, 42.549066314 ] ] ], [ [ [ -8.948316704, 42.559816088 ], [ -8.948235466, 42.559730303 ], [ -8.948322843, 42.559752756 ], [ -8.948316704, 42.559816088 ] ] ], [ [ [ -8.943066609, 42.580757515 ], [ -8.943393179, 42.580605489 ], [ -8.943340094, 42.580815292 ], [ -8.943066609, 42.580757515 ] ] ], [ [ [ -8.942913492, 42.581323594 ], [ -8.943144473, 42.581446597 ], [ -8.942915032, 42.581467542 ], [ -8.942913492, 42.581323594 ] ] ], [ [ [ -8.935360782, 42.58208557 ], [ -8.934655455, 42.581330082 ], [ -8.935360478, 42.58169851 ], [ -8.935360782, 42.58208557 ] ] ], [ [ [ -8.919367574, 42.587479806 ], [ -8.919452854, 42.587736436 ], [ -8.919260173, 42.587503378 ], [ -8.919367574, 42.587479806 ] ] ], [ [ [ -8.922486873, 42.596589865 ], [ -8.922464739, 42.596356967 ], [ -8.922620239, 42.596582946 ], [ -8.922486873, 42.596589865 ] ] ], [ [ [ -8.930905724, 42.801528972 ], [ -8.931142992, 42.801453626 ], [ -8.93117233, 42.801632137 ], [ -8.930905724, 42.801528972 ] ] ], [ [ [ -8.943061444, 43.232128778 ], [ -8.943475811, 43.234231608 ], [ -8.941679057, 43.232218852 ], [ -8.943061444, 43.232128778 ] ] ], [ [ [ -8.928888961, 43.293449415 ], [ -8.928790831, 43.293580546 ], [ -8.92875845, 43.293501213 ], [ -8.928888961, 43.293449415 ] ] ], [ [ [ -8.925462662, 43.293825644 ], [ -8.925728927, 43.293775793 ], [ -8.925477541, 43.293851876 ], [ -8.925462662, 43.293825644 ] ] ], [ [ [ -8.920031732, 43.29576422 ], [ -8.920325151, 43.295739977 ], [ -8.920049225, 43.295817323 ], [ -8.920031732, 43.29576422 ] ] ], [ [ [ -8.898804456, 42.085008599 ], [ -8.898661434, 42.085160005 ], [ -8.898635247, 42.085008324 ], [ -8.898804456, 42.085008599 ] ] ], [ [ [ -8.900783849, 42.094466461 ], [ -8.900783375, 42.094331458 ], [ -8.900893299, 42.094343789 ], [ -8.900783849, 42.094466461 ] ] ], [ [ [ -8.900037827, 42.094892033 ], [ -8.899301107, 42.094768007 ], [ -8.899875871, 42.094450296 ], [ -8.900037827, 42.094892033 ] ] ], [ [ [ -8.899774477, 42.099856646 ], [ -8.90017943, 42.100051798 ], [ -8.899769588, 42.100063941 ], [ -8.899774477, 42.099856646 ] ] ], [ [ [ -8.898268849, 42.100303391 ], [ -8.898334467, 42.100489045 ], [ -8.898036587, 42.100405389 ], [ -8.898268849, 42.100303391 ] ] ], [ [ [ -8.898738517, 42.102493624 ], [ -8.89896495, 42.102328912 ], [ -8.898908244, 42.102628899 ], [ -8.898738517, 42.102493624 ] ] ], [ [ [ -8.898393339, 42.10242141 ], [ -8.898629883, 42.102625254 ], [ -8.898318295, 42.102524302 ], [ -8.898393339, 42.10242141 ] ] ], [ [ [ -8.902103405, 42.104489451 ], [ -8.902258008, 42.104202414 ], [ -8.902484209, 42.104424787 ], [ -8.902103405, 42.104489451 ] ] ], [ [ [ -8.900800899, 42.104781717 ], [ -8.900953364, 42.10434176 ], [ -8.901225302, 42.104795824 ], [ -8.900800899, 42.104781717 ] ] ], [ [ [ -8.900822234, 42.108777444 ], [ -8.90085428, 42.108991835 ], [ -8.900715264, 42.108926993 ], [ -8.900822234, 42.108777444 ] ] ], [ [ [ -8.90153341, 42.109793961 ], [ -8.901752602, 42.110070708 ], [ -8.901433467, 42.109889137 ], [ -8.90153341, 42.109793961 ] ] ], [ [ [ -8.900185526, 42.109989542 ], [ -8.900540635, 42.109908206 ], [ -8.900579706, 42.110068223 ], [ -8.900185526, 42.109989542 ] ] ], [ [ [ -8.904571652, 42.10983516 ], [ -8.90486221, 42.110099214 ], [ -8.904396672, 42.110033234 ], [ -8.904571652, 42.10983516 ] ] ], [ [ [ -8.900764349, 42.110103705 ], [ -8.901073833, 42.110051727 ], [ -8.901139471, 42.110237378 ], [ -8.900764349, 42.110103705 ] ] ], [ [ [ -8.901381064, 42.111404154 ], [ -8.901366765, 42.110990806 ], [ -8.901798005, 42.111337626 ], [ -8.901381064, 42.111404154 ] ] ], [ [ [ -8.901716654, 42.112151992 ], [ -8.902387103, 42.11208138 ], [ -8.902466448, 42.112284327 ], [ -8.901716654, 42.112151992 ] ] ], [ [ [ -8.90336326, 42.112697126 ], [ -8.903145851, 42.112699348 ], [ -8.903302618, 42.112565229 ], [ -8.90336326, 42.112697126 ] ] ], [ [ [ -8.901448148, 42.112904002 ], [ -8.90187832, 42.112719767 ], [ -8.901943964, 42.112905417 ], [ -8.901448148, 42.112904002 ] ] ], [ [ [ -8.899107118, 42.113600914 ], [ -8.898250405, 42.114788344 ], [ -8.89786051, 42.114106309 ], [ -8.899107118, 42.113600914 ] ] ], [ [ [ -8.901513448, 42.114124884 ], [ -8.901655457, 42.114351603 ], [ -8.901281621, 42.114361895 ], [ -8.901513448, 42.114124884 ] ] ], [ [ [ -8.901886219, 42.114492724 ], [ -8.901934473, 42.114751288 ], [ -8.901555631, 42.114707827 ], [ -8.901886219, 42.114492724 ] ] ], [ [ [ -8.898970325, 42.11485923 ], [ -8.899034296, 42.115026965 ], [ -8.898807706, 42.114930632 ], [ -8.898970325, 42.11485923 ] ] ], [ [ [ -8.899764701, 42.115340355 ], [ -8.89927233, 42.114726626 ], [ -8.899869541, 42.115037885 ], [ -8.899764701, 42.115340355 ] ] ], [ [ [ -8.902042891, 42.115006746 ], [ -8.902343348, 42.115117263 ], [ -8.902054569, 42.115132169 ], [ -8.902042891, 42.115006746 ] ] ], [ [ [ -8.898845223, 42.11533378 ], [ -8.898538934, 42.115160541 ], [ -8.898838914, 42.115136065 ], [ -8.898845223, 42.11533378 ] ] ], [ [ [ -8.900268163, 42.114774267 ], [ -8.900718129, 42.115192139 ], [ -8.900972845, 42.11598016 ], [ -8.900268163, 42.114774267 ] ] ], [ [ [ -8.902025271, 42.11546675 ], [ -8.901858963, 42.115628365 ], [ -8.901791293, 42.115550841 ], [ -8.902025271, 42.11546675 ] ] ], [ [ [ -8.903163131, 42.115741083 ], [ -8.903483355, 42.115544514 ], [ -8.903358638, 42.115893023 ], [ -8.903163131, 42.115741083 ] ] ], [ [ [ -8.903057954, 42.116169599 ], [ -8.902926782, 42.116059347 ], [ -8.903060809, 42.116070432 ], [ -8.903057954, 42.116169599 ] ] ], [ [ [ -8.90343268, 42.117077445 ], [ -8.902215697, 42.117122264 ], [ -8.901664668, 42.116268523 ], [ -8.90343268, 42.117077445 ] ] ], [ [ [ -8.904327007, 42.116554172 ], [ -8.903664908, 42.11762357 ], [ -8.9038969, 42.116090279 ], [ -8.904327007, 42.116554172 ] ] ], [ [ [ -8.905617634, 42.11691061 ], [ -8.90532294, 42.11751095 ], [ -8.904813945, 42.11697912 ], [ -8.905617634, 42.11691061 ] ] ], [ [ [ -8.904902625, 42.117541657 ], [ -8.904774713, 42.118115379 ], [ -8.904406774, 42.117540257 ], [ -8.904902625, 42.117541657 ] ] ], [ [ [ -8.90384462, 42.118514477 ], [ -8.904070609, 42.118214749 ], [ -8.90407909, 42.118565384 ], [ -8.90384462, 42.118514477 ] ] ], [ [ [ -8.905758182, 42.120495089 ], [ -8.905554938, 42.120649616 ], [ -8.90558102, 42.120540246 ], [ -8.905758182, 42.120495089 ] ] ], [ [ [ -8.910115366, 42.177818758 ], [ -8.910176098, 42.177950646 ], [ -8.909960468, 42.177844769 ], [ -8.910115366, 42.177818758 ] ] ], [ [ [ -8.906198193, 42.178120208 ], [ -8.906625425, 42.177900095 ], [ -8.906644667, 42.178106143 ], [ -8.906198193, 42.178120208 ] ] ], [ [ [ -8.910634151, 42.178449073 ], [ -8.910488784, 42.178447586 ], [ -8.91060034, 42.178216773 ], [ -8.910634151, 42.178449073 ] ] ], [ [ [ -8.910924884, 42.178452046 ], [ -8.910913163, 42.178326626 ], [ -8.911014539, 42.178375396 ], [ -8.910924884, 42.178452046 ] ] ], [ [ [ -8.910204748, 42.178516281 ], [ -8.909279207, 42.17884318 ], [ -8.909841051, 42.178120997 ], [ -8.910204748, 42.178516281 ] ] ], [ [ [ -8.910333101, 42.179112769 ], [ -8.910623324, 42.178980741 ], [ -8.910647089, 42.179105538 ], [ -8.910333101, 42.179112769 ] ] ], [ [ [ -8.911375603, 42.179130885 ], [ -8.911412895, 42.179011933 ], [ -8.911467771, 42.179081111 ], [ -8.911375603, 42.179130885 ] ] ], [ [ [ -8.907252932, 42.179046914 ], [ -8.907139689, 42.179259808 ], [ -8.906971398, 42.179142477 ], [ -8.907252932, 42.179046914 ] ] ], [ [ [ -8.909915925, 42.179440397 ], [ -8.910385653, 42.179416115 ], [ -8.910540231, 42.179516145 ], [ -8.909915925, 42.179440397 ] ] ], [ [ [ -8.911133429, 42.17964751 ], [ -8.911184441, 42.179545852 ], [ -8.911276286, 42.17962212 ], [ -8.911133429, 42.17964751 ] ] ], [ [ [ -8.91308566, 42.194183539 ], [ -8.912734935, 42.194057649 ], [ -8.91306471, 42.193959576 ], [ -8.91308566, 42.194183539 ] ] ], [ [ [ -8.91193206, 42.194792313 ], [ -8.911948931, 42.194584398 ], [ -8.912050335, 42.194633165 ], [ -8.91193206, 42.194792313 ] ] ], [ [ [ -8.911429162, 42.196663695 ], [ -8.911229179, 42.196466993 ], [ -8.911571537, 42.196503301 ], [ -8.911429162, 42.196663695 ] ] ], [ [ [ -8.912479496, 42.196762409 ], [ -8.912210055, 42.196470282 ], [ -8.91253167, 42.196543667 ], [ -8.912479496, 42.196762409 ] ] ], [ [ [ -8.911747426, 42.196701248 ], [ -8.911985863, 42.196661912 ], [ -8.911816042, 42.196787718 ], [ -8.911747426, 42.196701248 ] ] ], [ [ [ -8.910952805, 42.196877365 ], [ -8.910898231, 42.196682146 ], [ -8.911036619, 42.196738003 ], [ -8.910952805, 42.196877365 ] ] ], [ [ [ -8.910160371, 42.197206394 ], [ -8.91032517, 42.197026839 ], [ -8.910325688, 42.197161839 ], [ -8.910160371, 42.197206394 ] ] ], [ [ [ -8.893591978, 42.19154442 ], [ -8.912680442, 42.195545771 ], [ -8.909761569, 42.196695901 ], [ -8.909360972, 42.198237921 ], [ -8.91249014, 42.20593473 ], [ -8.893591978, 42.19154442 ] ] ], [ [ [ -8.911062576, 42.200769485 ], [ -8.911262688, 42.200579101 ], [ -8.911303543, 42.200757025 ], [ -8.911062576, 42.200769485 ] ] ], [ [ [ -8.913189902, 42.202414826 ], [ -8.9127923, 42.203470603 ], [ -8.912937822, 42.202049788 ], [ -8.913189902, 42.202414826 ] ] ], [ [ [ -8.913269649, 42.203914007 ], [ -8.913416438, 42.204059446 ], [ -8.913254772, 42.204013797 ], [ -8.913269649, 42.203914007 ] ] ], [ [ [ -8.913738309, 42.204393867 ], [ -8.913541547, 42.20462009 ], [ -8.913253621, 42.204130881 ], [ -8.913738309, 42.204393867 ] ] ], [ [ [ -8.91196594, 42.206672986 ], [ -8.91162185, 42.206618766 ], [ -8.911754186, 42.206350869 ], [ -8.91196594, 42.206672986 ] ] ], [ [ [ -8.898280304, 42.213636237 ], [ -8.898863552, 42.2153435 ], [ -8.897466488, 42.214128319 ], [ -8.898280304, 42.213636237 ] ] ], [ [ [ -8.916540016, 42.21621233 ], [ -8.916202668, 42.217265001 ], [ -8.915495758, 42.216311383 ], [ -8.916540016, 42.21621233 ] ] ], [ [ [ -8.909020786, 42.218680687 ], [ -8.909046046, 42.218562357 ], [ -8.90913879, 42.218647581 ], [ -8.909020786, 42.218680687 ] ] ], [ [ [ -8.914325222, 42.212087078 ], [ -8.903506786, 42.224339693 ], [ -8.906482905, 42.237769725 ], [ -8.910450272, 42.243397836 ], [ -8.917597387, 42.248429133 ], [ -8.914131684, 42.251525103 ], [ -8.895472132, 42.227400915 ], [ -8.914325222, 42.212087078 ] ] ], [ [ [ -8.906720663, 42.237721431 ], [ -8.906915547, 42.237603338 ], [ -8.906866168, 42.237722913 ], [ -8.906720663, 42.237721431 ] ] ], [ [ [ -8.909255681, 42.239696834 ], [ -8.909034272, 42.239402218 ], [ -8.909423937, 42.239553108 ], [ -8.909255681, 42.239696834 ] ] ], [ [ [ -8.902152205, 42.240036849 ], [ -8.902363861, 42.240097935 ], [ -8.902136471, 42.24012768 ], [ -8.902152205, 42.240036849 ] ] ], [ [ [ -8.910094325, 42.242831122 ], [ -8.91035506, 42.242898657 ], [ -8.910323086, 42.242945319 ], [ -8.910094325, 42.242831122 ] ] ], [ [ [ -8.911810891, 42.243696547 ], [ -8.911759391, 42.243276124 ], [ -8.91200662, 42.243587403 ], [ -8.911810891, 42.243696547 ] ] ], [ [ [ -8.903836407, 42.244054711 ], [ -8.903986764, 42.243848904 ], [ -8.904004365, 42.244037033 ], [ -8.903836407, 42.244054711 ] ] ], [ [ [ -8.918599821, 42.248395233 ], [ -8.918226926, 42.248036465 ], [ -8.918638806, 42.248294194 ], [ -8.918599821, 42.248395233 ] ] ], [ [ [ -8.910196481, 42.249613224 ], [ -8.910088492, 42.249753835 ], [ -8.91015779, 42.249588219 ], [ -8.910196481, 42.249613224 ] ] ], [ [ [ -8.912631058, 42.394722745 ], [ -8.912580485, 42.39495941 ], [ -8.912440794, 42.394894625 ], [ -8.912631058, 42.394722745 ] ] ], [ [ [ -8.917647597, 42.449706993 ], [ -8.917515637, 42.449596807 ], [ -8.917759247, 42.449602189 ], [ -8.917647597, 42.449706993 ] ] ], [ [ [ -8.917420911, 42.449880769 ], [ -8.917658948, 42.450084478 ], [ -8.917390547, 42.449945355 ], [ -8.917420911, 42.449880769 ] ] ], [ [ [ -8.917681199, 42.450191347 ], [ -8.917683242, 42.450470295 ], [ -8.917554665, 42.450395941 ], [ -8.917681199, 42.450191347 ] ] ], [ [ [ -8.917247436, 42.450231823 ], [ -8.917319514, 42.450480138 ], [ -8.917213437, 42.450386615 ], [ -8.917247436, 42.450231823 ] ] ], [ [ [ -8.916925671, 42.450428528 ], [ -8.916902671, 42.450699772 ], [ -8.916700076, 42.450485223 ], [ -8.916925671, 42.450428528 ] ] ], [ [ [ -8.918502129, 42.454505657 ], [ -8.918387086, 42.45457463 ], [ -8.918402214, 42.454348803 ], [ -8.918502129, 42.454505657 ] ] ], [ [ [ -8.918087698, 42.4543651 ], [ -8.91824785, 42.454644858 ], [ -8.917908538, 42.454527413 ], [ -8.918087698, 42.4543651 ] ] ], [ [ [ -8.918336514, 42.454811297 ], [ -8.918214453, 42.454934644 ], [ -8.918177562, 42.45480153 ], [ -8.918336514, 42.454811297 ] ] ], [ [ [ -8.902855694, 42.457970881 ], [ -8.90321244, 42.458015457 ], [ -8.903284751, 42.458137744 ], [ -8.902855694, 42.457970881 ] ] ], [ [ [ -8.916887139, 42.458127023 ], [ -8.916778859, 42.458267658 ], [ -8.916743661, 42.458152459 ], [ -8.916887139, 42.458127023 ] ] ], [ [ [ -8.901753396, 42.458270889 ], [ -8.901434631, 42.458242349 ], [ -8.901684464, 42.458184432 ], [ -8.901753396, 42.458270889 ] ] ], [ [ [ -8.917194408, 42.458291139 ], [ -8.91701439, 42.458444493 ], [ -8.91694036, 42.458304301 ], [ -8.917194408, 42.458291139 ] ] ], [ [ [ -8.902625006, 42.458360877 ], [ -8.902947149, 42.458425245 ], [ -8.902678187, 42.458538164 ], [ -8.902625006, 42.458360877 ] ] ], [ [ [ -8.902076104, 42.458470257 ], [ -8.90220777, 42.458319425 ], [ -8.902274169, 42.458379006 ], [ -8.902076104, 42.458470257 ] ] ], [ [ [ -8.904790539, 42.458636025 ], [ -8.904693184, 42.458506031 ], [ -8.904845116, 42.458570191 ], [ -8.904790539, 42.458636025 ] ] ], [ [ [ -8.903193052, 42.45858357 ], [ -8.902991335, 42.458765029 ], [ -8.903092892, 42.45855274 ], [ -8.903193052, 42.45858357 ] ] ], [ [ [ -8.903837342, 42.458712302 ], [ -8.903974368, 42.458876254 ], [ -8.903758569, 42.458779386 ], [ -8.903837342, 42.458712302 ] ] ], [ [ [ -8.90437417, 42.458990614 ], [ -8.904462805, 42.459157066 ], [ -8.90430665, 42.459048115 ], [ -8.90437417, 42.458990614 ] ] ], [ [ [ -8.91605295, 42.459205437 ], [ -8.916296, 42.459075825 ], [ -8.916283653, 42.459202489 ], [ -8.91605295, 42.459205437 ] ] ], [ [ [ -8.904042755, 42.459214786 ], [ -8.903167772, 42.459476052 ], [ -8.903326147, 42.458963768 ], [ -8.904042755, 42.459214786 ] ] ], [ [ [ -8.905253697, 42.45942224 ], [ -8.905214597, 42.459523281 ], [ -8.905132717, 42.459428495 ], [ -8.905253697, 42.45942224 ] ] ], [ [ [ -8.915054095, 42.460085334 ], [ -8.91532423, 42.460242377 ], [ -8.915078886, 42.460219077 ], [ -8.915054095, 42.460085334 ] ] ], [ [ [ -8.914743617, 42.460659523 ], [ -8.915018488, 42.46060928 ], [ -8.91497069, 42.460746782 ], [ -8.914743617, 42.460659523 ] ] ], [ [ [ -8.907175754, 42.460853154 ], [ -8.906231823, 42.461027992 ], [ -8.905700579, 42.460551362 ], [ -8.907175754, 42.460853154 ] ] ], [ [ [ -8.912155704, 42.475610413 ], [ -8.912195731, 42.475905399 ], [ -8.911771602, 42.475792328 ], [ -8.912155704, 42.475610413 ] ] ], [ [ [ -8.910814515, 42.47595889 ], [ -8.910871124, 42.476172002 ], [ -8.910657201, 42.475967032 ], [ -8.910814515, 42.47595889 ] ] ], [ [ [ -8.913985684, 42.476316822 ], [ -8.913732157, 42.476464977 ], [ -8.91351001, 42.476044395 ], [ -8.913985684, 42.476316822 ] ] ], [ [ [ -8.914408724, 42.476546964 ], [ -8.914719121, 42.47648588 ], [ -8.914735455, 42.476530043 ], [ -8.914408724, 42.476546964 ] ] ], [ [ [ -8.915527955, 42.476552009 ], [ -8.91582745, 42.476761539 ], [ -8.915585427, 42.476774076 ], [ -8.915527955, 42.476552009 ] ] ], [ [ [ -8.915257497, 42.476521009 ], [ -8.915063383, 42.476783112 ], [ -8.915040275, 42.476667286 ], [ -8.915257497, 42.476521009 ] ] ], [ [ [ -8.913743757, 42.476716425 ], [ -8.913866212, 42.476854113 ], [ -8.913704664, 42.476817469 ], [ -8.913743757, 42.476716425 ] ] ], [ [ [ -8.9162234, 42.476705022 ], [ -8.916108918, 42.476908991 ], [ -8.91603377, 42.476885878 ], [ -8.9162234, 42.476705022 ] ] ], [ [ [ -8.914361863, 42.477080495 ], [ -8.914403744, 42.476880287 ], [ -8.914519428, 42.47694631 ], [ -8.914361863, 42.477080495 ] ] ], [ [ [ -8.914811054, 42.47720126 ], [ -8.914572664, 42.477123588 ], [ -8.91465314, 42.477074412 ], [ -8.914811054, 42.47720126 ] ] ], [ [ [ -8.915831546, 42.477319436 ], [ -8.915689472, 42.477488827 ], [ -8.915655108, 42.477382586 ], [ -8.915831546, 42.477319436 ] ] ], [ [ [ -8.916312811, 42.477393525 ], [ -8.916044644, 42.477515438 ], [ -8.91601984, 42.477381696 ], [ -8.916312811, 42.477393525 ] ] ], [ [ [ -8.916448823, 42.477674535 ], [ -8.916216112, 42.47778561 ], [ -8.916098731, 42.477701673 ], [ -8.916448823, 42.477674535 ] ] ], [ [ [ -8.915491832, 42.478228207 ], [ -8.915551846, 42.478477147 ], [ -8.915407969, 42.478241552 ], [ -8.915491832, 42.478228207 ] ] ], [ [ [ -8.914578997, 42.478734575 ], [ -8.914066498, 42.478716107 ], [ -8.914638059, 42.478587488 ], [ -8.914578997, 42.478734575 ] ] ], [ [ [ -8.901026176, 42.479705689 ], [ -8.900835371, 42.480003604 ], [ -8.900837612, 42.479769442 ], [ -8.901026176, 42.479705689 ] ] ], [ [ [ -8.900161921, 42.481244634 ], [ -8.899830368, 42.481081726 ], [ -8.899979251, 42.480984017 ], [ -8.900161921, 42.481244634 ] ] ], [ [ [ -8.908684244, 42.532447195 ], [ -8.908002831, 42.534507852 ], [ -8.907055516, 42.534529857 ], [ -8.908684244, 42.532447195 ] ] ], [ [ [ -8.902095233, 42.536136609 ], [ -8.902409321, 42.536111373 ], [ -8.902335537, 42.53623221 ], [ -8.902095233, 42.536136609 ] ] ], [ [ [ -8.903116431, 42.536380881 ], [ -8.902803119, 42.536028005 ], [ -8.903085948, 42.536058393 ], [ -8.903116431, 42.536380881 ] ] ], [ [ [ -8.900763832, 42.537375648 ], [ -8.904075484, 42.541246269 ], [ -8.897238344, 42.543480948 ], [ -8.900763832, 42.537375648 ] ] ], [ [ [ -8.906274922, 42.540304364 ], [ -8.905782363, 42.542175203 ], [ -8.905694225, 42.539956323 ], [ -8.906274922, 42.540304364 ] ] ], [ [ [ -8.906653417, 42.54314735 ], [ -8.906557504, 42.542648212 ], [ -8.906837573, 42.542777753 ], [ -8.906653417, 42.54314735 ] ] ], [ [ [ -8.914816945, 42.544381086 ], [ -8.914873588, 42.543694018 ], [ -8.915472425, 42.544104082 ], [ -8.914816945, 42.544381086 ] ] ], [ [ [ -8.91174379, 42.544324197 ], [ -8.91301729, 42.545302459 ], [ -8.912389408, 42.545614028 ], [ -8.91174379, 42.544324197 ] ] ], [ [ [ -8.907220692, 42.543739126 ], [ -8.906108953, 42.545885046 ], [ -8.905993762, 42.543766585 ], [ -8.907220692, 42.543739126 ] ] ], [ [ [ -8.913354091, 42.545645088 ], [ -8.917052392, 42.545489503 ], [ -8.916577967, 42.547548486 ], [ -8.913354091, 42.545645088 ] ] ], [ [ [ -8.918426949, 42.586169302 ], [ -8.917676655, 42.585965146 ], [ -8.918386763, 42.585874326 ], [ -8.918426949, 42.586169302 ] ] ], [ [ [ -8.918735853, 42.591860418 ], [ -8.918475093, 42.591936949 ], [ -8.918744573, 42.591823959 ], [ -8.918735853, 42.591860418 ] ] ], [ [ [ -8.918140878, 42.595987073 ], [ -8.917707392, 42.595784499 ], [ -8.917921588, 42.595602362 ], [ -8.918140878, 42.595987073 ] ] ], [ [ [ -8.917302431, 42.620641438 ], [ -8.917381374, 42.620574333 ], [ -8.917389887, 42.62066391 ], [ -8.917302431, 42.620641438 ] ] ], [ [ [ -8.917202845, 42.620619594 ], [ -8.917271152, 42.62069707 ], [ -8.917222636, 42.620699585 ], [ -8.917202845, 42.620619594 ] ] ], [ [ [ -8.916820836, 43.294049564 ], [ -8.916896399, 43.293559539 ], [ -8.917198402, 43.29387693 ], [ -8.916820836, 43.294049564 ] ] ], [ [ [ -8.917467291, 43.293853968 ], [ -8.917433059, 43.294008777 ], [ -8.917318344, 43.293969724 ], [ -8.917467291, 43.293853968 ] ] ], [ [ [ -8.911945743, 43.30373653 ], [ -8.911229209, 43.303719684 ], [ -8.911504454, 43.30338134 ], [ -8.911945743, 43.30373653 ] ] ], [ [ [ -8.910262305, 43.304931074 ], [ -8.909985675, 43.304621351 ], [ -8.910381684, 43.304510796 ], [ -8.910262305, 43.304931074 ] ] ], [ [ [ -8.908848284, 43.305220438 ], [ -8.90900363, 43.306184589 ], [ -8.908057678, 43.305963572 ], [ -8.908848284, 43.305220438 ] ] ], [ [ [ -8.913912615, 43.306470082 ], [ -8.914026415, 43.306626211 ], [ -8.913785548, 43.306557692 ], [ -8.913912615, 43.306470082 ] ] ], [ [ [ -8.915269482, 43.306606709 ], [ -8.915334228, 43.306765383 ], [ -8.915202867, 43.306682182 ], [ -8.915269482, 43.306606709 ] ] ], [ [ [ -8.903599343, 43.32199293 ], [ -8.903571493, 43.321706312 ], [ -8.903842171, 43.321827319 ], [ -8.903599343, 43.32199293 ] ] ], [ [ [ -8.903420297, 43.322434295 ], [ -8.903323192, 43.322196274 ], [ -8.903501904, 43.322259032 ], [ -8.903420297, 43.322434295 ] ] ], [ [ [ -8.875923304, 41.86907055 ], [ -8.875017072, 41.869693171 ], [ -8.875737375, 41.868882057 ], [ -8.875923304, 41.86907055 ] ] ], [ [ [ -8.876145772, 41.872407756 ], [ -8.876035327, 41.872647469 ], [ -8.875916734, 41.872536534 ], [ -8.876145772, 41.872407756 ] ] ], [ [ [ -8.877196109, 41.873614069 ], [ -8.877073393, 41.873458339 ], [ -8.877353223, 41.873488981 ], [ -8.877303996, 41.87360853 ], [ -8.877196109, 41.873614069 ] ] ], [ [ [ -8.877280845, 41.87361872 ], [ -8.877303996, 41.87360853 ], [ -8.877315983, 41.873607915 ], [ -8.877280845, 41.87361872 ] ] ], [ [ [ -8.877551819, 41.87420792 ], [ -8.877516064, 41.874866878 ], [ -8.877136374, 41.874274259 ], [ -8.877551819, 41.87420792 ] ] ], [ [ [ -8.877410482, 41.875421402 ], [ -8.877790052, 41.875095855 ], [ -8.877827502, 41.875634033 ], [ -8.877410482, 41.875421402 ] ] ], [ [ [ -8.880133205, 41.875821673 ], [ -8.879251428, 41.876056 ], [ -8.88003775, 41.875700553 ], [ -8.880133205, 41.875821673 ] ] ], [ [ [ -8.881781563, 41.879859754 ], [ -8.882161012, 41.880056296 ], [ -8.881790191, 41.880084352 ], [ -8.881781563, 41.879859754 ] ] ], [ [ [ -8.882969192, 41.880068773 ], [ -8.882888955, 41.880243929 ], [ -8.882793488, 41.880122812 ], [ -8.882969192, 41.880068773 ] ] ], [ [ [ -8.885290161, 41.881335723 ], [ -8.885330643, 41.881513675 ], [ -8.885108244, 41.881453096 ], [ -8.885290161, 41.881335723 ] ] ], [ [ [ -8.885047816, 41.881843274 ], [ -8.885140037, 41.881667501 ], [ -8.885393405, 41.881933526 ], [ -8.885047816, 41.881843274 ] ] ], [ [ [ -8.885445785, 41.882632963 ], [ -8.88479212, 41.88299063 ], [ -8.884798429, 41.882405197 ], [ -8.885445785, 41.882632963 ] ] ], [ [ [ -8.887771882, 41.934912839 ], [ -8.887839726, 41.935125392 ], [ -8.887715603, 41.93508677 ], [ -8.887771882, 41.934912839 ] ] ], [ [ [ -8.887175199, 41.943729319 ], [ -8.887263747, 41.943904801 ], [ -8.887061813, 41.943807168 ], [ -8.887175199, 41.943729319 ] ] ], [ [ [ -8.887023601, 41.947049804 ], [ -8.886855167, 41.947184495 ], [ -8.886846067, 41.947085943 ], [ -8.887023601, 41.947049804 ] ] ], [ [ [ -8.888661156, 41.96595046 ], [ -8.888933531, 41.965765406 ], [ -8.888986935, 41.965951697 ], [ -8.888661156, 41.96595046 ] ] ], [ [ [ -8.889817123, 41.971148044 ], [ -8.889259889, 41.970861663 ], [ -8.889945858, 41.970844356 ], [ -8.889817123, 41.971148044 ] ] ], [ [ [ -8.889064057, 41.980224675 ], [ -8.889309988, 41.980013975 ], [ -8.889411438, 41.980197791 ], [ -8.889064057, 41.980224675 ] ] ], [ [ [ -8.888671649, 41.98250434 ], [ -8.888906016, 41.982690317 ], [ -8.888626932, 41.982542649 ], [ -8.888671649, 41.98250434 ] ] ], [ [ [ -8.887621707, 41.98576304 ], [ -8.88796954, 41.985871165 ], [ -8.887918612, 41.985972807 ], [ -8.887621707, 41.98576304 ] ] ], [ [ [ -8.88145914, 41.998331567 ], [ -8.88135601, 41.99839088 ], [ -8.881287676, 41.998304375 ], [ -8.88145914, 41.998331567 ] ] ], [ [ [ -8.880356611, 41.998676304 ], [ -8.880582348, 41.998376641 ], [ -8.880702852, 41.998766529 ], [ -8.880356611, 41.998676304 ] ] ], [ [ [ -8.884654523, 42.003784417 ], [ -8.884724114, 42.004014886 ], [ -8.884317364, 42.003792758 ], [ -8.884654523, 42.003784417 ] ] ], [ [ [ -8.885327287, 42.006621408 ], [ -8.885350083, 42.006998314 ], [ -8.885207583, 42.006762594 ], [ -8.885327287, 42.006621408 ] ] ], [ [ [ -8.884554874, 42.010144872 ], [ -8.885057342, 42.009965991 ], [ -8.884904499, 42.010270916 ], [ -8.884554874, 42.010144872 ] ] ], [ [ [ -8.887929152, 42.021691689 ], [ -8.888014115, 42.021957372 ], [ -8.88770916, 42.021793032 ], [ -8.887929152, 42.021691689 ] ] ], [ [ [ -8.891159904, 42.026332347 ], [ -8.891050845, 42.025806853 ], [ -8.891325985, 42.025909707 ], [ -8.891159904, 42.026332347 ] ] ], [ [ [ -8.890486741, 42.027276204 ], [ -8.889783487, 42.026592267 ], [ -8.890821489, 42.026979907 ], [ -8.890486741, 42.027276204 ] ] ], [ [ [ -8.885295215, 42.036014201 ], [ -8.886094174, 42.035775049 ], [ -8.885473018, 42.036239102 ], [ -8.885295215, 42.036014201 ] ] ], [ [ [ -8.891374183, 42.042452666 ], [ -8.88905583, 42.042977139 ], [ -8.888207377, 42.042552722 ], [ -8.891374183, 42.042452666 ] ] ], [ [ [ -8.891744157, 42.043837901 ], [ -8.892180115, 42.043590397 ], [ -8.892289174, 42.043854835 ], [ -8.891744157, 42.043837901 ] ] ], [ [ [ -8.889762578, 42.045911367 ], [ -8.89039092, 42.045915017 ], [ -8.890335415, 42.046097913 ], [ -8.889762578, 42.045911367 ] ] ], [ [ [ -8.887820096, 42.046974577 ], [ -8.887830495, 42.047217093 ], [ -8.887710691, 42.047097233 ], [ -8.887820096, 42.046974577 ] ] ], [ [ [ -8.887618365, 42.047795131 ], [ -8.887344791, 42.047710192 ], [ -8.88753213, 42.047646538 ], [ -8.887618365, 42.047795131 ] ] ], [ [ [ -8.887398836, 42.048814641 ], [ -8.88699762, 42.048916309 ], [ -8.886924235, 42.048776056 ], [ -8.887398836, 42.048814641 ] ] ], [ [ [ -8.891831268, 42.057408239 ], [ -8.891370615, 42.056999878 ], [ -8.892256955, 42.057179266 ], [ -8.891831268, 42.057408239 ] ] ], [ [ [ -8.895058737, 42.059645432 ], [ -8.893803759, 42.059269019 ], [ -8.893829016, 42.059150693 ], [ -8.895058737, 42.059645432 ] ] ], [ [ [ -8.895697663, 42.083566473 ], [ -8.895502367, 42.083675562 ], [ -8.895509399, 42.083621188 ], [ -8.895697663, 42.083566473 ] ] ], [ [ [ -8.895059388, 42.084760618 ], [ -8.894944114, 42.084820571 ], [ -8.895003789, 42.084682467 ], [ -8.895059388, 42.084760618 ] ] ], [ [ [ -8.897624104, 42.087130903 ], [ -8.897434902, 42.086915614 ], [ -8.897605782, 42.086933807 ], [ -8.897624104, 42.087130903 ] ] ], [ [ [ -8.897573716, 42.088798847 ], [ -8.897117949, 42.087796137 ], [ -8.898054885, 42.087864844 ], [ -8.897573716, 42.088798847 ] ] ], [ [ [ -8.895784461, 42.093473058 ], [ -8.896163543, 42.093390501 ], [ -8.896238676, 42.093548661 ], [ -8.895784461, 42.093473058 ] ] ], [ [ [ -8.897208214, 42.095137008 ], [ -8.897557881, 42.095127977 ], [ -8.897224041, 42.095307227 ], [ -8.897208214, 42.095137008 ] ] ], [ [ [ -8.897007254, 42.095705486 ], [ -8.89689946, 42.095846073 ], [ -8.896849213, 42.095695632 ], [ -8.897007254, 42.095705486 ] ] ], [ [ [ -8.896262874, 42.097319197 ], [ -8.896425549, 42.09750885 ], [ -8.896253808, 42.097481698 ], [ -8.896262874, 42.097319197 ] ] ], [ [ [ -8.879374996, 42.111241441 ], [ -8.879303234, 42.111380159 ], [ -8.879153862, 42.111333827 ], [ -8.879374996, 42.111241441 ] ] ], [ [ [ -8.878608257, 42.111316867 ], [ -8.878575081, 42.111480606 ], [ -8.878410354, 42.111399056 ], [ -8.878608257, 42.111316867 ] ] ], [ [ [ -8.879117795, 42.111596736 ], [ -8.879070066, 42.111473163 ], [ -8.879172971, 42.111539888 ], [ -8.879117795, 42.111596736 ] ] ], [ [ [ -8.876972804, 42.112715206 ], [ -8.877351223, 42.112884797 ], [ -8.87696452, 42.112886668 ], [ -8.876972804, 42.112715206 ] ] ], [ [ [ -8.885632598, 42.113143004 ], [ -8.885585744, 42.113289445 ], [ -8.8854347, 42.113225204 ], [ -8.885632598, 42.113143004 ] ] ], [ [ [ -8.885975833, 42.113584433 ], [ -8.885946273, 42.11313586 ], [ -8.886270823, 42.113506235 ], [ -8.885975833, 42.113584433 ] ] ], [ [ [ -8.876286174, 42.113524656 ], [ -8.876165441, 42.113656886 ], [ -8.876115225, 42.113506434 ], [ -8.876286174, 42.113524656 ] ] ], [ [ [ -8.889467059, 42.113944789 ], [ -8.889633775, 42.113657144 ], [ -8.889614778, 42.113973188 ], [ -8.889467059, 42.113944789 ] ] ], [ [ [ -8.875451828, 42.114566738 ], [ -8.874977575, 42.114798148 ], [ -8.874906616, 42.114684769 ], [ -8.875451828, 42.114566738 ] ] ], [ [ [ -8.874754366, 42.11525971 ], [ -8.875273449, 42.115251045 ], [ -8.875266821, 42.115440426 ], [ -8.874754366, 42.11525971 ] ] ], [ [ [ -8.875756025, 42.115370281 ], [ -8.875930321, 42.115685393 ], [ -8.875748163, 42.115676749 ], [ -8.875756025, 42.115370281 ] ] ], [ [ [ -8.873840291, 42.115963805 ], [ -8.874273885, 42.115554451 ], [ -8.874512056, 42.11551521 ], [ -8.873840291, 42.115963805 ] ] ], [ [ [ -8.875472655, 42.115834936 ], [ -8.875757316, 42.116036355 ], [ -8.87540959, 42.115937197 ], [ -8.875472655, 42.115834936 ] ] ], [ [ [ -8.878060489, 42.146209365 ], [ -8.878134343, 42.145962517 ], [ -8.87824812, 42.146145707 ], [ -8.878060489, 42.146209365 ] ] ], [ [ [ -8.877034257, 42.146100084 ], [ -8.877991354, 42.147419173 ], [ -8.875825479, 42.146891362 ], [ -8.877034257, 42.146100084 ] ] ], [ [ [ -8.875504183, 42.147078909 ], [ -8.87566109, 42.146944819 ], [ -8.875743301, 42.147048617 ], [ -8.875504183, 42.147078909 ] ] ], [ [ [ -8.868435941, 42.147297871 ], [ -8.868650987, 42.147268829 ], [ -8.868646421, 42.147350081 ], [ -8.868435941, 42.147297871 ] ] ], [ [ [ -8.873584577, 42.14724955 ], [ -8.873605354, 42.14747353 ], [ -8.873489522, 42.147398463 ], [ -8.873584577, 42.14724955 ] ] ], [ [ [ -8.874827931, 42.14722168 ], [ -8.875075854, 42.147938095 ], [ -8.874434823, 42.147547942 ], [ -8.874827931, 42.14722168 ] ] ], [ [ [ -8.873893514, 42.147971835 ], [ -8.873521104, 42.147738913 ], [ -8.873970685, 42.147499772 ], [ -8.873893514, 42.147971835 ] ] ], [ [ [ -8.874520788, 42.147822584 ], [ -8.874658637, 42.148004542 ], [ -8.874539075, 42.148019686 ], [ -8.874520788, 42.147822584 ] ] ], [ [ [ -8.868826197, 42.148376073 ], [ -8.868812079, 42.148223766 ], [ -8.868934965, 42.148244464 ], [ -8.868826197, 42.148376073 ] ] ], [ [ [ -8.873583865, 42.14854586 ], [ -8.873603813, 42.148760881 ], [ -8.873488381, 42.148559767 ], [ -8.873583865, 42.14854586 ] ] ], [ [ [ -8.897819376, 42.238136064 ], [ -8.897744867, 42.237986877 ], [ -8.897991842, 42.238037146 ], [ -8.897819376, 42.238136064 ] ] ], [ [ [ -8.897924359, 42.238481719 ], [ -8.898057646, 42.238222789 ], [ -8.898123449, 42.238408433 ], [ -8.897924359, 42.238481719 ] ] ], [ [ [ -8.890921354, 42.404603046 ], [ -8.890801103, 42.404357195 ], [ -8.891071766, 42.404523276 ], [ -8.890921354, 42.404603046 ] ] ], [ [ [ -8.881794382, 42.423464092 ], [ -8.881232982, 42.423826064 ], [ -8.881129162, 42.423237287 ], [ -8.881794382, 42.423464092 ] ] ], [ [ [ -8.880296138, 42.429383427 ], [ -8.879391395, 42.43023116 ], [ -8.879034134, 42.429790452 ], [ -8.880296138, 42.429383427 ] ] ], [ [ [ -8.878184964, 42.437062642 ], [ -8.877478789, 42.436918941 ], [ -8.878174374, 42.436820137 ], [ -8.878184964, 42.437062642 ] ] ], [ [ [ -8.8742711, 42.43744401 ], [ -8.873973777, 42.43751331 ], [ -8.8740996, 42.437299797 ], [ -8.8742711, 42.43744401 ] ] ], [ [ [ -8.874439065, 42.437939477 ], [ -8.87482743, 42.438063534 ], [ -8.874568068, 42.438148888 ], [ -8.874439065, 42.437939477 ] ] ], [ [ [ -8.873086156, 42.438027045 ], [ -8.873686844, 42.438212205 ], [ -8.873525075, 42.43830154 ], [ -8.873086156, 42.438027045 ] ] ], [ [ [ -8.891894207, 42.455944309 ], [ -8.891704859, 42.455999084 ], [ -8.891732724, 42.455907629 ], [ -8.891894207, 42.455944309 ] ] ], [ [ [ -8.891921175, 42.456230975 ], [ -8.891993163, 42.456479312 ], [ -8.891823252, 42.456353049 ], [ -8.891921175, 42.456230975 ] ] ], [ [ [ -8.892444149, 42.456492055 ], [ -8.892314148, 42.456660794 ], [ -8.892255643, 42.45655579 ], [ -8.892444149, 42.456492055 ] ] ], [ [ [ -8.893653031, 42.456807762 ], [ -8.893403489, 42.456739621 ], [ -8.893657541, 42.456726513 ], [ -8.893653031, 42.456807762 ] ] ], [ [ [ -8.892672568, 42.45672332 ], [ -8.892513314, 42.456839557 ], [ -8.892454809, 42.456734554 ], [ -8.892672568, 42.45672332 ] ] ], [ [ [ -8.894147351, 42.456764252 ], [ -8.894246368, 42.456912173 ], [ -8.894107391, 42.456856332 ], [ -8.894147351, 42.456764252 ] ] ], [ [ [ -8.893064456, 42.456883138 ], [ -8.89331033, 42.457041487 ], [ -8.893047847, 42.456965011 ], [ -8.893064456, 42.456883138 ] ] ], [ [ [ -8.894486049, 42.457133851 ], [ -8.89448297, 42.456971978 ], [ -8.89453642, 42.45702323 ], [ -8.894486049, 42.457133851 ] ] ], [ [ [ -8.89390114, 42.457119025 ], [ -8.894062921, 42.457029661 ], [ -8.894078391, 42.457064869 ], [ -8.89390114, 42.457119025 ] ] ], [ [ [ -8.894162487, 42.45731258 ], [ -8.89396555, 42.457286735 ], [ -8.894178252, 42.457221749 ], [ -8.894162487, 42.45731258 ] ] ], [ [ [ -8.888363179, 42.487164598 ], [ -8.888645535, 42.486933998 ], [ -8.888648609, 42.487095872 ], [ -8.888363179, 42.487164598 ] ] ], [ [ [ -8.888902982, 42.487730886 ], [ -8.888915333, 42.487991301 ], [ -8.88877093, 42.488007749 ], [ -8.888902982, 42.487730886 ] ] ], [ [ [ -8.89668085, 42.489859085 ], [ -8.896459038, 42.489699503 ], [ -8.89667691, 42.489688255 ], [ -8.89668085, 42.489859085 ] ] ], [ [ [ -8.892718296, 42.49014462 ], [ -8.892377719, 42.489757111 ], [ -8.892959271, 42.489862133 ], [ -8.892718296, 42.49014462 ] ] ], [ [ [ -8.896625395, 42.490303036 ], [ -8.896501258, 42.490147413 ], [ -8.896663678, 42.490193038 ], [ -8.896625395, 42.490303036 ] ] ], [ [ [ -8.892210182, 42.490431887 ], [ -8.892488553, 42.490804603 ], [ -8.892067171, 42.490592296 ], [ -8.892210182, 42.490431887 ] ] ], [ [ [ -8.89569759, 42.490783021 ], [ -8.895314209, 42.490199691 ], [ -8.895675645, 42.49016303 ], [ -8.89569759, 42.490783021 ] ] ], [ [ [ -8.896356003, 42.490929066 ], [ -8.896190483, 42.491108645 ], [ -8.896128555, 42.490967814 ], [ -8.896356003, 42.490929066 ] ] ], [ [ [ -8.891580892, 42.492273712 ], [ -8.891656374, 42.491783721 ], [ -8.891786118, 42.492128098 ], [ -8.891580892, 42.492273712 ] ] ], [ [ [ -8.89358379, 42.491972334 ], [ -8.89370426, 42.492218168 ], [ -8.89336984, 42.492154409 ], [ -8.89358379, 42.491972334 ] ] ], [ [ [ -8.89607139, 42.493329234 ], [ -8.896197506, 42.492989657 ], [ -8.896202008, 42.493295485 ], [ -8.89607139, 42.493329234 ] ] ], [ [ [ -8.896638624, 42.493669022 ], [ -8.896784445, 42.49379652 ], [ -8.896632994, 42.493867352 ], [ -8.896638624, 42.493669022 ] ] ], [ [ [ -8.894603018, 42.494656279 ], [ -8.894385413, 42.494541485 ], [ -8.894615408, 42.494529614 ], [ -8.894603018, 42.494656279 ] ] ], [ [ [ -8.892720249, 42.494942476 ], [ -8.892537273, 42.494807888 ], [ -8.892800209, 42.494758314 ], [ -8.892720249, 42.494942476 ] ] ], [ [ [ -8.891110784, 42.495547611 ], [ -8.890946633, 42.495871141 ], [ -8.890874293, 42.495748847 ], [ -8.891110784, 42.495547611 ] ] ], [ [ [ -8.891654358, 42.496023672 ], [ -8.891640012, 42.495871381 ], [ -8.89176866, 42.495945761 ], [ -8.891654358, 42.496023672 ] ] ], [ [ [ -8.892226106, 42.496282233 ], [ -8.892184146, 42.496482437 ], [ -8.892059162, 42.496317851 ], [ -8.892226106, 42.496282233 ] ] ], [ [ [ -8.887613872, 42.496907172 ], [ -8.886648494, 42.497118967 ], [ -8.887537918, 42.496488003 ], [ -8.887613872, 42.496907172 ] ] ], [ [ [ -8.888160364, 42.498706364 ], [ -8.888532867, 42.498399101 ], [ -8.888199212, 42.498731367 ], [ -8.888160364, 42.498706364 ] ] ], [ [ [ -8.878779089, 42.498811568 ], [ -8.878658553, 42.4989528 ], [ -8.878657185, 42.498808841 ], [ -8.878779089, 42.498811568 ] ] ], [ [ [ -8.868409341, 42.499272853 ], [ -8.868843662, 42.499493585 ], [ -8.868371844, 42.499391804 ], [ -8.868409341, 42.499272853 ] ] ], [ [ [ -8.878534855, 42.500354448 ], [ -8.878682659, 42.500373846 ], [ -8.878632233, 42.500484463 ], [ -8.878534855, 42.500354448 ] ] ], [ [ [ -8.878306934, 42.500906289 ], [ -8.878322517, 42.500554416 ], [ -8.878520432, 42.500589238 ], [ -8.878306934, 42.500906289 ] ] ], [ [ [ -8.876224075, 42.500878448 ], [ -8.875604507, 42.501405424 ], [ -8.87598511, 42.500665697 ], [ -8.876224075, 42.500878448 ] ] ], [ [ [ -8.868388294, 42.520563266 ], [ -8.868666992, 42.520161865 ], [ -8.8686443, 42.520568114 ], [ -8.868388294, 42.520563266 ] ] ], [ [ [ -8.870213379, 42.521855748 ], [ -8.870240925, 42.521242208 ], [ -8.870552109, 42.52131623 ], [ -8.870213379, 42.521855748 ] ] ], [ [ [ -8.878154836, 42.527622505 ], [ -8.877124806, 42.527540493 ], [ -8.877514161, 42.52715138 ], [ -8.878154836, 42.527622505 ] ] ], [ [ [ -8.871954229, 42.535458029 ], [ -8.871107778, 42.535258502 ], [ -8.871717783, 42.534885068 ], [ -8.871954229, 42.535458029 ] ] ], [ [ [ -8.87538241, 42.534894621 ], [ -8.87418087, 42.536225692 ], [ -8.874340354, 42.535074256 ], [ -8.87538241, 42.534894621 ] ] ], [ [ [ -8.877528001, 42.536611578 ], [ -8.876840591, 42.53680899 ], [ -8.877288438, 42.535876757 ], [ -8.877528001, 42.536611578 ] ] ], [ [ [ -8.888566561, 42.544468577 ], [ -8.888145078, 42.544517317 ], [ -8.888258351, 42.544169407 ], [ -8.888566561, 42.544468577 ] ] ], [ [ [ -8.887937436, 42.54451002 ], [ -8.887209103, 42.545177699 ], [ -8.887537379, 42.544269595 ], [ -8.887937436, 42.54451002 ] ] ], [ [ [ -8.888039376, 42.545720007 ], [ -8.887807517, 42.545326881 ], [ -8.888231813, 42.545566055 ], [ -8.888039376, 42.545720007 ] ] ], [ [ [ -8.875041012, 42.547955827 ], [ -8.874550265, 42.547657009 ], [ -8.874799636, 42.547590169 ], [ -8.875041012, 42.547955827 ] ] ], [ [ [ -8.873862835, 42.548502536 ], [ -8.8740059, 42.547694015 ], [ -8.874387504, 42.548385528 ], [ -8.873862835, 42.548502536 ] ] ], [ [ [ -8.863852998, 42.526179327 ], [ -8.881804212, 42.530189154 ], [ -8.871077009, 42.532082438 ], [ -8.870013453, 42.560906974 ], [ -8.874478585, 42.563323885 ], [ -8.880741811, 42.557681405 ], [ -8.891915164, 42.568465698 ], [ -8.876651631, 42.574887448 ], [ -8.85587805, 42.565989662 ], [ -8.868028585, 42.543293374 ], [ -8.863852998, 42.526179327 ] ] ], [ [ [ -8.877779722, 42.555061354 ], [ -8.877900732, 42.554406993 ], [ -8.877981494, 42.555005958 ], [ -8.877779722, 42.555061354 ] ] ], [ [ [ -8.874564652, 42.554407637 ], [ -8.87431497, 42.555635731 ], [ -8.873308268, 42.55399517 ], [ -8.874564652, 42.554407637 ] ] ], [ [ [ -8.872795778, 42.555794891 ], [ -8.872932015, 42.555301785 ], [ -8.873157611, 42.555758277 ], [ -8.872795778, 42.555794891 ] ] ], [ [ [ -8.87753157, 42.557468615 ], [ -8.877737263, 42.557584053 ], [ -8.877543382, 42.557594033 ], [ -8.87753157, 42.557468615 ] ] ], [ [ [ -8.882270305, 42.557620678 ], [ -8.882774721, 42.557675708 ], [ -8.88284232, 42.558005293 ], [ -8.882270305, 42.557620678 ] ] ], [ [ [ -8.875933181, 42.558856144 ], [ -8.875967929, 42.558449274 ], [ -8.876157823, 42.558655546 ], [ -8.875933181, 42.558856144 ] ] ], [ [ [ -8.872765474, 42.560648442 ], [ -8.871802651, 42.56012184 ], [ -8.87213922, 42.559816473 ], [ -8.872765474, 42.560648442 ] ] ], [ [ [ -8.89000977, 42.564666217 ], [ -8.889499939, 42.564683513 ], [ -8.889507823, 42.564251019 ], [ -8.89000977, 42.564666217 ] ] ], [ [ [ -8.890378732, 42.566123481 ], [ -8.890604194, 42.565931814 ], [ -8.890672401, 42.566009311 ], [ -8.890378732, 42.566123481 ] ] ], [ [ [ -8.891188494, 42.567089908 ], [ -8.891216097, 42.566737413 ], [ -8.891516831, 42.566955943 ], [ -8.891188494, 42.567089908 ] ] ], [ [ [ -8.877829791, 42.601985342 ], [ -8.876670103, 42.602738182 ], [ -8.876843438, 42.601216951 ], [ -8.877829791, 42.601985342 ] ] ], [ [ [ -8.869419175, 42.604929548 ], [ -8.868830738, 42.604374677 ], [ -8.86918726, 42.604149307 ], [ -8.869419175, 42.604929548 ] ] ], [ [ [ -8.874481239, 43.31910457 ], [ -8.877282844, 43.320409442 ], [ -8.877288947, 43.321237304 ], [ -8.874481239, 43.31910457 ] ] ], [ [ [ -8.878118668, 43.320510369 ], [ -8.878386101, 43.320343543 ], [ -8.878217543, 43.320640298 ], [ -8.878118668, 43.320510369 ] ] ], [ [ [ -8.878505828, 43.321453606 ], [ -8.877655123, 43.321326444 ], [ -8.877922835, 43.320907551 ], [ -8.878505828, 43.321453606 ] ] ], [ [ [ -8.868185747, 42.119008702 ], [ -8.868297382, 42.118777926 ], [ -8.868423937, 42.118969473 ], [ -8.868185747, 42.119008702 ] ] ], [ [ [ -8.862417793, 42.121879099 ], [ -8.862729034, 42.121845139 ], [ -8.862764707, 42.121969336 ], [ -8.862417793, 42.121879099 ] ] ], [ [ [ -8.855994843, 42.12290135 ], [ -8.856081247, 42.122527846 ], [ -8.856324812, 42.122677407 ], [ -8.855994843, 42.12290135 ] ] ], [ [ [ -8.853031027, 42.145269867 ], [ -8.852918979, 42.145104565 ], [ -8.853086254, 42.145213028 ], [ -8.853031027, 42.145269867 ] ] ], [ [ [ -8.867615618, 42.145755633 ], [ -8.867809071, 42.146015763 ], [ -8.86753674, 42.145948721 ], [ -8.867615618, 42.145755633 ] ] ], [ [ [ -8.866580252, 42.146330871 ], [ -8.866609317, 42.146122336 ], [ -8.866889949, 42.146278973 ], [ -8.866580252, 42.146330871 ] ] ], [ [ [ -8.868474543, 42.146539729 ], [ -8.867936519, 42.146216267 ], [ -8.868852313, 42.145917211 ], [ -8.868474543, 42.146539729 ] ] ], [ [ [ -8.862903007, 42.14528622 ], [ -8.865539039, 42.147365498 ], [ -8.862353671, 42.146538647 ], [ -8.862903007, 42.14528622 ] ] ], [ [ [ -8.853234866, 42.14525043 ], [ -8.857394956, 42.147855003 ], [ -8.855623763, 42.148584859 ], [ -8.853234866, 42.14525043 ] ] ], [ [ [ -8.859264476, 42.147273113 ], [ -8.859090553, 42.147092985 ], [ -8.859328422, 42.147179817 ], [ -8.859264476, 42.147273113 ] ] ], [ [ [ -8.85972151, 42.147636775 ], [ -8.859634315, 42.147740265 ], [ -8.859603603, 42.147669823 ], [ -8.85972151, 42.147636775 ] ] ], [ [ [ -8.847761769, 42.148726167 ], [ -8.847629784, 42.148606891 ], [ -8.847808729, 42.148579735 ], [ -8.847761769, 42.148726167 ] ] ], [ [ [ -8.850183395, 42.153463335 ], [ -8.850197471, 42.153615648 ], [ -8.850103249, 42.153512446 ], [ -8.850183395, 42.153463335 ] ] ], [ [ [ -8.850216446, 42.154082778 ], [ -8.850436944, 42.153981476 ], [ -8.850378326, 42.154263536 ], [ -8.850216446, 42.154082778 ] ] ], [ [ [ -8.850140507, 42.157057304 ], [ -8.850078264, 42.156907456 ], [ -8.850244741, 42.157006961 ], [ -8.850140507, 42.157057304 ] ] ], [ [ [ -8.849823596, 42.157424595 ], [ -8.849636726, 42.15749717 ], [ -8.849593977, 42.157427341 ], [ -8.849823596, 42.157424595 ] ] ], [ [ [ -8.849797718, 42.157930028 ], [ -8.849732989, 42.157753301 ], [ -8.849908198, 42.157816352 ], [ -8.849797718, 42.157930028 ] ] ], [ [ [ -8.842721345, 42.158075821 ], [ -8.842547796, 42.158030678 ], [ -8.842553222, 42.157958385 ], [ -8.842721345, 42.158075821 ] ] ], [ [ [ -8.841856807, 42.158147003 ], [ -8.842022348, 42.158498623 ], [ -8.841835929, 42.158445134 ], [ -8.841856807, 42.158147003 ] ] ], [ [ [ -8.839078187, 42.158847064 ], [ -8.839078657, 42.158721012 ], [ -8.839132612, 42.15878127 ], [ -8.839078187, 42.158847064 ] ] ], [ [ [ -8.842197452, 42.158822748 ], [ -8.841988602, 42.15878841 ], [ -8.842026846, 42.158678432 ], [ -8.842197452, 42.158822748 ] ] ], [ [ [ -8.863651043, 42.246537365 ], [ -8.863346636, 42.246129891 ], [ -8.863759109, 42.246135738 ], [ -8.863651043, 42.246537365 ] ] ], [ [ [ -8.836788252, 42.25712122 ], [ -8.837125125, 42.257095015 ], [ -8.836802346, 42.257273533 ], [ -8.836788252, 42.25712122 ] ] ], [ [ [ -8.842750395, 42.25882404 ], [ -8.842094621, 42.258416464 ], [ -8.842539658, 42.258249686 ], [ -8.842750395, 42.25882404 ] ] ], [ [ [ -8.866935803, 42.261014905 ], [ -8.867018122, 42.260857647 ], [ -8.867100488, 42.260961442 ], [ -8.866935803, 42.261014905 ] ] ], [ [ [ -8.866940411, 42.261194707 ], [ -8.867188296, 42.261253997 ], [ -8.866957472, 42.261247842 ], [ -8.866940411, 42.261194707 ] ] ], [ [ [ -8.867305669, 42.261734075 ], [ -8.867450792, 42.261600599 ], [ -8.867428779, 42.261754761 ], [ -8.867305669, 42.261734075 ] ] ], [ [ [ -8.86578519, 42.264539693 ], [ -8.866019314, 42.264320633 ], [ -8.866019753, 42.264455639 ], [ -8.86578519, 42.264539693 ] ] ], [ [ [ -8.862598785, 42.282797005 ], [ -8.86279143, 42.28291315 ], [ -8.862623352, 42.282930774 ], [ -8.862598785, 42.282797005 ] ] ], [ [ [ -8.861914156, 42.284038377 ], [ -8.861796799, 42.283819348 ], [ -8.861981946, 42.283854862 ], [ -8.861914156, 42.284038377 ] ] ], [ [ [ -8.861001055, 42.285039407 ], [ -8.860981523, 42.285220447 ], [ -8.860861268, 42.285100587 ], [ -8.861001055, 42.285039407 ] ] ], [ [ [ -8.834304842, 42.286468317 ], [ -8.833558462, 42.286263362 ], [ -8.834339006, 42.28631354 ], [ -8.834304842, 42.286468317 ] ] ], [ [ [ -8.834667063, 42.287106967 ], [ -8.834872571, 42.287231505 ], [ -8.834671588, 42.287286775 ], [ -8.834667063, 42.287106967 ] ] ], [ [ [ -8.86047422, 42.290845645 ], [ -8.860318587, 42.290736601 ], [ -8.860561586, 42.290742144 ], [ -8.86047422, 42.290845645 ] ] ], [ [ [ -8.86006062, 42.290830845 ], [ -8.860187953, 42.290896332 ], [ -8.86009392, 42.290928159 ], [ -8.86006062, 42.290830845 ] ] ], [ [ [ -8.860445121, 42.291054181 ], [ -8.860593654, 42.290956546 ], [ -8.860626954, 42.291053859 ], [ -8.860445121, 42.291054181 ] ] ], [ [ [ -8.860329054, 42.291240171 ], [ -8.860363987, 42.291094349 ], [ -8.860459288, 42.291206487 ], [ -8.860329054, 42.291240171 ] ] ], [ [ [ -8.860059018, 42.291335034 ], [ -8.860207553, 42.291237399 ], [ -8.860195919, 42.291373024 ], [ -8.860059018, 42.291335034 ] ] ], [ [ [ -8.83661823, 42.291418292 ], [ -8.836579921, 42.291528272 ], [ -8.836504197, 42.291496131 ], [ -8.83661823, 42.291418292 ] ] ], [ [ [ -8.836817947, 42.291480108 ], [ -8.836944431, 42.291536662 ], [ -8.836835825, 42.291542209 ], [ -8.836817947, 42.291480108 ] ] ], [ [ [ -8.836890288, 42.29173747 ], [ -8.836791259, 42.291715522 ], [ -8.83687075, 42.291657451 ], [ -8.836890288, 42.29173747 ] ] ], [ [ [ -8.836477507, 42.291731545 ], [ -8.836603161, 42.291779139 ], [ -8.836458352, 42.291786534 ], [ -8.836477507, 42.291731545 ] ] ], [ [ [ -8.838242373, 42.292982693 ], [ -8.838404677, 42.292902386 ], [ -8.838465015, 42.292899304 ], [ -8.838242373, 42.292982693 ] ] ], [ [ [ -8.838568585, 42.293101058 ], [ -8.838586078, 42.293028149 ], [ -8.838637669, 42.293061521 ], [ -8.838568585, 42.293101058 ] ] ], [ [ [ -8.858939964, 42.293642884 ], [ -8.858817625, 42.293631152 ], [ -8.858909164, 42.293572448 ], [ -8.858939964, 42.293642884 ] ] ], [ [ [ -8.860666444, 42.29382442 ], [ -8.860514535, 42.293625166 ], [ -8.860742145, 42.293595491 ], [ -8.860666444, 42.29382442 ] ] ], [ [ [ -8.86077929, 42.294385753 ], [ -8.861010634, 42.294265867 ], [ -8.860997335, 42.294383573 ], [ -8.86077929, 42.294385753 ] ] ], [ [ [ -8.859411976, 42.294806937 ], [ -8.859389476, 42.294565039 ], [ -8.859613356, 42.294625576 ], [ -8.859411976, 42.294806937 ] ] ], [ [ [ -8.860291806, 42.295923071 ], [ -8.860129093, 42.295868401 ], [ -8.860287639, 42.295878275 ], [ -8.860291806, 42.295923071 ] ] ], [ [ [ -8.859294854, 42.296676336 ], [ -8.859095534, 42.296749568 ], [ -8.8590743, 42.296651636 ], [ -8.859294854, 42.296676336 ] ] ], [ [ [ -8.859059393, 42.297273532 ], [ -8.859338189, 42.297142214 ], [ -8.859321153, 42.297350131 ], [ -8.859059393, 42.297273532 ] ] ], [ [ [ -8.858860935, 42.297616776 ], [ -8.859024454, 42.297419353 ], [ -8.859029887, 42.297608115 ], [ -8.858860935, 42.297616776 ] ] ], [ [ [ -8.858765777, 42.298809906 ], [ -8.858628428, 42.298636909 ], [ -8.858836087, 42.29865327 ], [ -8.858765777, 42.298809906 ] ] ], [ [ [ -8.858309282, 42.29898634 ], [ -8.858524412, 42.29882228 ], [ -8.85857395, 42.298963771 ], [ -8.858309282, 42.29898634 ] ] ], [ [ [ -8.858364309, 42.2998387 ], [ -8.858316466, 42.299976181 ], [ -8.858211586, 42.299891539 ], [ -8.858364309, 42.2998387 ] ] ], [ [ [ -8.858144606, 42.300084012 ], [ -8.857967745, 42.300138087 ], [ -8.858008519, 42.30005498 ], [ -8.858144606, 42.300084012 ] ] ], [ [ [ -8.858361868, 42.30033393 ], [ -8.858264055, 42.300194914 ], [ -8.858383907, 42.300179768 ], [ -8.858361868, 42.30033393 ] ] ], [ [ [ -8.862150279, 42.305729851 ], [ -8.862391619, 42.305456416 ], [ -8.86242871, 42.30572457 ], [ -8.862150279, 42.305729851 ] ] ], [ [ [ -8.861442833, 42.306207231 ], [ -8.861393237, 42.305804689 ], [ -8.861631777, 42.30615253 ], [ -8.861442833, 42.306207231 ] ] ], [ [ [ -8.863593714, 42.306123899 ], [ -8.863753565, 42.306277732 ], [ -8.863520907, 42.306253661 ], [ -8.863593714, 42.306123899 ] ] ], [ [ [ -8.862755571, 42.30649997 ], [ -8.862962814, 42.306381315 ], [ -8.862932053, 42.306571933 ], [ -8.862755571, 42.30649997 ] ] ], [ [ [ -8.864488699, 42.306879145 ], [ -8.863783209, 42.306726306 ], [ -8.86455027, 42.306758961 ], [ -8.864488699, 42.306879145 ] ] ], [ [ [ -8.858456302, 42.306954494 ], [ -8.858080873, 42.306829708 ], [ -8.858504148, 42.306817012 ], [ -8.858456302, 42.306954494 ] ] ], [ [ [ -8.863658061, 42.307335854 ], [ -8.863868697, 42.307514086 ], [ -8.863654334, 42.307426064 ], [ -8.863658061, 42.307335854 ] ] ], [ [ [ -8.858792293, 42.307828458 ], [ -8.859092773, 42.307669023 ], [ -8.85916396, 42.307782398 ], [ -8.858792293, 42.307828458 ] ] ], [ [ [ -8.858384815, 42.307750326 ], [ -8.858202532, 42.307876695 ], [ -8.858251213, 42.307748173 ], [ -8.858384815, 42.307750326 ] ] ], [ [ [ -8.856696874, 42.309682233 ], [ -8.856516626, 42.309439417 ], [ -8.856867095, 42.309556485 ], [ -8.856696874, 42.309682233 ] ] ], [ [ [ -8.83936484, 42.338169068 ], [ -8.839715479, 42.338025123 ], [ -8.839675893, 42.338252194 ], [ -8.83936484, 42.338169068 ] ] ], [ [ [ -8.840276346, 42.338446556 ], [ -8.840063965, 42.338511421 ], [ -8.840104784, 42.338428318 ], [ -8.840276346, 42.338446556 ] ] ], [ [ [ -8.840199673, 42.338927576 ], [ -8.840378751, 42.338765392 ], [ -8.840481185, 42.33882317 ], [ -8.840199673, 42.338927576 ] ] ], [ [ [ -8.838861099, 42.340454291 ], [ -8.839103895, 42.34032486 ], [ -8.839130943, 42.340485513 ], [ -8.838861099, 42.340454291 ] ] ], [ [ [ -8.838607855, 42.340863315 ], [ -8.839010977, 42.3407617 ], [ -8.839032203, 42.340859637 ], [ -8.838607855, 42.340863315 ] ] ], [ [ [ -8.835910541, 42.341217143 ], [ -8.835924674, 42.341369455 ], [ -8.835796424, 42.341294987 ], [ -8.835910541, 42.341217143 ] ] ], [ [ [ -8.835547798, 42.341361695 ], [ -8.835717267, 42.34148807 ], [ -8.83554819, 42.341496704 ], [ -8.835547798, 42.341361695 ] ] ], [ [ [ -8.834506252, 42.341513899 ], [ -8.834652397, 42.341650468 ], [ -8.83445501, 42.341615537 ], [ -8.834506252, 42.341513899 ] ] ], [ [ [ -8.860183642, 42.402961192 ], [ -8.859420499, 42.403243384 ], [ -8.85965967, 42.402943058 ], [ -8.860183642, 42.402961192 ] ] ], [ [ [ -8.860567001, 42.40381471 ], [ -8.860653667, 42.403702242 ], [ -8.86068119, 42.403736837 ], [ -8.860567001, 42.40381471 ] ] ], [ [ [ -8.860901289, 42.403752552 ], [ -8.861071824, 42.403887834 ], [ -8.860834242, 42.403945031 ], [ -8.860901289, 42.403752552 ] ] ], [ [ [ -8.861307822, 42.404073768 ], [ -8.861003105, 42.404062395 ], [ -8.861251938, 42.403995618 ], [ -8.861307822, 42.404073768 ] ] ], [ [ [ -8.861461714, 42.404290919 ], [ -8.861361751, 42.404521095 ], [ -8.861224132, 42.404348118 ], [ -8.861461714, 42.404290919 ] ] ], [ [ [ -8.854419443, 42.455458632 ], [ -8.855056262, 42.457199359 ], [ -8.85078427, 42.457796326 ], [ -8.854419443, 42.455458632 ] ] ], [ [ [ -8.857025658, 42.464218863 ], [ -8.86085114, 42.464562755 ], [ -8.860593915, 42.465971239 ], [ -8.857025658, 42.464218863 ] ] ], [ [ [ -8.850625719, 42.463646657 ], [ -8.851279445, 42.466088685 ], [ -8.84947155, 42.464957025 ], [ -8.850625719, 42.463646657 ] ] ], [ [ [ -8.839964772, 42.465227409 ], [ -8.839803782, 42.465847768 ], [ -8.839570095, 42.465688679 ], [ -8.839964772, 42.465227409 ] ] ], [ [ [ -8.848710975, 42.465275028 ], [ -8.849092746, 42.466758792 ], [ -8.851884334, 42.466966886 ], [ -8.849469229, 42.467144598 ], [ -8.847655347, 42.465428094 ], [ -8.848710975, 42.465275028 ] ] ], [ [ [ -8.851758409, 42.471213215 ], [ -8.852150936, 42.472030278 ], [ -8.851766575, 42.471950949 ], [ -8.851758409, 42.471213215 ] ] ], [ [ [ -8.836596603, 42.480612747 ], [ -8.838058934, 42.483121557 ], [ -8.835744939, 42.482825718 ], [ -8.836596603, 42.480612747 ] ] ], [ [ [ -8.84481728, 42.483604102 ], [ -8.844112235, 42.48321709 ], [ -8.844745762, 42.482968629 ], [ -8.84481728, 42.483604102 ] ] ], [ [ [ -8.841891362, 42.489911072 ], [ -8.85314469, 42.488767832 ], [ -8.841949962, 42.500827355 ], [ -8.841891362, 42.489911072 ] ] ], [ [ [ -8.833708915, 42.489555115 ], [ -8.83580245, 42.495047346 ], [ -8.833591716, 42.497167701 ], [ -8.833708915, 42.489555115 ] ] ], [ [ [ -8.837801418, 42.493135815 ], [ -8.836920222, 42.493468911 ], [ -8.837537997, 42.493050258 ], [ -8.837801418, 42.493135815 ] ] ], [ [ [ -8.849128146, 42.494851811 ], [ -8.849322388, 42.495237946 ], [ -8.849012656, 42.495307819 ], [ -8.849128146, 42.494851811 ] ] ], [ [ [ -8.841359512, 42.498283017 ], [ -8.841527388, 42.498517482 ], [ -8.841225552, 42.498541921 ], [ -8.841359512, 42.498283017 ] ] ], [ [ [ -8.865216116, 42.498689733 ], [ -8.865086802, 42.498867408 ], [ -8.864968602, 42.498774458 ], [ -8.865216116, 42.498689733 ] ] ], [ [ [ -8.864603383, 42.498901234 ], [ -8.86484937, 42.499059638 ], [ -8.864528719, 42.49901309 ], [ -8.864603383, 42.498901234 ] ] ], [ [ [ -8.864078258, 42.499009214 ], [ -8.864260845, 42.499269894 ], [ -8.864011153, 42.499201698 ], [ -8.864078258, 42.499009214 ] ] ], [ [ [ -8.866404702, 42.49942985 ], [ -8.86652947, 42.499333423 ], [ -8.866524087, 42.499405714 ], [ -8.866404702, 42.49942985 ] ] ], [ [ [ -8.864836231, 42.49943839 ], [ -8.864596124, 42.499342697 ], [ -8.864841616, 42.499366098 ], [ -8.864836231, 42.49943839 ] ] ], [ [ [ -8.865189156, 42.499699323 ], [ -8.865230175, 42.499877253 ], [ -8.865023024, 42.499743862 ], [ -8.865189156, 42.499699323 ] ] ], [ [ [ -8.866117219, 42.51918564 ], [ -8.864905839, 42.519373883 ], [ -8.866131016, 42.518554803 ], [ -8.866117219, 42.51918564 ] ] ], [ [ [ -8.865301872, 42.54407259 ], [ -8.86530708, 42.543739255 ], [ -8.865440522, 42.543993454 ], [ -8.865301872, 42.54407259 ] ] ], [ [ [ -8.840380553, 42.54717726 ], [ -8.839474792, 42.547385613 ], [ -8.839579582, 42.547074191 ], [ -8.840380553, 42.54717726 ] ] ], [ [ [ -8.836668588, 42.550445683 ], [ -8.835954854, 42.550104081 ], [ -8.836481693, 42.549879115 ], [ -8.836668588, 42.550445683 ] ] ], [ [ [ -8.837734439, 42.550256174 ], [ -8.838956282, 42.552255137 ], [ -8.837876673, 42.552688413 ], [ -8.837734439, 42.550256174 ] ] ], [ [ [ -8.857983747, 42.567664024 ], [ -8.858228014, 42.567282416 ], [ -8.858221939, 42.567606794 ], [ -8.857983747, 42.567664024 ] ] ], [ [ [ -8.834228756, 42.570842622 ], [ -8.834492458, 42.570667114 ], [ -8.834629979, 42.570705097 ], [ -8.834228756, 42.570842622 ] ] ], [ [ [ -8.868122669, 42.606301461 ], [ -8.867563027, 42.606699299 ], [ -8.867627454, 42.60621889 ], [ -8.868122669, 42.606301461 ] ] ], [ [ [ -8.84345849, 42.626308403 ], [ -8.842136979, 42.626385036 ], [ -8.843542565, 42.625385907 ], [ -8.84345849, 42.626308403 ] ] ], [ [ [ -8.855652461, 42.625962686 ], [ -8.855039495, 42.626444218 ], [ -8.855029044, 42.625814622 ], [ -8.855652461, 42.625962686 ] ] ], [ [ [ -8.842534433, 42.62737291 ], [ -8.842552089, 42.627561046 ], [ -8.842442902, 42.627566634 ], [ -8.842534433, 42.62737291 ] ] ], [ [ [ -8.855794092, 43.321956619 ], [ -8.855777689, 43.321786425 ], [ -8.855865297, 43.321799928 ], [ -8.855794092, 43.321956619 ] ] ], [ [ [ -8.85054613, 43.325331794 ], [ -8.850482671, 43.325569102 ], [ -8.850426021, 43.325364965 ], [ -8.85054613, 43.325331794 ] ] ], [ [ [ -8.851513998, 43.325651189 ], [ -8.851694972, 43.325353836 ], [ -8.851757856, 43.325494638 ], [ -8.851513998, 43.325651189 ] ] ], [ [ [ -8.84941505, 43.328567532 ], [ -8.849472563, 43.328780627 ], [ -8.849362992, 43.328795252 ], [ -8.84941505, 43.328567532 ] ] ], [ [ [ -8.849390121, 43.328820866 ], [ -8.849375931, 43.328929618 ], [ -8.849330494, 43.32884193 ], [ -8.849390121, 43.328820866 ] ] ], [ [ [ -8.849620477, 43.328908065 ], [ -8.849463356, 43.329069162 ], [ -8.849427601, 43.328953972 ], [ -8.849620477, 43.328908065 ] ] ], [ [ [ -8.849090237, 43.33006052 ], [ -8.849193104, 43.329848196 ], [ -8.849246499, 43.329890466 ], [ -8.849090237, 43.33006052 ] ] ], [ [ [ -8.849692408, 43.335709415 ], [ -8.850372269, 43.336023561 ], [ -8.849644081, 43.335863366 ], [ -8.849692408, 43.335709415 ] ] ], [ [ [ -8.836320188, 43.344502601 ], [ -8.835971778, 43.344727485 ], [ -8.836034665, 43.344355186 ], [ -8.836320188, 43.344502601 ] ] ], [ [ [ -8.842518175, 43.344935728 ], [ -8.842306279, 43.344784555 ], [ -8.842640461, 43.344668404 ], [ -8.842518175, 43.344935728 ] ] ], [ [ [ -8.83433537, 43.345138838 ], [ -8.834596789, 43.345035437 ], [ -8.834586015, 43.34518002 ], [ -8.83433537, 43.345138838 ] ] ], [ [ [ -8.842457914, 43.345334903 ], [ -8.842316868, 43.345279119 ], [ -8.842510663, 43.34524218 ], [ -8.842457914, 43.345334903 ] ] ], [ [ [ -8.842401717, 43.345391795 ], [ -8.842505942, 43.345449466 ], [ -8.842368343, 43.345429514 ], [ -8.842401717, 43.345391795 ] ] ], [ [ [ -8.839912625, 43.345569162 ], [ -8.839643859, 43.346363335 ], [ -8.839499337, 43.34563479 ], [ -8.839912625, 43.345569162 ] ] ], [ [ [ -8.834599334, 43.350580509 ], [ -8.834497491, 43.350162631 ], [ -8.834771846, 43.350193596 ], [ -8.834599334, 43.350580509 ] ] ], [ [ [ -8.8353991, 43.352483987 ], [ -8.83569177, 43.352577026 ], [ -8.835383161, 43.352574823 ], [ -8.8353991, 43.352483987 ] ] ], [ [ [ -8.833784101, 43.353007756 ], [ -8.833955319, 43.352863963 ], [ -8.834013031, 43.352951028 ], [ -8.833784101, 43.353007756 ] ] ], [ [ [ -8.835623223, 43.356226326 ], [ -8.835233622, 43.355895197 ], [ -8.835844627, 43.355962935 ], [ -8.835623223, 43.356226326 ] ] ], [ [ [ -8.843449424, 43.355401408 ], [ -8.84875766, 43.361971644 ], [ -8.836003612, 43.360280923 ], [ -8.843449424, 43.355401408 ] ] ], [ [ [ -8.849825657, 43.361376532 ], [ -8.849861064, 43.361743795 ], [ -8.849598066, 43.361703282 ], [ -8.849825657, 43.361376532 ] ] ], [ [ [ -8.844401546, 43.362382795 ], [ -8.844072324, 43.362057221 ], [ -8.844540007, 43.362039825 ], [ -8.844401546, 43.362382795 ] ] ], [ [ [ -8.84906884, 43.362612633 ], [ -8.848793452, 43.362059643 ], [ -8.849229006, 43.362226331 ], [ -8.84906884, 43.362612633 ] ] ], [ [ [ -8.842197732, 43.362930436 ], [ -8.842851328, 43.362593991 ], [ -8.842895313, 43.362769549 ], [ -8.842197732, 43.362930436 ] ] ], [ [ [ -8.838196185, 43.363181581 ], [ -8.838759291, 43.363077 ], [ -8.838766151, 43.36319519 ], [ -8.838196185, 43.363181581 ] ] ], [ [ [ -8.837701406, 43.363855613 ], [ -8.83831, 43.364176774 ], [ -8.838070165, 43.364310894 ], [ -8.837701406, 43.363855613 ] ] ], [ [ [ -8.828615331, 42.122733898 ], [ -8.828442193, 42.123480885 ], [ -8.82821601, 42.122862276 ], [ -8.828615331, 42.122733898 ] ] ], [ [ [ -8.825834346, 42.142067829 ], [ -8.826056498, 42.141984494 ], [ -8.826049404, 42.142038867 ], [ -8.825834346, 42.142067829 ] ] ], [ [ [ -8.818275379, 42.168270408 ], [ -8.818522858, 42.16832983 ], [ -8.818559306, 42.168463005 ], [ -8.818275379, 42.168270408 ] ] ], [ [ [ -8.818140146, 42.169168486 ], [ -8.818079727, 42.169432617 ], [ -8.81798851, 42.169230214 ], [ -8.818140146, 42.169168486 ] ] ], [ [ [ -8.815915206, 42.171424156 ], [ -8.81589472, 42.171596235 ], [ -8.815781063, 42.171412975 ], [ -8.815915206, 42.171424156 ] ] ], [ [ [ -8.816344211, 42.172536581 ], [ -8.816338243, 42.172734928 ], [ -8.816280177, 42.172629858 ], [ -8.816344211, 42.172536581 ] ] ], [ [ [ -8.816625994, 42.172837315 ], [ -8.816330939, 42.173050369 ], [ -8.816309832, 42.172952421 ], [ -8.816625994, 42.172837315 ] ] ], [ [ [ -8.816794667, 42.187699997 ], [ -8.817145393, 42.187565127 ], [ -8.816962007, 42.187808509 ], [ -8.816794667, 42.187699997 ] ] ], [ [ [ -8.817513245, 42.189589857 ], [ -8.817568918, 42.189010898 ], [ -8.817743813, 42.189596129 ], [ -8.817513245, 42.189589857 ] ] ], [ [ [ -8.817951428, 42.189747599 ], [ -8.818221946, 42.189661817 ], [ -8.818226069, 42.189706617 ], [ -8.817951428, 42.189747599 ] ] ], [ [ [ -8.807563434, 42.190779869 ], [ -8.807387113, 42.190968865 ], [ -8.807361895, 42.190826115 ], [ -8.807563434, 42.190779869 ] ] ], [ [ [ -8.807172998, 42.191141777 ], [ -8.806892812, 42.190858943 ], [ -8.807117626, 42.190802514 ], [ -8.807172998, 42.191141777 ] ] ], [ [ [ -8.810032783, 42.191437578 ], [ -8.810220323, 42.191239006 ], [ -8.810193839, 42.191609433 ], [ -8.810032783, 42.191437578 ] ] ], [ [ [ -8.810389613, 42.191500462 ], [ -8.810313202, 42.191459335 ], [ -8.810358928, 42.191430005 ], [ -8.810389613, 42.191500462 ] ] ], [ [ [ -8.810713591, 42.191601021 ], [ -8.810882276, 42.191592448 ], [ -8.810819865, 42.191703644 ], [ -8.810713591, 42.191601021 ] ] ], [ [ [ -8.806070842, 42.191530829 ], [ -8.806388759, 42.191433665 ], [ -8.806203147, 42.191785167 ], [ -8.806070842, 42.191530829 ] ] ], [ [ [ -8.810482711, 42.191459722 ], [ -8.810582699, 42.191625678 ], [ -8.810549023, 42.191654396 ], [ -8.810482711, 42.191459722 ] ] ], [ [ [ -8.810259327, 42.191795146 ], [ -8.810064897, 42.191787024 ], [ -8.810217416, 42.191734262 ], [ -8.810259327, 42.191795146 ] ] ], [ [ [ -8.810675061, 42.191972061 ], [ -8.810587944, 42.191814453 ], [ -8.81067311, 42.191819127 ], [ -8.810675061, 42.191972061 ] ] ], [ [ [ -8.810405865, 42.191940733 ], [ -8.8103106, 42.192089606 ], [ -8.810207099, 42.192148878 ], [ -8.810405865, 42.191940733 ] ] ], [ [ [ -8.809241765, 42.193368191 ], [ -8.809235399, 42.193035441 ], [ -8.809559685, 42.193271019 ], [ -8.809241765, 42.193368191 ] ] ], [ [ [ -8.807312338, 42.195689706 ], [ -8.807451471, 42.195754654 ], [ -8.807336735, 42.195823496 ], [ -8.807312338, 42.195689706 ] ] ], [ [ [ -8.807535522, 42.195615355 ], [ -8.807660434, 42.195789049 ], [ -8.807531179, 42.195831623 ], [ -8.807535522, 42.195615355 ] ] ], [ [ [ -8.810439468, 42.196521035 ], [ -8.810535348, 42.19664219 ], [ -8.81044389, 42.19670085 ], [ -8.810439468, 42.196521035 ] ] ], [ [ [ -8.81061814, 42.197016065 ], [ -8.810814966, 42.196654984 ], [ -8.810900444, 42.196794671 ], [ -8.81061814, 42.197016065 ] ] ], [ [ [ -8.803985918, 42.199279383 ], [ -8.803945412, 42.199497488 ], [ -8.803785995, 42.199343545 ], [ -8.803985918, 42.199279383 ] ] ], [ [ [ -8.804387169, 42.19943005 ], [ -8.804194651, 42.199574854 ], [ -8.804183955, 42.199458371 ], [ -8.804387169, 42.19943005 ] ] ], [ [ [ -8.79994848, 42.200402485 ], [ -8.804409548, 42.200860231 ], [ -8.799045337, 42.2026988 ], [ -8.79994848, 42.200402485 ] ] ], [ [ [ -8.792352067, 42.24101757 ], [ -8.792190921, 42.241241783 ], [ -8.792116649, 42.241092512 ], [ -8.792352067, 42.24101757 ] ] ], [ [ [ -8.794483437, 42.246022684 ], [ -8.794568959, 42.246162381 ], [ -8.794416838, 42.246089074 ], [ -8.794483437, 42.246022684 ] ] ], [ [ [ -8.828353214, 42.249764949 ], [ -8.828029259, 42.25071767 ], [ -8.827653164, 42.250187726 ], [ -8.828353214, 42.249764949 ] ] ], [ [ [ -8.83148641, 42.251153482 ], [ -8.831819115, 42.251082496 ], [ -8.831761663, 42.251247462 ], [ -8.83148641, 42.251153482 ] ] ], [ [ [ -8.81344874, 42.258823758 ], [ -8.812944481, 42.258480322 ], [ -8.813100632, 42.258202322 ], [ -8.81344874, 42.258823758 ] ] ], [ [ [ -8.821503074, 42.280306605 ], [ -8.820995014, 42.280449507 ], [ -8.821415786, 42.280149016 ], [ -8.821503074, 42.280306605 ] ] ], [ [ [ -8.833198129, 42.286299757 ], [ -8.833425277, 42.286396187 ], [ -8.83320891, 42.286416232 ], [ -8.833198129, 42.286299757 ] ] ], [ [ [ -8.82390161, 42.297603197 ], [ -8.823640827, 42.297274411 ], [ -8.823871789, 42.297280646 ], [ -8.82390161, 42.297603197 ] ] ], [ [ [ -8.824625455, 42.300185878 ], [ -8.824814061, 42.299996227 ], [ -8.824823534, 42.300229795 ], [ -8.824625455, 42.300185878 ] ] ], [ [ [ -8.822910795, 42.301182448 ], [ -8.82304983, 42.301112351 ], [ -8.822949488, 42.301207483 ], [ -8.822910795, 42.301182448 ] ] ], [ [ [ -8.822632608, 42.302501905 ], [ -8.822974818, 42.302268423 ], [ -8.822965118, 42.30255698 ], [ -8.822632608, 42.302501905 ] ] ], [ [ [ -8.826321999, 42.303844215 ], [ -8.826371471, 42.303985724 ], [ -8.826286982, 42.303990031 ], [ -8.826321999, 42.303844215 ] ] ], [ [ [ -8.826644106, 42.303917813 ], [ -8.826758074, 42.304101044 ], [ -8.826559981, 42.304057131 ], [ -8.826644106, 42.303917813 ] ] ], [ [ [ -8.819164219, 42.304731002 ], [ -8.819266577, 42.304788804 ], [ -8.819182085, 42.304793106 ], [ -8.819164219, 42.304731002 ] ] ], [ [ [ -8.819173675, 42.304964571 ], [ -8.819088704, 42.305094925 ], [ -8.81904173, 42.304980291 ], [ -8.819173675, 42.304964571 ] ] ], [ [ [ -8.828496417, 42.305587745 ], [ -8.828657016, 42.305750592 ], [ -8.82838235, 42.305665578 ], [ -8.828496417, 42.305587745 ] ] ], [ [ [ -8.824082344, 42.314112574 ], [ -8.824321401, 42.313812329 ], [ -8.824290882, 42.314137955 ], [ -8.824082344, 42.314112574 ] ] ], [ [ [ -8.824109591, 42.314669307 ], [ -8.82417384, 42.314314956 ], [ -8.824333986, 42.314603859 ], [ -8.824109591, 42.314669307 ] ] ], [ [ [ -8.829782103, 42.322616868 ], [ -8.829700534, 42.322522008 ], [ -8.829822928, 42.322533768 ], [ -8.829782103, 42.322616868 ] ] ], [ [ [ -8.828993474, 42.323008172 ], [ -8.82886187, 42.323158915 ], [ -8.828780301, 42.323064054 ], [ -8.828993474, 42.323008172 ] ] ], [ [ [ -8.829108775, 42.323074306 ], [ -8.829426835, 42.323103092 ], [ -8.829431815, 42.32315685 ], [ -8.829108775, 42.323074306 ] ] ], [ [ [ -8.828565093, 42.322967007 ], [ -8.827458019, 42.323194502 ], [ -8.828524351, 42.322789046 ], [ -8.828565093, 42.322967007 ] ] ], [ [ [ -8.82747472, 42.324291888 ], [ -8.828058867, 42.324181082 ], [ -8.827943852, 42.324511018 ], [ -8.82747472, 42.324291888 ] ] ], [ [ [ -8.827301734, 42.324912842 ], [ -8.82748496, 42.324795475 ], [ -8.827491597, 42.324867152 ], [ -8.827301734, 42.324912842 ] ] ], [ [ [ -8.826868733, 42.324952924 ], [ -8.827109752, 42.325066662 ], [ -8.826872421, 42.325123773 ], [ -8.826868733, 42.324952924 ] ] ], [ [ [ -8.827047263, 42.325177872 ], [ -8.827149663, 42.325235664 ], [ -8.827006434, 42.325260971 ], [ -8.827047263, 42.325177872 ] ] ], [ [ [ -8.826788643, 42.325398103 ], [ -8.827110863, 42.325471693 ], [ -8.826801087, 42.325532498 ], [ -8.826788643, 42.325398103 ] ] ], [ [ [ -8.826171947, 42.325681599 ], [ -8.826324393, 42.325493788 ], [ -8.826385132, 42.325625721 ], [ -8.826171947, 42.325681599 ] ] ], [ [ [ -8.828190133, 42.32769415 ], [ -8.828456226, 42.327554552 ], [ -8.828549875, 42.327648797 ], [ -8.828190133, 42.32769415 ] ] ], [ [ [ -8.827305959, 42.332294226 ], [ -8.827354633, 42.332426774 ], [ -8.827226411, 42.332352294 ], [ -8.827305959, 42.332294226 ] ] ], [ [ [ -8.827160141, 42.332553716 ], [ -8.827285501, 42.332466307 ], [ -8.827270479, 42.332566094 ], [ -8.827160141, 42.332553716 ] ] ], [ [ [ -8.79860338, 42.33613973 ], [ -8.798937909, 42.335951718 ], [ -8.799075195, 42.336124792 ], [ -8.79860338, 42.33613973 ] ] ], [ [ [ -8.797517408, 42.336599916 ], [ -8.797376616, 42.336652069 ], [ -8.797404589, 42.33656063 ], [ -8.797517408, 42.336599916 ] ] ], [ [ [ -8.797723849, 42.336733475 ], [ -8.797536711, 42.336941013 ], [ -8.797543523, 42.336751625 ], [ -8.797723849, 42.336733475 ] ] ], [ [ [ -8.79831078, 42.338099005 ], [ -8.797980775, 42.337809681 ], [ -8.798481712, 42.337847279 ], [ -8.79831078, 42.338099005 ] ] ], [ [ [ -8.813044745, 42.338403714 ], [ -8.812984705, 42.338541798 ], [ -8.812916869, 42.338464231 ], [ -8.813044745, 42.338403714 ] ] ], [ [ [ -8.79838583, 42.33851829 ], [ -8.798239565, 42.338642737 ], [ -8.798248853, 42.33848023 ], [ -8.79838583, 42.33851829 ] ] ], [ [ [ -8.79991911, 42.338566512 ], [ -8.800016868, 42.338705582 ], [ -8.799906522, 42.338693178 ], [ -8.79991911, 42.338566512 ] ] ], [ [ [ -8.800536184, 42.338679224 ], [ -8.800354518, 42.338814473 ], [ -8.800264194, 42.338756043 ], [ -8.800536184, 42.338679224 ] ] ], [ [ [ -8.800742638, 42.338812777 ], [ -8.800595551, 42.338928266 ], [ -8.800591419, 42.338883466 ], [ -8.800742638, 42.338812777 ] ] ], [ [ [ -8.807558709, 42.339042721 ], [ -8.807609004, 42.339193199 ], [ -8.807477479, 42.339082857 ], [ -8.807558709, 42.339042721 ] ] ], [ [ [ -8.808157113, 42.339741469 ], [ -8.808464165, 42.339518817 ], [ -8.808398656, 42.339729192 ], [ -8.808157113, 42.339741469 ] ] ], [ [ [ -8.808558968, 42.339757052 ], [ -8.808558475, 42.339883104 ], [ -8.808464006, 42.339779882 ], [ -8.808558968, 42.339757052 ] ] ], [ [ [ -8.82715009, 42.340565959 ], [ -8.82722247, 42.340823324 ], [ -8.826953084, 42.340666024 ], [ -8.82715009, 42.340565959 ] ] ], [ [ [ -8.82944666, 42.340862918 ], [ -8.829241353, 42.340873391 ], [ -8.829238031, 42.340837553 ], [ -8.82944666, 42.340862918 ] ] ], [ [ [ -8.826238343, 42.341071546 ], [ -8.826424851, 42.341251078 ], [ -8.82617999, 42.341227554 ], [ -8.826238343, 42.341071546 ] ] ], [ [ [ -8.826346037, 42.341579166 ], [ -8.826229501, 42.341369061 ], [ -8.826653401, 42.341491479 ], [ -8.826346037, 42.341579166 ] ] ], [ [ [ -8.802724391, 42.341880864 ], [ -8.802913823, 42.341961264 ], [ -8.802773024, 42.342013424 ], [ -8.802724391, 42.341880864 ] ] ], [ [ [ -8.826756119, 42.341945341 ], [ -8.825953216, 42.341923264 ], [ -8.826800277, 42.34189808 ], [ -8.826756119, 42.341945341 ] ] ], [ [ [ -8.821998985, 42.342070776 ], [ -8.821998519, 42.342196827 ], [ -8.82191149, 42.342174255 ], [ -8.821998985, 42.342070776 ] ] ], [ [ [ -8.826023934, 42.342162711 ], [ -8.8261838, 42.342316595 ], [ -8.825927688, 42.342302647 ], [ -8.826023934, 42.342162711 ] ] ], [ [ [ -8.825775664, 42.342364409 ], [ -8.825636546, 42.342434515 ], [ -8.825633226, 42.342398676 ], [ -8.825775664, 42.342364409 ] ] ], [ [ [ -8.8336078, 42.342423954 ], [ -8.833586528, 42.342587074 ], [ -8.833462433, 42.342557402 ], [ -8.8336078, 42.342423954 ] ] ], [ [ [ -8.830284386, 42.344664009 ], [ -8.830303109, 42.344735069 ], [ -8.830253967, 42.344728574 ], [ -8.830284386, 42.344664009 ] ] ], [ [ [ -8.82753522, 42.386348213 ], [ -8.827096041, 42.386064545 ], [ -8.827379889, 42.385852026 ], [ -8.82753522, 42.386348213 ] ] ], [ [ [ -8.792942332, 42.396506109 ], [ -8.79320859, 42.396627639 ], [ -8.793045968, 42.3967079 ], [ -8.792942332, 42.396506109 ] ] ], [ [ [ -8.825469449, 42.46127756 ], [ -8.825053413, 42.461640848 ], [ -8.825038013, 42.46134457 ], [ -8.825469449, 42.46127756 ] ] ], [ [ [ -8.831432502, 42.470479313 ], [ -8.831990015, 42.469937742 ], [ -8.832201169, 42.470377056 ], [ -8.831432502, 42.470479313 ] ] ], [ [ [ -8.833203108, 42.470559945 ], [ -8.833110458, 42.470087576 ], [ -8.833577833, 42.470144725 ], [ -8.833203108, 42.470559945 ] ] ], [ [ [ -8.817608643, 42.493779003 ], [ -8.817768232, 42.49314074 ], [ -8.817869153, 42.49370272 ], [ -8.817608643, 42.493779003 ] ] ], [ [ [ -8.816890323, 42.495210884 ], [ -8.816424929, 42.494784488 ], [ -8.817022716, 42.494934084 ], [ -8.816890323, 42.495210884 ] ] ], [ [ [ -8.825584159, 42.494911834 ], [ -8.824848106, 42.495759544 ], [ -8.825083209, 42.494757345 ], [ -8.825584159, 42.494911834 ] ] ], [ [ [ -8.812487304, 42.496524263 ], [ -8.812787485, 42.496481981 ], [ -8.812491467, 42.496569061 ], [ -8.812487304, 42.496524263 ] ] ], [ [ [ -8.812919381, 42.496592294 ], [ -8.813190351, 42.496497486 ], [ -8.813069663, 42.496638657 ], [ -8.812919381, 42.496592294 ] ] ], [ [ [ -8.815983423, 42.495923208 ], [ -8.814695559, 42.497510103 ], [ -8.814152134, 42.496898629 ], [ -8.815983423, 42.495923208 ] ] ], [ [ [ -8.820565418, 42.497580208 ], [ -8.818614532, 42.497400548 ], [ -8.820372681, 42.49655481 ], [ -8.820565418, 42.497580208 ] ] ], [ [ [ -8.80680828, 42.50126007 ], [ -8.807714443, 42.500799909 ], [ -8.806778611, 42.501333594 ], [ -8.80680828, 42.50126007 ] ] ], [ [ [ -8.818536701, 42.512383692 ], [ -8.817575794, 42.512648686 ], [ -8.818366001, 42.511726247 ], [ -8.818536701, 42.512383692 ] ] ], [ [ [ -8.819747324, 42.523556393 ], [ -8.819908171, 42.523062093 ], [ -8.820018849, 42.523074457 ], [ -8.819747324, 42.523556393 ] ] ], [ [ [ -8.827944585, 42.531853444 ], [ -8.827242446, 42.531396612 ], [ -8.827595277, 42.530442065 ], [ -8.827944585, 42.531853444 ] ] ], [ [ [ -8.827998243, 42.534514049 ], [ -8.82705377, 42.534958326 ], [ -8.827684061, 42.533494864 ], [ -8.827998243, 42.534514049 ] ] ], [ [ [ -8.830069157, 42.537009896 ], [ -8.829431799, 42.538527744 ], [ -8.829233635, 42.536665465 ], [ -8.830069157, 42.537009896 ] ] ], [ [ [ -8.831714333, 42.541201795 ], [ -8.831509369, 42.542526538 ], [ -8.831180016, 42.541346104 ], [ -8.831714333, 42.541201795 ] ] ], [ [ [ -8.833807092, 42.544578639 ], [ -8.83317403, 42.543926833 ], [ -8.8335446, 42.543853893 ], [ -8.833807092, 42.544578639 ] ] ], [ [ [ -8.833669403, 42.550661947 ], [ -8.833812252, 42.550366589 ], [ -8.833906723, 42.550595812 ], [ -8.833669403, 42.550661947 ] ] ], [ [ [ -8.823848571, 42.55423286 ], [ -8.823490072, 42.555871486 ], [ -8.822701531, 42.554336361 ], [ -8.823848571, 42.55423286 ] ] ], [ [ [ -8.823796831, 42.557332156 ], [ -8.822925143, 42.558951941 ], [ -8.823045472, 42.557370471 ], [ -8.823796831, 42.557332156 ] ] ], [ [ [ -8.832632314, 42.569789938 ], [ -8.832911489, 42.569649651 ], [ -8.83298924, 42.569699691 ], [ -8.832632314, 42.569789938 ] ] ], [ [ [ -8.813566055, 42.578737911 ], [ -8.813827751, 42.578670576 ], [ -8.813812692, 42.578770364 ], [ -8.813566055, 42.578737911 ] ] ], [ [ [ -8.823681619, 42.57905964 ], [ -8.823720071, 42.578949656 ], [ -8.823760623, 42.578992598 ], [ -8.823681619, 42.57905964 ] ] ], [ [ [ -8.824134368, 42.579342614 ], [ -8.824080038, 42.579543427 ], [ -8.824085876, 42.579345087 ], [ -8.824134368, 42.579342614 ] ] ], [ [ [ -8.824354274, 42.579610456 ], [ -8.824227615, 42.579688932 ], [ -8.824240984, 42.579571225 ], [ -8.824354274, 42.579610456 ] ] ], [ [ [ -8.824042851, 42.579797377 ], [ -8.82401232, 42.579600892 ], [ -8.824136488, 42.579756593 ], [ -8.824042851, 42.579797377 ] ] ], [ [ [ -8.826904061, 42.581217739 ], [ -8.826167025, 42.581021298 ], [ -8.826352597, 42.580660755 ], [ -8.826904061, 42.581217739 ] ] ], [ [ [ -8.826700477, 42.581255134 ], [ -8.826521139, 42.58129129 ], [ -8.826608917, 42.58118779 ], [ -8.826700477, 42.581255134 ] ] ], [ [ [ -8.80863784, 42.583498675 ], [ -8.807940925, 42.583471111 ], [ -8.808693497, 42.583180776 ], [ -8.80863784, 42.583498675 ] ] ], [ [ [ -8.803599118, 42.609716471 ], [ -8.803559782, 42.609817492 ], [ -8.80353135, 42.609773927 ], [ -8.803599118, 42.609716471 ] ] ], [ [ [ -8.802236851, 42.609875724 ], [ -8.802491179, 42.609727771 ], [ -8.802527121, 42.609851972 ], [ -8.802236851, 42.609875724 ] ] ], [ [ [ -8.803214709, 42.609907046 ], [ -8.803212595, 42.610015177 ], [ -8.803121012, 42.609947816 ], [ -8.803214709, 42.609907046 ] ] ], [ [ [ -8.802938181, 42.610209163 ], [ -8.802976295, 42.609964173 ], [ -8.803085403, 42.610219684 ], [ -8.802938181, 42.610209163 ] ] ], [ [ [ -8.797744954, 42.609536775 ], [ -8.796420598, 42.611413408 ], [ -8.795732133, 42.610170077 ], [ -8.797744954, 42.609536775 ] ] ], [ [ [ -8.791588959, 42.611091459 ], [ -8.790928845, 42.611331985 ], [ -8.790844982, 42.610823126 ], [ -8.791588959, 42.611091459 ] ] ], [ [ [ -8.792186917, 42.611493222 ], [ -8.793533227, 42.612865233 ], [ -8.792573844, 42.61250882 ], [ -8.792186917, 42.611493222 ] ] ], [ [ [ -8.80303551, 42.614786209 ], [ -8.802566324, 42.614197922 ], [ -8.802895508, 42.614199196 ], [ -8.80303551, 42.614786209 ] ] ], [ [ [ -8.80393184, 42.636957464 ], [ -8.804228918, 42.637005375 ], [ -8.80394103, 42.637056018 ], [ -8.80393184, 42.636957464 ] ] ], [ [ [ -8.818985653, 42.656868633 ], [ -8.818856728, 42.656794187 ], [ -8.819015362, 42.656795103 ], [ -8.818985653, 42.656868633 ] ] ], [ [ [ -8.81919284, 42.656867074 ], [ -8.819188682, 42.657083332 ], [ -8.818997389, 42.656994062 ], [ -8.81919284, 42.656867074 ] ] ], [ [ [ -8.796357571, 43.312958964 ], [ -8.796048367, 43.312560596 ], [ -8.796170196, 43.312545399 ], [ -8.796357571, 43.312958964 ] ] ], [ [ [ -8.833039868, 43.3452864 ], [ -8.832831578, 43.345161229 ], [ -8.833150415, 43.345063415 ], [ -8.833039868, 43.3452864 ] ] ], [ [ [ -8.833136596, 43.345371232 ], [ -8.833320482, 43.345487848 ], [ -8.833068115, 43.345428748 ], [ -8.833136596, 43.345371232 ] ] ], [ [ [ -8.831546723, 43.352960216 ], [ -8.834812351, 43.356132811 ], [ -8.831465598, 43.35468374 ], [ -8.831546723, 43.352960216 ] ] ], [ [ [ -8.833353205, 43.356225504 ], [ -8.832714203, 43.356123177 ], [ -8.833406837, 43.356141741 ], [ -8.833353205, 43.356225504 ] ] ], [ [ [ -8.830845309, 43.357344046 ], [ -8.83568974, 43.359355599 ], [ -8.83405554, 43.36224787 ], [ -8.830845309, 43.357344046 ] ] ], [ [ [ -8.777626202, 42.214207619 ], [ -8.777344969, 42.213780733 ], [ -8.777654272, 42.213720091 ], [ -8.777626202, 42.214207619 ] ] ], [ [ [ -8.777027838, 42.214417899 ], [ -8.777155991, 42.214627471 ], [ -8.77692263, 42.214459223 ], [ -8.777027838, 42.214417899 ] ] ], [ [ [ -8.776988054, 42.21464496 ], [ -8.776842004, 42.214769366 ], [ -8.7768152, 42.214608684 ], [ -8.776988054, 42.21464496 ] ] ], [ [ [ -8.778496925, 42.217107273 ], [ -8.778440992, 42.217290141 ], [ -8.778358009, 42.217177309 ], [ -8.778496925, 42.217107273 ] ] ], [ [ [ -8.778713771, 42.218815699 ], [ -8.779100102, 42.218670141 ], [ -8.778735664, 42.218922616 ], [ -8.778713771, 42.218815699 ] ] ], [ [ [ -8.779217036, 42.218889281 ], [ -8.779024402, 42.219034049 ], [ -8.779118958, 42.218876235 ], [ -8.779217036, 42.218889281 ] ] ], [ [ [ -8.780302375, 42.219500558 ], [ -8.780396436, 42.219072707 ], [ -8.780552575, 42.21919084 ], [ -8.780302375, 42.219500558 ] ] ], [ [ [ -8.776989653, 42.221018313 ], [ -8.77676938, 42.220993436 ], [ -8.776851069, 42.220827272 ], [ -8.776989653, 42.221018313 ] ] ], [ [ [ -8.77793324, 42.221006635 ], [ -8.777281575, 42.221561686 ], [ -8.777506389, 42.220974196 ], [ -8.77793324, 42.221006635 ] ] ], [ [ [ -8.774555882, 42.222878664 ], [ -8.774969402, 42.222632725 ], [ -8.775015401, 42.222738426 ], [ -8.774555882, 42.222878664 ] ] ], [ [ [ -8.774155588, 42.222871877 ], [ -8.774356671, 42.222951741 ], [ -8.774227335, 42.222994282 ], [ -8.774155588, 42.222871877 ] ] ], [ [ [ -8.77305394, 42.223539652 ], [ -8.772904587, 42.223628212 ], [ -8.772978329, 42.223507462 ], [ -8.77305394, 42.223539652 ] ] ], [ [ [ -8.778272004, 42.223915167 ], [ -8.777290087, 42.223640722 ], [ -8.778200342, 42.223396673 ], [ -8.778272004, 42.223915167 ] ] ], [ [ [ -8.773005359, 42.223803164 ], [ -8.772904229, 42.223889289 ], [ -8.772823702, 42.223803335 ], [ -8.773005359, 42.223803164 ] ] ], [ [ [ -8.772942265, 42.224040403 ], [ -8.772806604, 42.224146276 ], [ -8.772822525, 42.224055451 ], [ -8.772942265, 42.224040403 ] ] ], [ [ [ -8.772191619, 42.224573418 ], [ -8.771572439, 42.224424639 ], [ -8.771565069, 42.224343993 ], [ -8.772191619, 42.224573418 ] ] ], [ [ [ -8.764647958, 42.225125099 ], [ -8.76469885, 42.225284569 ], [ -8.764460782, 42.225197551 ], [ -8.764647958, 42.225125099 ] ] ], [ [ [ -8.764901567, 42.225382371 ], [ -8.765184589, 42.225431112 ], [ -8.764948371, 42.225497037 ], [ -8.764901567, 42.225382371 ] ] ], [ [ [ -8.765297443, 42.226136582 ], [ -8.765209949, 42.225708897 ], [ -8.765481735, 42.225767206 ], [ -8.765297443, 42.226136582 ] ] ], [ [ [ -8.777724574, 42.226139328 ], [ -8.777667814, 42.226313235 ], [ -8.777574402, 42.226218933 ], [ -8.777724574, 42.226139328 ] ] ], [ [ [ -8.766377716, 42.227090324 ], [ -8.765960595, 42.226634256 ], [ -8.766432002, 42.226358422 ], [ -8.766377716, 42.227090324 ] ] ], [ [ [ -8.778507443, 42.22834126 ], [ -8.77846274, 42.228514558 ], [ -8.778368504, 42.228411297 ], [ -8.778507443, 42.22834126 ] ] ], [ [ [ -8.763175861, 42.254906026 ], [ -8.763336158, 42.255068983 ], [ -8.763150317, 42.25502434 ], [ -8.763175861, 42.254906026 ] ] ], [ [ [ -8.76211001, 42.256238046 ], [ -8.761563721, 42.256094543 ], [ -8.761562084, 42.256076621 ], [ -8.76211001, 42.256238046 ] ] ], [ [ [ -8.763858386, 42.25773426 ], [ -8.764400378, 42.257697928 ], [ -8.76394468, 42.257882943 ], [ -8.763858386, 42.25773426 ] ] ], [ [ [ -8.760048865, 42.257818257 ], [ -8.760260687, 42.25801463 ], [ -8.760101629, 42.25813067 ], [ -8.760048865, 42.257818257 ] ] ], [ [ [ -8.765640427, 42.258139502 ], [ -8.765882273, 42.258001275 ], [ -8.765794187, 42.258230769 ], [ -8.765640427, 42.258139502 ] ] ], [ [ [ -8.764056738, 42.258048331 ], [ -8.764019951, 42.258176215 ], [ -8.763947356, 42.258044845 ], [ -8.764056738, 42.258048331 ] ] ], [ [ [ -8.763382709, 42.25849641 ], [ -8.763101558, 42.258204516 ], [ -8.763424354, 42.257891174 ], [ -8.763382709, 42.25849641 ] ] ], [ [ [ -8.760474178, 42.258760043 ], [ -8.759933386, 42.258544239 ], [ -8.76032203, 42.258155572 ], [ -8.760474178, 42.258760043 ] ] ], [ [ [ -8.704371826, 42.259088757 ], [ -8.704263343, 42.259229202 ], [ -8.704209413, 42.259168878 ], [ -8.704371826, 42.259088757 ] ] ], [ [ [ -8.746249166, 42.263968016 ], [ -8.746504328, 42.264108224 ], [ -8.746275927, 42.264128707 ], [ -8.746249166, 42.263968016 ] ] ], [ [ [ -8.748150924, 42.267680269 ], [ -8.748368278, 42.267804369 ], [ -8.748159093, 42.267769878 ], [ -8.748150924, 42.267680269 ] ] ], [ [ [ -8.748351061, 42.268147313 ], [ -8.748210179, 42.268064377 ], [ -8.748358224, 42.268092941 ], [ -8.748351061, 42.268147313 ] ] ], [ [ [ -8.740093845, 42.269840538 ], [ -8.74008457, 42.270138072 ], [ -8.740002217, 42.269899151 ], [ -8.740093845, 42.269840538 ] ] ], [ [ [ -8.743008454, 42.270036222 ], [ -8.742879994, 42.270222717 ], [ -8.742823394, 42.27000051 ], [ -8.743008454, 42.270036222 ] ] ], [ [ [ -8.740349536, 42.270385826 ], [ -8.740484876, 42.270541066 ], [ -8.740246659, 42.270454006 ], [ -8.740349536, 42.270385826 ] ] ], [ [ [ -8.708622775, 42.275125336 ], [ -8.708891987, 42.274751808 ], [ -8.70877093, 42.275288977 ], [ -8.708622775, 42.275125336 ] ] ], [ [ [ -8.62641169, 42.304974367 ], [ -8.626201882, 42.304390547 ], [ -8.626620416, 42.304459968 ], [ -8.62641169, 42.304974367 ] ] ], [ [ [ -8.627906396, 42.306908282 ], [ -8.629267803, 42.308299606 ], [ -8.628611627, 42.308556974 ], [ -8.627906396, 42.306908282 ] ] ], [ [ [ -8.630079692, 42.309105832 ], [ -8.629317013, 42.309935587 ], [ -8.629075112, 42.308993264 ], [ -8.630079692, 42.309105832 ] ] ], [ [ [ -8.63145166, 42.310478608 ], [ -8.631692365, 42.310457748 ], [ -8.63170038, 42.310547375 ], [ -8.63145166, 42.310478608 ] ] ], [ [ [ -8.647956518, 42.317487236 ], [ -8.647055599, 42.317720792 ], [ -8.647727132, 42.316958437 ], [ -8.647956518, 42.317487236 ] ] ], [ [ [ -8.768357541, 42.336428088 ], [ -8.768600732, 42.336433817 ], [ -8.768528515, 42.336572492 ], [ -8.768357541, 42.336428088 ] ] ], [ [ [ -8.767991522, 42.337067701 ], [ -8.767337693, 42.337082694 ], [ -8.767531019, 42.336676849 ], [ -8.767991522, 42.337067701 ] ] ], [ [ [ -8.623738111, 42.339944569 ], [ -8.622945884, 42.339362392 ], [ -8.623127165, 42.33921844 ], [ -8.623738111, 42.339944569 ] ] ], [ [ [ -8.625480706, 42.340569993 ], [ -8.624733889, 42.341038854 ], [ -8.625040291, 42.340258585 ], [ -8.625480706, 42.340569993 ] ] ], [ [ [ -8.614903899, 42.346329378 ], [ -8.614191191, 42.34609432 ], [ -8.614969274, 42.346110112 ], [ -8.614903899, 42.346329378 ] ] ], [ [ [ -8.752406219, 42.347881505 ], [ -8.752163411, 42.348145784 ], [ -8.752127561, 42.347886529 ], [ -8.752406219, 42.347881505 ] ] ], [ [ [ -8.754311896, 42.348946832 ], [ -8.754310436, 42.350522263 ], [ -8.753054462, 42.350324437 ], [ -8.754311896, 42.348946832 ] ] ], [ [ [ -8.754830269, 42.350235028 ], [ -8.754963751, 42.350102278 ], [ -8.754883511, 42.350286359 ], [ -8.754830269, 42.350235028 ] ] ], [ [ [ -8.75476069, 42.350535599 ], [ -8.754601406, 42.350651645 ], [ -8.754594025, 42.350570998 ], [ -8.75476069, 42.350535599 ] ] ], [ [ [ -8.751674098, 42.35142015 ], [ -8.750911628, 42.35210667 ], [ -8.751106097, 42.351313705 ], [ -8.751674098, 42.35142015 ] ] ], [ [ [ -8.738539579, 42.375980921 ], [ -8.73871518, 42.375377967 ], [ -8.738809169, 42.375742332 ], [ -8.738539579, 42.375980921 ] ] ], [ [ [ -8.738357669, 42.376116085 ], [ -8.738613104, 42.376121262 ], [ -8.738617196, 42.376166067 ], [ -8.738357669, 42.376116085 ] ] ], [ [ [ -8.776131016, 42.387896079 ], [ -8.776093654, 42.387753935 ], [ -8.776226611, 42.387747214 ], [ -8.776131016, 42.387896079 ] ] ], [ [ [ -8.774112465, 42.388394186 ], [ -8.774144063, 42.388077519 ], [ -8.774300644, 42.388195635 ], [ -8.774112465, 42.388394186 ] ] ], [ [ [ -8.772867467, 42.38885318 ], [ -8.772729834, 42.388941151 ], [ -8.772805383, 42.388838312 ], [ -8.772867467, 42.38885318 ] ] ], [ [ [ -8.772319688, 42.388970873 ], [ -8.772418034, 42.388983909 ], [ -8.772387538, 42.389048463 ], [ -8.772319688, 42.388970873 ] ] ], [ [ [ -8.772032063, 42.389012408 ], [ -8.772150465, 42.388979421 ], [ -8.772156231, 42.389042144 ], [ -8.772032063, 42.389012408 ] ] ], [ [ [ -8.772512262, 42.388952142 ], [ -8.772582583, 42.389056614 ], [ -8.772485061, 42.389052539 ], [ -8.772512262, 42.388952142 ] ] ], [ [ [ -8.782294052, 42.395218063 ], [ -8.78214404, 42.395171643 ], [ -8.78223662, 42.395121948 ], [ -8.782294052, 42.395218063 ] ] ], [ [ [ -8.704579561, 42.411138364 ], [ -8.712081214, 42.412778825 ], [ -8.707684192, 42.414649311 ], [ -8.704579561, 42.411138364 ] ] ], [ [ [ -8.688692903, 42.432719989 ], [ -8.688175669, 42.432376651 ], [ -8.688773422, 42.432535937 ], [ -8.688692903, 42.432719989 ] ] ], [ [ [ -8.688523117, 42.433259567 ], [ -8.688559803, 42.433797869 ], [ -8.688303311, 42.433783632 ], [ -8.688523117, 42.433259567 ] ] ], [ [ [ -8.786296097, 42.614069397 ], [ -8.786997736, 42.620965358 ], [ -8.778515273, 42.620188695 ], [ -8.786296097, 42.614069397 ] ] ], [ [ [ -8.754980787, 42.64751016 ], [ -8.75499239, 42.647635604 ], [ -8.754876521, 42.647569428 ], [ -8.754980787, 42.64751016 ] ] ], [ [ [ -8.747305587, 42.650624386 ], [ -8.747382551, 42.650269432 ], [ -8.747702296, 42.650694436 ], [ -8.747305587, 42.650624386 ] ] ], [ [ [ -8.737152857, 42.66430499 ], [ -8.736182685, 42.664101681 ], [ -8.738076254, 42.663340376 ], [ -8.737152857, 42.66430499 ] ] ], [ [ [ -8.733335773, 42.665901058 ], [ -8.730678577, 42.668834105 ], [ -8.731022543, 42.667007426 ], [ -8.733335773, 42.665901058 ] ] ], [ [ [ -8.7267826, 42.678715817 ], [ -8.726314747, 42.678802299 ], [ -8.726366149, 42.678565667 ], [ -8.7267826, 42.678715817 ] ] ], [ [ [ -8.757390118, 43.299432274 ], [ -8.756500209, 43.299666256 ], [ -8.757188308, 43.299253423 ], [ -8.757390118, 43.299432274 ] ] ], [ [ [ -8.758447551, 43.300837189 ], [ -8.758214309, 43.301758173 ], [ -8.757872002, 43.301397379 ], [ -8.758447551, 43.300837189 ] ] ], [ [ [ -8.778570474, 43.302735568 ], [ -8.778738295, 43.302556023 ], [ -8.778776453, 43.30269812 ], [ -8.778570474, 43.302735568 ] ] ], [ [ [ -8.780943213, 43.304226622 ], [ -8.780709967, 43.305273679 ], [ -8.780721046, 43.304093856 ], [ -8.780943213, 43.304226622 ] ] ], [ [ [ -8.790443214, 43.31053195 ], [ -8.790371633, 43.310427562 ], [ -8.79047063, 43.310431536 ], [ -8.790443214, 43.31053195 ] ] ], [ [ [ -8.555006635, 43.313852841 ], [ -8.554412564, 43.314147679 ], [ -8.554537648, 43.31390504 ], [ -8.555006635, 43.313852841 ] ] ], [ [ [ -8.55390518, 43.31489938 ], [ -8.553819331, 43.314665834 ], [ -8.554414664, 43.314705966 ], [ -8.55390518, 43.31489938 ] ] ], [ [ [ -8.566808121, 43.315739021 ], [ -8.567150065, 43.315434257 ], [ -8.567320292, 43.315542972 ], [ -8.566808121, 43.315739021 ] ] ], [ [ [ -8.560399623, 43.316303805 ], [ -8.559919232, 43.315904133 ], [ -8.56035781, 43.315846736 ], [ -8.560399623, 43.316303805 ] ] ], [ [ [ -8.57364169, 43.316584432 ], [ -8.573743881, 43.316354383 ], [ -8.573953409, 43.316488174 ], [ -8.57364169, 43.316584432 ] ] ], [ [ [ -8.583971895, 43.317510296 ], [ -8.583981546, 43.317212753 ], [ -8.584167373, 43.317356688 ], [ -8.583971895, 43.317510296 ] ] ], [ [ [ -8.590379689, 43.318681627 ], [ -8.590588984, 43.318410303 ], [ -8.590666016, 43.318577566 ], [ -8.590379689, 43.318681627 ] ] ], [ [ [ -8.599806036, 43.320239273 ], [ -8.599815519, 43.319897413 ], [ -8.600007146, 43.320013344 ], [ -8.599806036, 43.320239273 ] ] ], [ [ [ -8.596058491, 43.320770586 ], [ -8.595938843, 43.320542404 ], [ -8.596204024, 43.320610407 ], [ -8.596058491, 43.320770586 ] ] ], [ [ [ -8.603508426, 43.320935792 ], [ -8.603675182, 43.320738551 ], [ -8.603743989, 43.320816188 ], [ -8.603508426, 43.320935792 ] ] ], [ [ [ -8.59056609, 43.320841996 ], [ -8.590327385, 43.321195781 ], [ -8.590082541, 43.320946725 ], [ -8.59056609, 43.320841996 ] ] ], [ [ [ -8.595196109, 43.320911935 ], [ -8.595338033, 43.321382082 ], [ -8.594884611, 43.321278305 ], [ -8.595196109, 43.320911935 ] ] ], [ [ [ -8.604175136, 43.321614188 ], [ -8.604165219, 43.32150665 ], [ -8.604206999, 43.321558609 ], [ -8.604175136, 43.321614188 ] ] ], [ [ [ -8.591826141, 43.321806443 ], [ -8.591618112, 43.321555584 ], [ -8.592018311, 43.321616975 ], [ -8.591826141, 43.321806443 ] ] ], [ [ [ -8.603751572, 43.321968085 ], [ -8.603600272, 43.322065543 ], [ -8.603583866, 43.322021339 ], [ -8.603751572, 43.321968085 ] ] ], [ [ [ -8.604604395, 43.322124211 ], [ -8.604816238, 43.322014773 ], [ -8.604758297, 43.322188661 ], [ -8.604604395, 43.322124211 ] ] ], [ [ [ -8.604055609, 43.322457259 ], [ -8.604275015, 43.322563501 ], [ -8.604118756, 43.322607191 ], [ -8.604055609, 43.322457259 ] ] ], [ [ [ -8.607404626, 43.322940741 ], [ -8.606974071, 43.322817883 ], [ -8.607420078, 43.322840957 ], [ -8.607404626, 43.322940741 ] ] ], [ [ [ -8.605133884, 43.323052403 ], [ -8.605389039, 43.32287782 ], [ -8.605228071, 43.323137793 ], [ -8.605133884, 43.323052403 ] ] ], [ [ [ -8.521826603, 43.325434183 ], [ -8.521303718, 43.325243454 ], [ -8.521915101, 43.325186839 ], [ -8.521826603, 43.325434183 ] ] ], [ [ [ -8.520483574, 43.327209627 ], [ -8.520086078, 43.32663473 ], [ -8.520506748, 43.326650371 ], [ -8.520483574, 43.327209627 ] ] ], [ [ [ -8.518573667, 43.328175293 ], [ -8.518538331, 43.328465072 ], [ -8.518392766, 43.328220058 ], [ -8.518573667, 43.328175293 ] ] ], [ [ [ -8.350046451, 43.347676404 ], [ -8.350687244, 43.349068707 ], [ -8.349347138, 43.348699471 ], [ -8.350046451, 43.347676404 ] ] ], [ [ [ -8.473623187, 43.35735335 ], [ -8.474687418, 43.356910684 ], [ -8.47338978, 43.35791777 ], [ -8.473623187, 43.35735335 ] ] ], [ [ [ -8.348125325, 43.36241334 ], [ -8.34752411, 43.362171467 ], [ -8.348111971, 43.361981854 ], [ -8.348125325, 43.36241334 ] ] ], [ [ [ -8.251653314, 43.367149623 ], [ -8.250816394, 43.366747049 ], [ -8.251702999, 43.366868258 ], [ -8.251653314, 43.367149623 ] ] ], [ [ [ -8.222118313, 43.375665206 ], [ -8.221544823, 43.375296307 ], [ -8.222500407, 43.374990742 ], [ -8.222118313, 43.375665206 ] ] ], [ [ [ -8.341847605, 43.37519387 ], [ -8.342153767, 43.376007742 ], [ -8.340282353, 43.375357215 ], [ -8.341847605, 43.37519387 ] ] ], [ [ [ -8.452282034, 43.375844835 ], [ -8.453643034, 43.377805247 ], [ -8.450216981, 43.377446951 ], [ -8.452282034, 43.375844835 ] ] ], [ [ [ -8.449269941, 43.378032355 ], [ -8.451144418, 43.38007628 ], [ -8.448065799, 43.379053145 ], [ -8.449269941, 43.378032355 ] ] ], [ [ [ -8.447693877, 43.379584046 ], [ -8.448254177, 43.382248946 ], [ -8.446066703, 43.381804323 ], [ -8.447693877, 43.379584046 ] ] ], [ [ [ -8.449909424, 43.381989788 ], [ -8.449496832, 43.381793456 ], [ -8.449991421, 43.381940857 ], [ -8.449909424, 43.381989788 ] ] ], [ [ [ -8.436667059, 43.382135914 ], [ -8.437343688, 43.381698545 ], [ -8.436943393, 43.382464823 ], [ -8.436667059, 43.382135914 ] ] ], [ [ [ -8.445460068, 43.382058356 ], [ -8.447344931, 43.382706498 ], [ -8.446974382, 43.383390369 ], [ -8.445460068, 43.382058356 ] ] ], [ [ [ -8.436619374, 43.382705331 ], [ -8.436589269, 43.383057855 ], [ -8.436424345, 43.382732635 ], [ -8.436619374, 43.382705331 ] ] ], [ [ [ -8.412837377, 43.384521069 ], [ -8.41351553, 43.384236807 ], [ -8.413493866, 43.384408879 ], [ -8.412837377, 43.384521069 ] ] ], [ [ [ -8.224615335, 43.384614331 ], [ -8.22351773, 43.385771933 ], [ -8.223273891, 43.385233952 ], [ -8.224615335, 43.384614331 ] ] ], [ [ [ -8.284043711, 43.386682695 ], [ -8.282981733, 43.386677899 ], [ -8.283051385, 43.38648562 ], [ -8.284043711, 43.386682695 ] ] ], [ [ [ -8.411734761, 43.387517158 ], [ -8.411606182, 43.387874351 ], [ -8.411230821, 43.387541077 ], [ -8.411734761, 43.387517158 ] ] ], [ [ [ -8.408065586, 43.388726533 ], [ -8.406801456, 43.388669459 ], [ -8.406616584, 43.388534188 ], [ -8.408065586, 43.388726533 ] ] ], [ [ [ -8.413820286, 43.389308639 ], [ -8.412715705, 43.388964982 ], [ -8.414118768, 43.38919544 ], [ -8.413820286, 43.389308639 ] ] ], [ [ [ -8.343705655, 43.398801106 ], [ -8.344100673, 43.398800595 ], [ -8.343781357, 43.398959601 ], [ -8.343705655, 43.398801106 ] ] ], [ [ [ -8.339092699, 43.40095275 ], [ -8.338805273, 43.400633119 ], [ -8.339414856, 43.400685594 ], [ -8.339092699, 43.40095275 ] ] ], [ [ [ -8.339468565, 43.401295246 ], [ -8.33946946, 43.40102513 ], [ -8.339956882, 43.401092326 ], [ -8.339468565, 43.401295246 ] ] ], [ [ [ -8.334081845, 43.40167343 ], [ -8.334448019, 43.401485251 ], [ -8.334569397, 43.401461567 ], [ -8.334423298, 43.401765484 ], [ -8.334081845, 43.40167343 ] ] ], [ [ [ -8.327631109, 43.403712527 ], [ -8.327400159, 43.403894366 ], [ -8.327371312, 43.403706662 ], [ -8.327631109, 43.403712527 ] ] ], [ [ [ -8.327262841, 43.404720008 ], [ -8.327236519, 43.404280117 ], [ -8.32753431, 43.404437249 ], [ -8.327262841, 43.404720008 ] ] ], [ [ [ -8.326959682, 43.404923225 ], [ -8.326618696, 43.40469609 ], [ -8.326934464, 43.404636324 ], [ -8.326959682, 43.404923225 ] ] ], [ [ [ -8.336494757, 43.405800674 ], [ -8.335747346, 43.406987971 ], [ -8.335425262, 43.406976037 ], [ -8.336494757, 43.405800674 ] ] ], [ [ [ -8.336228498, 43.406983457 ], [ -8.336685962, 43.406709975 ], [ -8.336337925, 43.407104369 ], [ -8.336228498, 43.406983457 ] ] ], [ [ [ -8.264108777, 43.417817504 ], [ -8.262892641, 43.419314065 ], [ -8.260765938, 43.418574992 ], [ -8.264108777, 43.417817504 ] ] ], [ [ [ -8.212467917, 43.418767997 ], [ -8.212770023, 43.418547124 ], [ -8.212824633, 43.418607645 ], [ -8.212467917, 43.418767997 ] ] ], [ [ [ -8.269665735, 43.42930908 ], [ -8.269408389, 43.428906859 ], [ -8.269746991, 43.429107268 ], [ -8.269665735, 43.42930908 ] ] ], [ [ [ -8.230738417, 43.462277927 ], [ -8.230842233, 43.462192139 ], [ -8.230859972, 43.462254344 ], [ -8.230738417, 43.462277927 ] ] ], [ [ [ -8.231357048, 43.462285549 ], [ -8.231410069, 43.462184087 ], [ -8.231478602, 43.462261965 ], [ -8.231357048, 43.462285549 ] ] ], [ [ [ -8.229745135, 43.462368513 ], [ -8.229771212, 43.46224128 ], [ -8.229828208, 43.462328692 ], [ -8.229745135, 43.462368513 ] ] ], [ [ [ -8.233366977, 43.462517386 ], [ -8.233296889, 43.462421574 ], [ -8.233395374, 43.462417053 ], [ -8.233366977, 43.462517386 ] ] ], [ [ [ -8.233884126, 43.462637684 ], [ -8.233987937, 43.462551894 ], [ -8.234017214, 43.462604566 ], [ -8.233884126, 43.462637684 ] ] ], [ [ [ -8.234883049, 43.462897904 ], [ -8.234899133, 43.462798137 ], [ -8.235002275, 43.462847416 ], [ -8.234883049, 43.462897904 ] ] ], [ [ [ -8.341494999, 43.510616379 ], [ -8.34073892, 43.510318719 ], [ -8.341574085, 43.51053165 ], [ -8.341494999, 43.510616379 ] ] ], [ [ [ -8.334647555, 43.51081106 ], [ -8.335254296, 43.510818669 ], [ -8.334666562, 43.511026231 ], [ -8.334647555, 43.51081106 ] ] ], [ [ [ -8.336032338, 43.510665211 ], [ -8.338200555, 43.510986794 ], [ -8.340503381, 43.511851183 ], [ -8.336032338, 43.510665211 ] ] ], [ [ [ -8.332976542, 43.511357395 ], [ -8.332828469, 43.510941204 ], [ -8.333145126, 43.511025415 ], [ -8.332976542, 43.511357395 ] ] ], [ [ [ -8.332804419, 43.512769845 ], [ -8.333034157, 43.512570042 ], [ -8.333115543, 43.512791297 ], [ -8.332804419, 43.512769845 ] ] ], [ [ [ -8.326349404, 43.528493065 ], [ -8.326265857, 43.529649295 ], [ -8.324561891, 43.527865393 ], [ -8.326349404, 43.528493065 ] ] ], [ [ [ -8.30557393, 43.540571331 ], [ -8.304792966, 43.540274591 ], [ -8.305727051, 43.540483179 ], [ -8.30557393, 43.540571331 ] ] ], [ [ [ -8.305123318, 43.541357528 ], [ -8.304559958, 43.540861602 ], [ -8.304654612, 43.540812183 ], [ -8.305123318, 43.541357528 ] ] ], [ [ [ -8.304980815, 43.54212938 ], [ -8.305229178, 43.542279865 ], [ -8.304958821, 43.542301453 ], [ -8.304980815, 43.54212938 ] ] ], [ [ [ -8.306614372, 43.543817829 ], [ -8.306690984, 43.543985311 ], [ -8.306512122, 43.543921619 ], [ -8.306614372, 43.543817829 ] ] ], [ [ [ -8.311597544, 43.545035088 ], [ -8.311742596, 43.545136358 ], [ -8.311509205, 43.545156238 ], [ -8.311597544, 43.545035088 ] ] ], [ [ [ -8.310879036, 43.545167603 ], [ -8.311306474, 43.545102669 ], [ -8.310757667, 43.545335306 ], [ -8.310879036, 43.545167603 ] ] ], [ [ [ -8.310081837, 43.545249766 ], [ -8.310213469, 43.545198619 ], [ -8.310196712, 43.545289426 ], [ -8.310081837, 43.545249766 ] ] ], [ [ [ -8.315776147, 43.549899684 ], [ -8.315284367, 43.550498787 ], [ -8.31515573, 43.55016269 ], [ -8.315776147, 43.549899684 ] ] ], [ [ [ -8.277841306, 43.558675992 ], [ -8.277274623, 43.558990319 ], [ -8.277696044, 43.558430649 ], [ -8.277841306, 43.558675992 ] ] ], [ [ [ -8.280251641, 43.559059465 ], [ -8.280524768, 43.558785735 ], [ -8.280342654, 43.559109263 ], [ -8.280251641, 43.559059465 ] ] ], [ [ [ -8.282864422, 43.561612118 ], [ -8.282917735, 43.561231539 ], [ -8.283102916, 43.561366994 ], [ -8.282864422, 43.561612118 ] ] ], [ [ [ -8.302110579, 43.561708492 ], [ -8.301485969, 43.561503486 ], [ -8.30222964, 43.561513899 ], [ -8.302110579, 43.561708492 ] ] ], [ [ [ -8.302712901, 43.561941538 ], [ -8.302750891, 43.561669694 ], [ -8.303072517, 43.56180777 ], [ -8.302712901, 43.561941538 ] ] ], [ [ [ -8.303743007, 43.561830581 ], [ -8.303656495, 43.562113686 ], [ -8.30362445, 43.561890114 ], [ -8.303743007, 43.561830581 ] ] ], [ [ [ -8.301204105, 43.562380842 ], [ -8.301299805, 43.562061301 ], [ -8.301487672, 43.56236765 ], [ -8.301204105, 43.562380842 ] ] ], [ [ [ -8.253759525, 43.563452887 ], [ -8.253879093, 43.563546402 ], [ -8.253693355, 43.563545963 ], [ -8.253759525, 43.563452887 ] ] ], [ [ [ -8.242931682, 43.568488884 ], [ -8.242558757, 43.568614072 ], [ -8.242379731, 43.568406247 ], [ -8.242931682, 43.568488884 ] ] ], [ [ [ -8.243250891, 43.568600232 ], [ -8.243085121, 43.568544842 ], [ -8.243193766, 43.568512835 ], [ -8.243250891, 43.568600232 ] ] ], [ [ [ -8.307075745, 43.569174521 ], [ -8.30708432, 43.568850031 ], [ -8.307406784, 43.568997058 ], [ -8.307075745, 43.569174521 ] ] ], [ [ [ -8.308030515, 43.569472147 ], [ -8.30795563, 43.569043514 ], [ -8.308448655, 43.569299625 ], [ -8.308030515, 43.569472147 ] ] ], [ [ [ -8.23897654, 43.571416561 ], [ -8.239131545, 43.571490459 ], [ -8.239030683, 43.571612128 ], [ -8.23897654, 43.571416561 ] ] ], [ [ [ -8.238643559, 43.571431866 ], [ -8.238694584, 43.571591567 ], [ -8.23853426, 43.571598936 ], [ -8.238643559, 43.571431866 ] ] ], [ [ [ -8.237155353, 43.572544558 ], [ -8.236837551, 43.572307089 ], [ -8.237084854, 43.572160687 ], [ -8.237155353, 43.572544558 ] ] ], [ [ [ -8.237387341, 43.57250689 ], [ -8.237427322, 43.572397022 ], [ -8.237468996, 43.572449122 ], [ -8.237387341, 43.57250689 ] ] ], [ [ [ -8.236500283, 43.572700693 ], [ -8.235922972, 43.572754223 ], [ -8.23616236, 43.57237412 ], [ -8.236500283, 43.572700693 ] ] ], [ [ [ -8.23769061, 43.572862058 ], [ -8.237579346, 43.572579089 ], [ -8.237881569, 43.572637221 ], [ -8.23769061, 43.572862058 ] ] ], [ [ [ -8.231021182, 43.574626776 ], [ -8.230956521, 43.574737775 ], [ -8.230943291, 43.574585338 ], [ -8.231021182, 43.574626776 ] ] ], [ [ [ -8.230699971, 43.574920598 ], [ -8.23094209, 43.574999512 ], [ -8.23099765, 43.575068982 ], [ -8.230699971, 43.574920598 ] ] ], [ [ [ -8.231617318, 43.574932509 ], [ -8.231794778, 43.575122419 ], [ -8.231582653, 43.574961108 ], [ -8.231617318, 43.574932509 ] ] ], [ [ [ -8.230367201, 43.575223952 ], [ -8.230421087, 43.575131453 ], [ -8.23058621, 43.575321932 ], [ -8.230367201, 43.575223952 ] ] ], [ [ [ -8.229318963, 43.575416093 ], [ -8.229379968, 43.575548333 ], [ -8.229208738, 43.575430153 ], [ -8.229318963, 43.575416093 ] ] ], [ [ [ -8.228025269, 43.576204652 ], [ -8.227898153, 43.576309511 ], [ -8.227878041, 43.576220408 ], [ -8.228025269, 43.576204652 ] ] ], [ [ [ -8.228665183, 43.576301333 ], [ -8.228908748, 43.576254148 ], [ -8.228701521, 43.576434704 ], [ -8.228665183, 43.576301333 ] ] ], [ [ [ -8.229425326, 43.576356483 ], [ -8.229196315, 43.576285968 ], [ -8.229324206, 43.576190074 ], [ -8.229425326, 43.576356483 ] ] ], [ [ [ -8.230631938, 43.576562189 ], [ -8.230488248, 43.576190675 ], [ -8.230725939, 43.576503859 ], [ -8.230631938, 43.576562189 ] ] ], [ [ [ -8.23107374, 43.576658945 ], [ -8.230943397, 43.576583904 ], [ -8.231023507, 43.576508207 ], [ -8.23107374, 43.576658945 ] ] ], [ [ [ -8.229310114, 43.576883919 ], [ -8.229258559, 43.577003318 ], [ -8.229260778, 43.576886183 ], [ -8.229310114, 43.576883919 ] ] ], [ [ [ -8.228567875, 43.578034291 ], [ -8.228541764, 43.578161525 ], [ -8.228444533, 43.57803995 ], [ -8.228567875, 43.578034291 ] ] ], [ [ [ -8.218159759, 43.584254944 ], [ -8.218133354, 43.583950065 ], [ -8.218279232, 43.584204461 ], [ -8.218159759, 43.584254944 ] ] ], [ [ [ -8.219673224, 43.585427996 ], [ -8.219823679, 43.585592155 ], [ -8.219592405, 43.585638757 ], [ -8.219673224, 43.585427996 ] ] ], [ [ [ -8.220312154, 43.58622697 ], [ -8.22026446, 43.586391201 ], [ -8.220235807, 43.58620346 ], [ -8.220312154, 43.58622697 ] ] ], [ [ [ -8.220118854, 43.58656892 ], [ -8.220003359, 43.586808277 ], [ -8.21993624, 43.586748333 ], [ -8.220118854, 43.58656892 ] ] ], [ [ [ -8.216896711, 43.591550844 ], [ -8.21706952, 43.591686975 ], [ -8.216845121, 43.591670239 ], [ -8.216896711, 43.591550844 ] ] ], [ [ [ -8.21681976, 43.591806439 ], [ -8.217000336, 43.59203224 ], [ -8.216760404, 43.591836163 ], [ -8.21681976, 43.591806439 ] ] ], [ [ [ -8.217001292, 43.592329282 ], [ -8.217069789, 43.592119087 ], [ -8.217239493, 43.592219349 ], [ -8.217001292, 43.592329282 ] ] ], [ [ [ -8.213474289, 43.592364641 ], [ -8.213586182, 43.592512566 ], [ -8.213433477, 43.592465536 ], [ -8.213474289, 43.592364641 ] ] ], [ [ [ -8.21297429, 43.593170737 ], [ -8.212362767, 43.593117684 ], [ -8.212355007, 43.593028013 ], [ -8.21297429, 43.593170737 ] ] ], [ [ [ -8.215140852, 43.594016889 ], [ -8.215219365, 43.593779229 ], [ -8.215355941, 43.593926024 ], [ -8.215140852, 43.594016889 ] ] ], [ [ [ -8.211009803, 43.595232144 ], [ -8.211270375, 43.595094193 ], [ -8.211302111, 43.595317807 ], [ -8.211009803, 43.595232144 ] ] ], [ [ [ -8.210388875, 43.594927437 ], [ -8.210196677, 43.594567117 ], [ -8.210566186, 43.594829305 ], [ -8.210388875, 43.594927437 ] ] ], [ [ [ -8.210123795, 43.595299659 ], [ -8.210011054, 43.594998725 ], [ -8.210514031, 43.595371845 ], [ -8.210123795, 43.595299659 ] ] ], [ [ [ -8.210754811, 43.59572094 ], [ -8.209659969, 43.596095085 ], [ -8.209498434, 43.595373259 ], [ -8.210754811, 43.59572094 ] ] ], [ [ [ -8.202527402, 43.597699269 ], [ -8.202417903, 43.597722272 ], [ -8.202375464, 43.597661191 ], [ -8.202527402, 43.597699269 ] ] ], [ [ [ -8.202279303, 43.598268755 ], [ -8.202326222, 43.597951522 ], [ -8.202431242, 43.598306833 ], [ -8.202279303, 43.598268755 ] ] ], [ [ [ -8.196000207, 43.603308576 ], [ -8.195989373, 43.603183034 ], [ -8.196074978, 43.603170128 ], [ -8.196000207, 43.603308576 ] ] ], [ [ [ -8.196474541, 43.603349968 ], [ -8.196322636, 43.603455923 ], [ -8.196299461, 43.603330943 ], [ -8.196474541, 43.603349968 ] ] ], [ [ [ -8.196678303, 43.603844823 ], [ -8.195944826, 43.603815247 ], [ -8.196059628, 43.603422901 ], [ -8.196678303, 43.603844823 ] ] ], [ [ [ -8.199791947, 43.604035901 ], [ -8.19979489, 43.603639652 ], [ -8.199953863, 43.603902477 ], [ -8.199791947, 43.604035901 ] ] ], [ [ [ -8.192140724, 43.606104231 ], [ -8.191917114, 43.606384496 ], [ -8.192101382, 43.606079015 ], [ -8.192140724, 43.606104231 ] ] ], [ [ [ -8.195972426, 43.608441328 ], [ -8.196074294, 43.608616736 ], [ -8.195935447, 43.608587055 ], [ -8.195972426, 43.608441328 ] ] ], [ [ [ -8.196878733, 43.608463022 ], [ -8.197073137, 43.608562188 ], [ -8.19682477, 43.608555509 ], [ -8.196878733, 43.608463022 ] ] ], [ [ [ -8.194967515, 43.608856246 ], [ -8.195279137, 43.608878052 ], [ -8.195198941, 43.608953728 ], [ -8.194967515, 43.608856246 ] ] ], [ [ [ -8.195439655, 43.609158817 ], [ -8.195346386, 43.609370129 ], [ -8.195305409, 43.609038901 ], [ -8.195439655, 43.609158817 ] ] ], [ [ [ -8.198416708, 43.610634524 ], [ -8.198634158, 43.610426549 ], [ -8.198621961, 43.610859227 ], [ -8.198416708, 43.610634524 ] ] ], [ [ [ -8.198291888, 43.611054334 ], [ -8.197846001, 43.610912626 ], [ -8.198204535, 43.610473153 ], [ -8.198291888, 43.611054334 ] ] ], [ [ [ -8.197570848, 43.611600366 ], [ -8.197437004, 43.612776802 ], [ -8.197039699, 43.612623872 ], [ -8.197570848, 43.611600366 ] ] ], [ [ [ -8.191518897, 43.61225432 ], [ -8.191270052, 43.613679056 ], [ -8.190601051, 43.612674234 ], [ -8.191518897, 43.61225432 ] ] ], [ [ [ -8.194165679, 43.613060983 ], [ -8.193963604, 43.613160218 ], [ -8.194161811, 43.613016146 ], [ -8.194165679, 43.613060983 ] ] ], [ [ [ -8.194523751, 43.613620826 ], [ -8.193884286, 43.613676978 ], [ -8.194283721, 43.613136626 ], [ -8.194523751, 43.613620826 ] ] ], [ [ [ -8.196812528, 43.61386758 ], [ -8.197000845, 43.614183085 ], [ -8.196755551, 43.614212275 ], [ -8.196812528, 43.61386758 ] ] ], [ [ [ -8.189449432, 43.616993891 ], [ -8.189620684, 43.616968088 ], [ -8.189538952, 43.617169866 ], [ -8.189449432, 43.616993891 ] ] ], [ [ [ -8.153991654, 43.618224688 ], [ -8.153792844, 43.617639507 ], [ -8.154217138, 43.617674336 ], [ -8.153991654, 43.618224688 ] ] ], [ [ [ -8.190048336, 43.618335006 ], [ -8.18982533, 43.618048078 ], [ -8.189974963, 43.617915228 ], [ -8.190048336, 43.618335006 ] ] ], [ [ [ -8.153814944, 43.618331707 ], [ -8.153558795, 43.6183793 ], [ -8.153598187, 43.618260485 ], [ -8.153814944, 43.618331707 ] ] ], [ [ [ -8.190078465, 43.618540693 ], [ -8.190117844, 43.618709948 ], [ -8.190068471, 43.618712197 ], [ -8.190078465, 43.618540693 ] ] ], [ [ [ -8.189355914, 43.620077024 ], [ -8.189358978, 43.619968853 ], [ -8.189392944, 43.620075337 ], [ -8.189355914, 43.620077024 ] ] ], [ [ [ -8.182743781, 43.622151409 ], [ -8.182253107, 43.62220973 ], [ -8.182916558, 43.621711429 ], [ -8.182743781, 43.622151409 ] ] ], [ [ [ -8.181416055, 43.622706917 ], [ -8.181022566, 43.622454728 ], [ -8.181568015, 43.622312899 ], [ -8.181416055, 43.622706917 ] ] ], [ [ [ -8.148635211, 43.623256158 ], [ -8.148081014, 43.623731321 ], [ -8.148493619, 43.622470325 ], [ -8.148635211, 43.623256158 ] ] ], [ [ [ -8.144111524, 43.627745653 ], [ -8.144151784, 43.627491763 ], [ -8.1443724, 43.627607842 ], [ -8.144111524, 43.627745653 ] ] ], [ [ [ -8.142416442, 43.630243846 ], [ -8.142836383, 43.629936815 ], [ -8.143064672, 43.630142576 ], [ -8.142416442, 43.630243846 ] ] ], [ [ [ -8.141465447, 43.632168295 ], [ -8.141855182, 43.632087695 ], [ -8.14146843, 43.632348212 ], [ -8.141465447, 43.632168295 ] ] ], [ [ [ -8.136712097, 43.635578547 ], [ -8.137032463, 43.635411063 ], [ -8.136935887, 43.635586466 ], [ -8.136712097, 43.635578547 ] ] ], [ [ [ -8.135320344, 43.636118401 ], [ -8.135208739, 43.635682301 ], [ -8.135841345, 43.635977891 ], [ -8.135320344, 43.636118401 ] ] ], [ [ [ -8.13222361, 43.638031402 ], [ -8.132346431, 43.637872827 ], [ -8.132302292, 43.638081875 ], [ -8.13222361, 43.638031402 ] ] ], [ [ [ -8.120937164, 43.644507762 ], [ -8.12122605, 43.644260715 ], [ -8.121018901, 43.644594117 ], [ -8.120937164, 43.644507762 ] ] ], [ [ [ -8.121090451, 43.644851978 ], [ -8.121491122, 43.644752953 ], [ -8.121100381, 43.644968566 ], [ -8.121090451, 43.644851978 ] ] ], [ [ [ -8.121660456, 43.645285503 ], [ -8.121308289, 43.645517389 ], [ -8.121361001, 43.645262947 ], [ -8.121660456, 43.645285503 ] ] ], [ [ [ -8.109197578, 43.648014437 ], [ -8.109617941, 43.649021896 ], [ -8.1091018, 43.648783955 ], [ -8.109197578, 43.648014437 ] ] ], [ [ [ -8.082084144, 43.651981311 ], [ -8.08233823, 43.651906964 ], [ -8.082275491, 43.652044802 ], [ -8.082084144, 43.651981311 ] ] ], [ [ [ -8.082873688, 43.653107453 ], [ -8.083044886, 43.653225857 ], [ -8.082876722, 43.653143329 ], [ -8.082873688, 43.653107453 ] ] ], [ [ [ -8.098197298, 43.655430009 ], [ -8.098034433, 43.655410286 ], [ -8.098205846, 43.655384614 ], [ -8.098197298, 43.655430009 ] ] ], [ [ [ -8.086746039, 43.657255998 ], [ -8.086601389, 43.657451509 ], [ -8.086497251, 43.657393137 ], [ -8.086746039, 43.657255998 ] ] ], [ [ [ -8.086931054, 43.659588436 ], [ -8.087312702, 43.659409355 ], [ -8.086952518, 43.65969551 ], [ -8.086931054, 43.659588436 ] ] ], [ [ [ -8.094769419, 43.66033668 ], [ -8.093947812, 43.660445422 ], [ -8.094478822, 43.65998056 ], [ -8.094769419, 43.66033668 ] ] ], [ [ [ -8.094187308, 43.664440903 ], [ -8.094163925, 43.664018823 ], [ -8.09439353, 43.664386673 ], [ -8.094187308, 43.664440903 ] ] ], [ [ [ -8.090926239, 43.665909987 ], [ -8.091508964, 43.666640169 ], [ -8.090250725, 43.665841128 ], [ -8.090926239, 43.665909987 ] ] ], [ [ [ -8.092319633, 43.66669398 ], [ -8.092407832, 43.666564005 ], [ -8.092424552, 43.666761313 ], [ -8.092319633, 43.66669398 ] ] ], [ [ [ -8.09263515, 43.666904947 ], [ -8.09269408, 43.666722264 ], [ -8.092869134, 43.66688549 ], [ -8.09263515, 43.666904947 ] ] ], [ [ [ -8.092355351, 43.667115502 ], [ -8.091875419, 43.666866868 ], [ -8.092021595, 43.66668929 ], [ -8.092355351, 43.667115502 ] ] ], [ [ [ -8.092359542, 43.666872247 ], [ -8.092515206, 43.667099358 ], [ -8.092469586, 43.667146409 ], [ -8.092359542, 43.666872247 ] ] ], [ [ [ -8.092988674, 43.667564339 ], [ -8.093100063, 43.667415322 ], [ -8.093191676, 43.667618286 ], [ -8.092988674, 43.667564339 ] ] ], [ [ [ -8.092678277, 43.667560202 ], [ -8.092868358, 43.667461685 ], [ -8.09295997, 43.667664649 ], [ -8.092678277, 43.667560202 ] ] ], [ [ [ -8.07672892, 43.668874845 ], [ -8.076144761, 43.669594054 ], [ -8.076130077, 43.669126577 ], [ -8.07672892, 43.668874845 ] ] ], [ [ [ -8.075085117, 43.67349431 ], [ -8.07537888, 43.67330118 ], [ -8.07543489, 43.673523749 ], [ -8.075085117, 43.67349431 ] ] ], [ [ [ -8.07605074, 43.673766401 ], [ -8.076238596, 43.673641002 ], [ -8.076321071, 43.673736357 ], [ -8.07605074, 43.673766401 ] ] ], [ [ [ -8.068801917, 43.689285134 ], [ -8.06892198, 43.689090744 ], [ -8.069070054, 43.689228201 ], [ -8.068801917, 43.689285134 ] ] ], [ [ [ -8.066205772, 43.691453088 ], [ -8.066336693, 43.691240213 ], [ -8.066361919, 43.691392135 ], [ -8.066205772, 43.691453088 ] ] ], [ [ [ -8.067187392, 43.696909998 ], [ -8.067366014, 43.69726216 ], [ -8.067118521, 43.696976076 ], [ -8.067187392, 43.696909998 ] ] ], [ [ [ -8.065709786, 43.701602943 ], [ -8.065626274, 43.701201541 ], [ -8.065935845, 43.701340829 ], [ -8.065709786, 43.701602943 ] ] ], [ [ [ -8.06694151, 43.701494197 ], [ -8.06654667, 43.701961868 ], [ -8.066321357, 43.701350707 ], [ -8.06694151, 43.701494197 ] ] ], [ [ [ -8.064606465, 43.702498193 ], [ -8.064328938, 43.70215042 ], [ -8.064741197, 43.702330163 ], [ -8.064606465, 43.702498193 ] ] ], [ [ [ -8.010548943, 43.709450794 ], [ -8.010195242, 43.709079225 ], [ -8.010614148, 43.709339898 ], [ -8.010548943, 43.709450794 ] ] ], [ [ [ -8.057048492, 43.709558538 ], [ -8.057216574, 43.709344025 ], [ -8.057246323, 43.709549763 ], [ -8.057048492, 43.709558538 ] ] ], [ [ [ -8.010425655, 43.709609254 ], [ -8.009822382, 43.709518726 ], [ -8.009884593, 43.709371952 ], [ -8.010425655, 43.709609254 ] ] ], [ [ [ -8.053677031, 43.709608997 ], [ -8.053105349, 43.710336531 ], [ -8.052853136, 43.709699528 ], [ -8.053677031, 43.709608997 ] ] ], [ [ [ -8.013581437, 43.710838938 ], [ -8.013619658, 43.710999304 ], [ -8.013539469, 43.710930809 ], [ -8.013581437, 43.710838938 ] ] ], [ [ [ -8.014281035, 43.711339328 ], [ -8.013949033, 43.710930807 ], [ -8.014357474, 43.71106589 ], [ -8.014281035, 43.711339328 ] ] ], [ [ [ -8.014689112, 43.711915551 ], [ -8.014535471, 43.711562206 ], [ -8.014771175, 43.711857927 ], [ -8.014689112, 43.711915551 ] ] ], [ [ [ -8.052035853, 43.711932357 ], [ -8.051231838, 43.71211202 ], [ -8.051322267, 43.711711903 ], [ -8.052035853, 43.711932357 ] ] ], [ [ [ -8.015178503, 43.712128095 ], [ -8.015544609, 43.712202018 ], [ -8.015146654, 43.712192514 ], [ -8.015178503, 43.712128095 ] ] ], [ [ [ -8.014946558, 43.71247139 ], [ -8.014995265, 43.712163161 ], [ -8.015118181, 43.712445837 ], [ -8.014946558, 43.71247139 ] ] ], [ [ [ -8.014539983, 43.712507275 ], [ -8.014600308, 43.712189533 ], [ -8.014844633, 43.712439862 ], [ -8.014539983, 43.712507275 ] ] ], [ [ [ -8.017385632, 43.712400108 ], [ -8.017614582, 43.712318014 ], [ -8.017713894, 43.712466687 ], [ -8.017385632, 43.712400108 ] ] ], [ [ [ -8.015761957, 43.712426525 ], [ -8.015958692, 43.712552909 ], [ -8.015734606, 43.712544761 ], [ -8.015761957, 43.712426525 ] ] ], [ [ [ -8.022819144, 43.712665026 ], [ -8.023132746, 43.712408142 ], [ -8.023023754, 43.712737035 ], [ -8.022819144, 43.712665026 ] ] ], [ [ [ -8.021580313, 43.712692585 ], [ -8.022174579, 43.712378329 ], [ -8.022178376, 43.712720259 ], [ -8.021580313, 43.712692585 ] ] ], [ [ [ -8.01906777, 43.712479121 ], [ -8.019275016, 43.712731072 ], [ -8.019126626, 43.712737604 ], [ -8.01906777, 43.712479121 ] ] ], [ [ [ -8.016486675, 43.712484671 ], [ -8.016520788, 43.712744244 ], [ -8.016252474, 43.712503976 ], [ -8.016486675, 43.712484671 ] ] ], [ [ [ -8.016036268, 43.71273855 ], [ -8.016346165, 43.712733921 ], [ -8.016147942, 43.712886681 ], [ -8.016036268, 43.71273855 ] ] ], [ [ [ -8.015884139, 43.712997313 ], [ -8.01584478, 43.712674953 ], [ -8.015933591, 43.712698054 ], [ -8.015884139, 43.712997313 ] ] ], [ [ [ -8.017161968, 43.713139155 ], [ -8.016672929, 43.712782564 ], [ -8.016689411, 43.712682811 ], [ -8.017161968, 43.713139155 ] ] ], [ [ [ -8.016348797, 43.712913856 ], [ -8.016653446, 43.712846439 ], [ -8.016437991, 43.713089983 ], [ -8.016348797, 43.712913856 ] ] ], [ [ [ -8.017719572, 43.713276666 ], [ -8.01733438, 43.713716735 ], [ -8.017282243, 43.71294481 ], [ -8.017719572, 43.713276666 ] ] ], [ [ [ -8.02996758, 43.713547232 ], [ -8.030211888, 43.713500444 ], [ -8.030100262, 43.713649409 ], [ -8.02996758, 43.713547232 ] ] ], [ [ [ -8.030593142, 43.714050783 ], [ -8.030435643, 43.713652618 ], [ -8.030712622, 43.713847456 ], [ -8.030593142, 43.714050783 ] ] ], [ [ [ -8.04009471, 43.713982265 ], [ -8.040286667, 43.714198843 ], [ -8.040001058, 43.714049422 ], [ -8.04009471, 43.713982265 ] ] ], [ [ [ -8.047205733, 43.71441491 ], [ -8.046854802, 43.714079346 ], [ -8.047522713, 43.714346863 ], [ -8.047205733, 43.71441491 ] ] ], [ [ [ -8.041590931, 43.714654322 ], [ -8.04093979, 43.714142961 ], [ -8.041564106, 43.714187377 ], [ -8.041590931, 43.714654322 ] ] ], [ [ [ -8.03808116, 43.714539387 ], [ -8.038247066, 43.71429799 ], [ -8.038299227, 43.714475736 ], [ -8.03808116, 43.714539387 ] ] ], [ [ [ -8.031992361, 43.715195378 ], [ -8.031985499, 43.714817575 ], [ -8.032223556, 43.715140162 ], [ -8.031992361, 43.715195378 ] ] ], [ [ [ -8.047892395, 43.71534778 ], [ -8.047254777, 43.714997903 ], [ -8.048078174, 43.715195515 ], [ -8.047892395, 43.71534778 ] ] ], [ [ [ -8.047418889, 43.715620814 ], [ -8.047828181, 43.715764739 ], [ -8.047467305, 43.715753708 ], [ -8.047418889, 43.715620814 ] ] ], [ [ [ -8.008774133, 43.707368151 ], [ -8.008847187, 43.707499981 ], [ -8.008582283, 43.707448598 ], [ -8.008774133, 43.707368151 ] ] ], [ [ [ -8.009240983, 43.707608718 ], [ -8.00884977, 43.707977002 ], [ -8.008757999, 43.707620931 ], [ -8.009240983, 43.707608718 ] ] ], [ [ [ -8.009467508, 43.709876413 ], [ -8.009527495, 43.709405645 ], [ -8.009742179, 43.709747313 ], [ -8.009467508, 43.709876413 ] ] ], [ [ [ -7.989181981, 43.711891055 ], [ -7.989216602, 43.712456702 ], [ -7.988771969, 43.712035029 ], [ -7.989181981, 43.711891055 ] ] ], [ [ [ -7.989943979, 43.712397868 ], [ -7.990173403, 43.712171768 ], [ -7.990241202, 43.712240821 ], [ -7.989943979, 43.712397868 ] ] ], [ [ [ -7.989701756, 43.71276857 ], [ -7.989722131, 43.712416578 ], [ -7.98991434, 43.712489191 ], [ -7.989701756, 43.71276857 ] ] ], [ [ [ -7.98928173, 43.712642906 ], [ -7.988911795, 43.712821137 ], [ -7.988853814, 43.712571602 ], [ -7.98928173, 43.712642906 ] ] ], [ [ [ -7.821330792, 43.715256766 ], [ -7.821288029, 43.715033508 ], [ -7.82144212, 43.71525206 ], [ -7.821330792, 43.715256766 ] ] ], [ [ [ -7.975860736, 43.719026958 ], [ -7.976077871, 43.718801421 ], [ -7.976180071, 43.718986016 ], [ -7.975860736, 43.719026958 ] ] ], [ [ [ -7.978834996, 43.718969161 ], [ -7.979104112, 43.7189214 ], [ -7.979194698, 43.719115501 ], [ -7.978834996, 43.718969161 ] ] ], [ [ [ -7.978998709, 43.719745236 ], [ -7.979165328, 43.719359853 ], [ -7.979352626, 43.719522724 ], [ -7.978998709, 43.719745236 ] ] ], [ [ [ -7.975874872, 43.719197389 ], [ -7.975475564, 43.720070056 ], [ -7.975103404, 43.719474118 ], [ -7.975874872, 43.719197389 ] ] ], [ [ [ -7.97383869, 43.719790362 ], [ -7.973563067, 43.719460285 ], [ -7.973684517, 43.719427981 ], [ -7.97383869, 43.719790362 ] ] ], [ [ [ -7.977618234, 43.72001256 ], [ -7.976358271, 43.720535683 ], [ -7.976483238, 43.719647978 ], [ -7.977618234, 43.72001256 ] ] ], [ [ [ -7.81782687, 43.723093007 ], [ -7.817648502, 43.723190566 ], [ -7.817585327, 43.723022186 ], [ -7.81782687, 43.723093007 ] ] ], [ [ [ -7.816917142, 43.723203447 ], [ -7.81686537, 43.723331669 ], [ -7.816823212, 43.723270431 ], [ -7.816917142, 43.723203447 ] ] ], [ [ [ -7.816688911, 43.72376224 ], [ -7.816853469, 43.72364726 ], [ -7.81699532, 43.723713291 ], [ -7.816688911, 43.72376224 ] ] ], [ [ [ -7.850437398, 43.725708129 ], [ -7.850358739, 43.725963545 ], [ -7.850253238, 43.725887008 ], [ -7.850437398, 43.725708129 ] ] ], [ [ [ -7.855259187, 43.726385239 ], [ -7.854885808, 43.72668021 ], [ -7.854826882, 43.726565685 ], [ -7.855259187, 43.726385239 ] ] ], [ [ [ -7.855535541, 43.727498792 ], [ -7.855766949, 43.727596972 ], [ -7.855740002, 43.727724155 ], [ -7.855535541, 43.727498792 ] ] ], [ [ [ -7.798257166, 43.732173193 ], [ -7.798102733, 43.731639536 ], [ -7.798574745, 43.731952775 ], [ -7.798257166, 43.732173193 ] ] ], [ [ [ -7.797452185, 43.732819223 ], [ -7.797828597, 43.732713367 ], [ -7.797688381, 43.733133381 ], [ -7.797452185, 43.732819223 ] ] ], [ [ [ -7.79753309, 43.733364976 ], [ -7.797659872, 43.733242611 ], [ -7.797621861, 43.73338825 ], [ -7.79753309, 43.733364976 ] ] ], [ [ [ -7.796246405, 43.734508391 ], [ -7.796094151, 43.734622823 ], [ -7.79608267, 43.734479265 ], [ -7.796246405, 43.734508391 ] ] ], [ [ [ -7.79617307, 43.734988609 ], [ -7.796272957, 43.734840369 ], [ -7.796261126, 43.735002912 ], [ -7.79617307, 43.734988609 ] ] ], [ [ [ -7.790371272, 43.735565497 ], [ -7.790208823, 43.735086181 ], [ -7.790323966, 43.734973315 ], [ -7.790371272, 43.735565497 ] ] ], [ [ [ -7.789892249, 43.735630625 ], [ -7.789748772, 43.735699667 ], [ -7.789837018, 43.735560924 ], [ -7.789892249, 43.735630625 ] ] ], [ [ [ -7.773531512, 43.738639099 ], [ -7.773478206, 43.738749361 ], [ -7.773433937, 43.738661188 ], [ -7.773531512, 43.738639099 ] ] ], [ [ [ -7.774270259, 43.739184346 ], [ -7.774506771, 43.738256187 ], [ -7.774739557, 43.738840612 ], [ -7.774270259, 43.739184346 ] ] ], [ [ [ -7.77326402, 43.738866354 ], [ -7.773450366, 43.738867559 ], [ -7.773346844, 43.738970919 ], [ -7.77326402, 43.738866354 ] ] ], [ [ [ -7.773512011, 43.739018022 ], [ -7.773602926, 43.739068233 ], [ -7.773517726, 43.739089804 ], [ -7.773512011, 43.739018022 ] ] ], [ [ [ -7.76716783, 43.73965243 ], [ -7.766859614, 43.739836358 ], [ -7.767110015, 43.739393772 ], [ -7.76716783, 43.73965243 ] ] ], [ [ [ -7.774175795, 43.739557404 ], [ -7.774266481, 43.739760667 ], [ -7.774115116, 43.739730992 ], [ -7.774175795, 43.739557404 ] ] ], [ [ [ -7.773283572, 43.739891826 ], [ -7.773141958, 43.739672688 ], [ -7.773336878, 43.739781565 ], [ -7.773283572, 43.739891826 ] ] ], [ [ [ -7.772774973, 43.739742058 ], [ -7.772760221, 43.739868711 ], [ -7.772718809, 43.739816429 ], [ -7.772774973, 43.739742058 ] ] ], [ [ [ -7.768388012, 43.740006546 ], [ -7.768159785, 43.739791022 ], [ -7.768460371, 43.73982347 ], [ -7.768388012, 43.740006546 ] ] ], [ [ [ -7.765435683, 43.73988685 ], [ -7.765445667, 43.740012468 ], [ -7.765378795, 43.739952244 ], [ -7.765435683, 43.73988685 ] ] ], [ [ [ -7.771314642, 43.739803149 ], [ -7.771141621, 43.740125475 ], [ -7.771120201, 43.739856294 ], [ -7.771314642, 43.739803149 ] ] ], [ [ [ -7.768047444, 43.739939759 ], [ -7.767799681, 43.740103158 ], [ -7.767945583, 43.739908006 ], [ -7.768047444, 43.739939759 ] ] ], [ [ [ -7.771623562, 43.740096314 ], [ -7.771779448, 43.740026775 ], [ -7.771772785, 43.740099075 ], [ -7.771623562, 43.740096314 ] ] ], [ [ [ -7.773486834, 43.740261428 ], [ -7.773152921, 43.740122357 ], [ -7.773542998, 43.740187057 ], [ -7.773486834, 43.740261428 ] ] ], [ [ [ -7.764677396, 43.740188601 ], [ -7.764393463, 43.740209463 ], [ -7.764536269, 43.740131478 ], [ -7.764677396, 43.740188601 ] ] ], [ [ [ -7.768682158, 43.740426372 ], [ -7.768672167, 43.740300754 ], [ -7.768762367, 43.740341996 ], [ -7.768682158, 43.740426372 ] ] ], [ [ [ -7.768975838, 43.740684171 ], [ -7.769130059, 43.740749744 ], [ -7.768904908, 43.740885193 ], [ -7.768975838, 43.740684171 ] ] ], [ [ [ -7.764352921, 43.740949365 ], [ -7.764375789, 43.740768359 ], [ -7.764365297, 43.740948848 ], [ -7.764352921, 43.740949365 ] ] ], [ [ [ -7.771607388, 43.741141286 ], [ -7.771317265, 43.740928358 ], [ -7.7715605, 43.740864168 ], [ -7.771607388, 43.741141286 ] ] ], [ [ [ -7.762600245, 43.741238614 ], [ -7.762816796, 43.741463639 ], [ -7.762625451, 43.741399607 ], [ -7.762600245, 43.741238614 ] ] ], [ [ [ -7.763317805, 43.741361697 ], [ -7.763341329, 43.741657799 ], [ -7.76312834, 43.741477639 ], [ -7.763317805, 43.741361697 ] ] ], [ [ [ -7.771569787, 43.741448946 ], [ -7.771655706, 43.741436349 ], [ -7.77163286, 43.741617356 ], [ -7.771569787, 43.741448946 ] ] ], [ [ [ -7.770980259, 43.741842708 ], [ -7.771468882, 43.74220938 ], [ -7.771371064, 43.74238452 ], [ -7.770980259, 43.741842708 ] ] ], [ [ [ -7.75591399, 43.742417824 ], [ -7.754854156, 43.742362977 ], [ -7.755057719, 43.742111423 ], [ -7.75591399, 43.742417824 ] ] ], [ [ [ -7.934962519, 43.743184222 ], [ -7.935254872, 43.742964514 ], [ -7.935338715, 43.743077918 ], [ -7.934962519, 43.743184222 ] ] ], [ [ [ -7.941083162, 43.743018243 ], [ -7.941514951, 43.743134573 ], [ -7.941437211, 43.743245971 ], [ -7.941083162, 43.743018243 ] ] ], [ [ [ -7.940573285, 43.743310407 ], [ -7.940916785, 43.743259516 ], [ -7.940885037, 43.743476951 ], [ -7.940573285, 43.743310407 ] ] ], [ [ [ -7.9346818, 43.743394423 ], [ -7.935039339, 43.74351399 ], [ -7.934732952, 43.743563257 ], [ -7.9346818, 43.743394423 ] ] ], [ [ [ -7.923436845, 43.744519586 ], [ -7.923501814, 43.744705834 ], [ -7.923293513, 43.744588791 ], [ -7.923436845, 43.744519586 ] ] ], [ [ [ -7.753597911, 43.744999064 ], [ -7.753347953, 43.745135515 ], [ -7.753397032, 43.744971424 ], [ -7.753597911, 43.744999064 ] ] ], [ [ [ -7.802891783, 43.745860072 ], [ -7.802014405, 43.74529384 ], [ -7.802857433, 43.745276353 ], [ -7.802891783, 43.745860072 ] ] ], [ [ [ -7.753034976, 43.745886765 ], [ -7.753087613, 43.745767539 ], [ -7.753109951, 43.745892644 ], [ -7.753034976, 43.745886765 ] ] ], [ [ [ -7.752968966, 43.746150589 ], [ -7.752883036, 43.746163172 ], [ -7.752881897, 43.745992171 ], [ -7.752968966, 43.746150589 ] ] ], [ [ [ -7.752756701, 43.745979382 ], [ -7.751885875, 43.746429778 ], [ -7.751866105, 43.745710398 ], [ -7.752756701, 43.745979382 ] ] ], [ [ [ -7.748455773, 43.746239515 ], [ -7.747984247, 43.746871315 ], [ -7.748108078, 43.746082939 ], [ -7.748455773, 43.746239515 ] ] ], [ [ [ -7.739638304, 43.746390146 ], [ -7.739820104, 43.746490622 ], [ -7.739709098, 43.74665728 ], [ -7.739638304, 43.746390146 ] ] ], [ [ [ -7.752467045, 43.746711654 ], [ -7.752348534, 43.746626566 ], [ -7.752419953, 43.74658758 ], [ -7.752467045, 43.746711654 ] ] ], [ [ [ -7.750825528, 43.74699609 ], [ -7.750609421, 43.74693307 ], [ -7.750932236, 43.746775585 ], [ -7.750825528, 43.74699609 ] ] ], [ [ [ -7.748503101, 43.746993759 ], [ -7.748653347, 43.746852467 ], [ -7.748673544, 43.746950654 ], [ -7.748503101, 43.746993759 ] ] ], [ [ [ -7.751060702, 43.746986296 ], [ -7.750958261, 43.747260639 ], [ -7.750907328, 43.747244755 ], [ -7.751060702, 43.746986296 ] ] ], [ [ [ -7.750753819, 43.74718813 ], [ -7.750561044, 43.747106133 ], [ -7.750820973, 43.747095308 ], [ -7.750753819, 43.74718813 ] ] ], [ [ [ -7.75163889, 43.746917201 ], [ -7.751925988, 43.747562428 ], [ -7.751614846, 43.746927205 ], [ -7.75163889, 43.746917201 ] ] ], [ [ [ -7.750274648, 43.747253097 ], [ -7.750297402, 43.747540231 ], [ -7.750131515, 43.747484121 ], [ -7.750274648, 43.747253097 ] ] ], [ [ [ -7.752443148, 43.747819963 ], [ -7.752370732, 43.74800303 ], [ -7.752342419, 43.747959197 ], [ -7.752443148, 43.747819963 ] ] ], [ [ [ -7.750771579, 43.748195676 ], [ -7.750538978, 43.747611194 ], [ -7.751378664, 43.747864305 ], [ -7.750771579, 43.748195676 ] ] ], [ [ [ -7.750881981, 43.748335119 ], [ -7.750578646, 43.748581817 ], [ -7.750559868, 43.748501576 ], [ -7.750881981, 43.748335119 ] ] ], [ [ [ -7.919253041, 43.749525456 ], [ -7.919447648, 43.749778135 ], [ -7.919206628, 43.749716511 ], [ -7.919253041, 43.749525456 ] ] ], [ [ [ -7.91011465, 43.761523467 ], [ -7.910377525, 43.761548159 ], [ -7.910298233, 43.761641598 ], [ -7.91011465, 43.761523467 ] ] ], [ [ [ -7.861473969, 43.765983706 ], [ -7.86180749, 43.765807445 ], [ -7.861836618, 43.765860219 ], [ -7.861473969, 43.765983706 ] ] ], [ [ [ -7.879572128, 43.766273184 ], [ -7.879623703, 43.765838857 ], [ -7.879864069, 43.766044634 ], [ -7.879572128, 43.766273184 ] ] ], [ [ [ -7.859476486, 43.76601481 ], [ -7.858314947, 43.766703469 ], [ -7.857781214, 43.765942982 ], [ -7.859476486, 43.76601481 ] ] ], [ [ [ -7.876756403, 43.767239845 ], [ -7.877015681, 43.767372799 ], [ -7.876760093, 43.767437742 ], [ -7.876756403, 43.767239845 ] ] ], [ [ [ -7.862955174, 43.76755002 ], [ -7.863425601, 43.767223877 ], [ -7.863129227, 43.767857687 ], [ -7.862955174, 43.76755002 ] ] ], [ [ [ -7.866275434, 43.771108444 ], [ -7.866580548, 43.770735326 ], [ -7.866723307, 43.7709633 ], [ -7.866275434, 43.771108444 ] ] ], [ [ [ -7.870988285, 43.77253673 ], [ -7.870946691, 43.772025363 ], [ -7.871475461, 43.772263854 ], [ -7.870988285, 43.77253673 ] ] ], [ [ [ -7.904730635, 43.773440369 ], [ -7.905088195, 43.773406987 ], [ -7.905000909, 43.773554781 ], [ -7.904730635, 43.773440369 ] ] ], [ [ [ -7.869056432, 43.774752809 ], [ -7.868368826, 43.774088967 ], [ -7.869384159, 43.774657796 ], [ -7.869056432, 43.774752809 ] ] ], [ [ [ -7.870316352, 43.774356923 ], [ -7.870180182, 43.77451578 ], [ -7.870097869, 43.774420267 ], [ -7.870316352, 43.774356923 ] ] ], [ [ [ -7.870329131, 43.7769581 ], [ -7.870076345, 43.776599792 ], [ -7.870500285, 43.776923784 ], [ -7.870329131, 43.7769581 ] ] ], [ [ [ -7.869272999, 43.776652096 ], [ -7.870952062, 43.778200848 ], [ -7.868783569, 43.776745008 ], [ -7.869272999, 43.776652096 ] ] ], [ [ [ -7.869078214, 43.779757262 ], [ -7.868674648, 43.77937838 ], [ -7.869242081, 43.779633234 ], [ -7.869078214, 43.779757262 ] ] ], [ [ [ -7.867063454, 43.778970013 ], [ -7.867609861, 43.780189037 ], [ -7.866627948, 43.779573756 ], [ -7.867063454, 43.778970013 ] ] ], [ [ [ -7.865926532, 43.779657697 ], [ -7.867723577, 43.780976402 ], [ -7.865599523, 43.780067756 ], [ -7.865926532, 43.779657697 ] ] ], [ [ [ -7.870602937, 43.781240588 ], [ -7.870632836, 43.78145537 ], [ -7.870475487, 43.78135406 ], [ -7.870602937, 43.781240588 ] ] ], [ [ [ -7.163405832, 43.555681284 ], [ -7.163137231, 43.55555604 ], [ -7.163423714, 43.555581598 ], [ -7.163405832, 43.555681284 ] ] ], [ [ [ -7.119450419, 43.556268351 ], [ -7.119437546, 43.556079752 ], [ -7.119546145, 43.55621988 ], [ -7.119450419, 43.556268351 ] ] ], [ [ [ -7.145459473, 43.556451766 ], [ -7.145311919, 43.556286069 ], [ -7.145539743, 43.556358819 ], [ -7.145459473, 43.556451766 ] ] ], [ [ [ -7.048476058, 43.555288266 ], [ -7.04997585, 43.55753084 ], [ -7.048169116, 43.555695292 ], [ -7.048476058, 43.555288266 ] ] ], [ [ [ -7.041660405, 43.555736936 ], [ -7.042848865, 43.557216364 ], [ -7.040695575, 43.55593316 ], [ -7.041660405, 43.555736936 ] ] ], [ [ [ -7.13915299, 43.557094857 ], [ -7.138878673, 43.55814916 ], [ -7.138461919, 43.558029231 ], [ -7.13915299, 43.557094857 ] ] ], [ [ [ -7.054812053, 43.557836261 ], [ -7.055200341, 43.557903491 ], [ -7.055182278, 43.558003167 ], [ -7.054812053, 43.557836261 ] ] ], [ [ [ -7.063775947, 43.559137947 ], [ -7.063353708, 43.559486098 ], [ -7.063416834, 43.558952667 ], [ -7.063775947, 43.559137947 ] ] ], [ [ [ -7.060754405, 43.55967766 ], [ -7.060572699, 43.559369018 ], [ -7.06103994, 43.559505443 ], [ -7.060754405, 43.55967766 ] ] ], [ [ [ -7.118400575, 43.561564025 ], [ -7.117645725, 43.562113443 ], [ -7.118370358, 43.561484088 ], [ -7.118400575, 43.561564025 ] ] ], [ [ [ -7.179098705, 43.562418013 ], [ -7.178784377, 43.562348499 ], [ -7.179255421, 43.562178195 ], [ -7.179098705, 43.562418013 ] ] ], [ [ [ -7.318379651, 43.625631826 ], [ -7.318396261, 43.625863366 ], [ -7.318076877, 43.625771721 ], [ -7.318379651, 43.625631826 ] ] ], [ [ [ -7.345741952, 43.663420885 ], [ -7.346001911, 43.66362833 ], [ -7.34556657, 43.663536241 ], [ -7.345741952, 43.663420885 ] ] ], [ [ [ -7.609770233, 43.676312823 ], [ -7.60901183, 43.676185398 ], [ -7.609754164, 43.676014624 ], [ -7.609770233, 43.676312823 ] ] ], [ [ [ -7.3804619, 43.677474251 ], [ -7.380062145, 43.677435585 ], [ -7.380061427, 43.677255556 ], [ -7.3804619, 43.677474251 ] ] ], [ [ [ -7.435577841, 43.694664278 ], [ -7.435609427, 43.694419976 ], [ -7.436064772, 43.694537309 ], [ -7.435577841, 43.694664278 ] ] ], [ [ [ -7.604848388, 43.698156526 ], [ -7.604734902, 43.697323863 ], [ -7.605269572, 43.697500337 ], [ -7.604848388, 43.698156526 ] ] ], [ [ [ -7.584895422, 43.69879816 ], [ -7.583479721, 43.698783028 ], [ -7.583268132, 43.698449429 ], [ -7.584895422, 43.69879816 ] ] ], [ [ [ -7.441467963, 43.700151817 ], [ -7.444402851, 43.701243864 ], [ -7.440826367, 43.700536908 ], [ -7.441467963, 43.700151817 ] ] ], [ [ [ -7.603716124, 43.713326642 ], [ -7.603056879, 43.712984138 ], [ -7.604295423, 43.711979876 ], [ -7.603716124, 43.713326642 ] ] ], [ [ [ -7.43877249, 43.714715133 ], [ -7.440475909, 43.715594117 ], [ -7.436980812, 43.714991907 ], [ -7.43877249, 43.714715133 ] ] ], [ [ [ -7.440748338, 43.716591816 ], [ -7.440295927, 43.718193908 ], [ -7.437815022, 43.718551542 ], [ -7.440748338, 43.716591816 ] ] ], [ [ [ -7.436529636, 43.719465808 ], [ -7.436625724, 43.718750855 ], [ -7.437045884, 43.718725508 ], [ -7.436529636, 43.719465808 ] ] ], [ [ [ -7.512692338, 43.725219338 ], [ -7.513075348, 43.724700031 ], [ -7.513338637, 43.724734625 ], [ -7.513325812, 43.72505923 ], [ -7.512692338, 43.725219338 ] ] ], [ [ [ -7.491236883, 43.728145901 ], [ -7.490662429, 43.729095799 ], [ -7.490373986, 43.728891092 ], [ -7.491236883, 43.728145901 ] ] ], [ [ [ -7.517577431, 43.73107574 ], [ -7.516516012, 43.730334547 ], [ -7.517276686, 43.730214393 ], [ -7.517577431, 43.73107574 ] ] ], [ [ [ -7.490230351, 43.729625965 ], [ -7.491659252, 43.732792661 ], [ -7.488251236, 43.73121632 ], [ -7.490230351, 43.729625965 ] ] ], [ [ [ -7.547316013, 43.733594191 ], [ -7.546778861, 43.733714633 ], [ -7.546918136, 43.733258948 ], [ -7.547316013, 43.733594191 ] ] ], [ [ [ -7.54759219, 43.734780535 ], [ -7.547969112, 43.734675481 ], [ -7.548008161, 43.734862979 ], [ -7.54759219, 43.734780535 ] ] ], [ [ [ -7.737332976, 43.746918031 ], [ -7.73752496, 43.746675992 ], [ -7.737486473, 43.746974674 ], [ -7.737332976, 43.746918031 ] ] ], [ [ [ -7.736421929, 43.746703792 ], [ -7.736525973, 43.747077579 ], [ -7.736420245, 43.747153989 ], [ -7.736421929, 43.746703792 ] ] ], [ [ [ -7.737677169, 43.747344861 ], [ -7.737686066, 43.747614568 ], [ -7.737577115, 43.747493057 ], [ -7.737677169, 43.747344861 ] ] ], [ [ [ -7.737437478, 43.747768933 ], [ -7.737429098, 43.748291429 ], [ -7.737171996, 43.748338117 ], [ -7.737437478, 43.747768933 ] ] ], [ [ [ -7.735100887, 43.74790196 ], [ -7.735248058, 43.748192935 ], [ -7.735023836, 43.748184237 ], [ -7.735100887, 43.74790196 ] ] ], [ [ [ -7.689091196, 43.751567003 ], [ -7.689374263, 43.751375317 ], [ -7.689513504, 43.751567649 ], [ -7.689091196, 43.751567003 ] ] ], [ [ [ -7.629906661, 43.756946524 ], [ -7.631884873, 43.761007398 ], [ -7.627911862, 43.759422164 ], [ -7.629906661, 43.756946524 ] ] ], [ [ [ -7.690746334, 43.792379568 ], [ -7.690459196, 43.791887231 ], [ -7.690987491, 43.792126582 ], [ -7.690746334, 43.792379568 ] ] ] ] } },
{ "type": "Feature", "properties": { "INSPIREID": "ES.IGN.BDDAE.34130000000", "COUNTRY": "ES", "NATLEV": "https://inspire.ec.europa.eu/codelist/AdministrativeHierarchyLevel/2ndOrder", "NATLEVNAME": "Comunidad autónoma", "NATCODE": "34130000000", "NAMEUNIT": "Comunidad de Madrid", "CODNUT1": "ES3", "CODNUT2": "ES30", "CODNUT3": null }, "geometry": { "type": "MultiPolygon", "coordinates": [ [ [ [ -4.574906362, 40.206581186 ], [ -4.569537537, 40.257284353 ], [ -4.529379145, 40.293124839 ], [ -4.54622523, 40.341825157 ], [ -4.526787497, 40.344873413 ], [ -4.504883189, 40.315340741 ], [ -4.45576083, 40.319351579 ], [ -4.460596193, 40.341381256 ], [ -4.438641657, 40.352721018 ], [ -4.443729012, 40.385700139 ], [ -4.421730258, 40.406228907 ], [ -4.321088525, 40.410308756 ], [ -4.341251652, 40.428678072 ], [ -4.315678853, 40.464765542 ], [ -4.328217936, 40.533757357 ], [ -4.289261821, 40.564194253 ], [ -4.278572449, 40.603172371 ], [ -4.290708751, 40.627823412 ], [ -4.271101687, 40.62902274 ], [ -4.262140773, 40.605179983 ], [ -4.245438812, 40.602446971 ], [ -4.161182832, 40.623464891 ], [ -4.172852715, 40.630362196 ], [ -4.171566939, 40.680626313 ], [ -4.096990778, 40.747739287 ], [ -4.076700276, 40.788881353 ], [ -3.979675717, 40.784554834 ], [ -3.947105212, 40.862974386 ], [ -3.952276176, 40.893631932 ], [ -3.907382726, 40.95525455 ], [ -3.78136611, 41.000311848 ], [ -3.740454995, 41.053640291 ], [ -3.676064805, 41.086695623 ], [ -3.632775812, 41.136342676 ], [ -3.543904587, 41.165844755 ], [ -3.488751214, 41.094293953 ], [ -3.42580545, 41.082898574 ], [ -3.438934782, 41.042669716 ], [ -3.394450315, 41.000277633 ], [ -3.418296049, 40.987563522 ], [ -3.444062218, 40.906849406 ], [ -3.460577211, 40.906658699 ], [ -3.440487412, 40.875349929 ], [ -3.472668496, 40.864096559 ], [ -3.477386654, 40.823560765 ], [ -3.511572263, 40.788495809 ], [ -3.459068702, 40.781222865 ], [ -3.44434315, 40.761579563 ], [ -3.450415604, 40.734886992 ], [ -3.434944945, 40.727986174 ], [ -3.468549617, 40.689935624 ], [ -3.404734459, 40.669638066 ], [ -3.393354044, 40.692458271 ], [ -3.345598163, 40.63774285 ], [ -3.316496527, 40.655177616 ], [ -3.338515839, 40.625848666 ], [ -3.321643863, 40.612192373 ], [ -3.328274952, 40.594836459 ], [ -3.284068983, 40.568976687 ], [ -3.297126978, 40.537521229 ], [ -3.249915085, 40.544315949 ], [ -3.199954903, 40.514448437 ], [ -3.198596658, 40.442252272 ], [ -3.155514605, 40.43942444 ], [ -3.130557952, 40.405184993 ], [ -3.153429758, 40.36770319 ], [ -3.141211779, 40.350542434 ], [ -3.182856896, 40.30826749 ], [ -3.194449, 40.24803708 ], [ -3.173396925, 40.234169775 ], [ -3.153717726, 40.263713502 ], [ -3.112674184, 40.285477896 ], [ -3.101528478, 40.278092348 ], [ -3.067845137, 40.157914155 ], [ -3.089276392, 40.162970409 ], [ -3.096755364, 40.142388686 ], [ -3.052983314, 40.099387879 ], [ -3.118189174, 40.061428885 ], [ -3.161600555, 40.064879176 ], [ -3.177949753, 40.092231023 ], [ -3.200955926, 40.060487611 ], [ -3.274866158, 40.047352711 ], [ -3.334418051, 40.081052392 ], [ -3.377707211, 40.074767892 ], [ -3.375781986, 40.051255823 ], [ -3.401071674, 40.03418102 ], [ -3.506863417, 40.048673915 ], [ -3.519710763, 40.021094858 ], [ -3.590014713, 40.013220527 ], [ -3.637991655, 39.988375872 ], [ -3.634498904, 39.965891764 ], [ -3.743869878, 39.94080236 ], [ -3.804397884, 39.884719334 ], [ -3.868326172, 39.904858866 ], [ -3.875190426, 39.928736283 ], [ -3.840044425, 39.941955581 ], [ -3.832042288, 39.931560148 ], [ -3.809547719, 39.953965201 ], [ -3.78334654, 39.944795636 ], [ -3.763602359, 39.967518391 ], [ -3.770681783, 39.950607993 ], [ -3.754493785, 39.950399979 ], [ -3.758876073, 39.968867544 ], [ -3.727936115, 39.96454488 ], [ -3.746615248, 39.980748096 ], [ -3.720088026, 39.984440612 ], [ -3.699891293, 40.019542801 ], [ -3.636088083, 40.041625875 ], [ -3.607628161, 40.108966786 ], [ -3.656331061, 40.125340204 ], [ -3.667312302, 40.143290586 ], [ -3.683723098, 40.13226963 ], [ -3.722216013, 40.147713102 ], [ -3.744375088, 40.132224668 ], [ -3.77045237, 40.139399362 ], [ -3.80460243, 40.176840571 ], [ -3.834186355, 40.161352464 ], [ -3.876321814, 40.191222692 ], [ -3.931143116, 40.203976549 ], [ -3.949996296, 40.189122469 ], [ -3.952866249, 40.212797441 ], [ -3.991001405, 40.209478672 ], [ -4.026158711, 40.235611333 ], [ -4.023984925, 40.248949419 ], [ -4.072894226, 40.265451431 ], [ -4.104271629, 40.241833528 ], [ -4.145768642, 40.245177396 ], [ -4.143991483, 40.264620915 ], [ -4.190870508, 40.297354665 ], [ -4.203229807, 40.268817616 ], [ -4.249249848, 40.272749009 ], [ -4.295189037, 40.218881201 ], [ -4.307988819, 40.233881652 ], [ -4.348488074, 40.236746542 ], [ -4.356386295, 40.308621366 ], [ -4.380108718, 40.318341548 ], [ -4.383481996, 40.289049879 ], [ -4.43524522, 40.25912689 ], [ -4.437425742, 40.236697157 ], [ -4.509789138, 40.219189971 ], [ -4.527911286, 40.200092818 ], [ -4.574906362, 40.206581186 ] ], [ [ -3.374442445, 40.626137242 ], [ -3.363664762, 40.631602124 ], [ -3.363605957, 40.63842108 ], [ -3.374049363, 40.640249048 ], [ -3.374442445, 40.626137242 ] ] ], [ [ [ -4.316193914, 40.666749129 ], [ -4.284816538, 40.681221045 ], [ -4.254117576, 40.658692107 ], [ -4.319506128, 40.647662706 ], [ -4.316193914, 40.666749129 ] ] ] ] } },
{ "type": "Feature", "properties": { "INSPIREID": "ES.IGN.BDDAE.34140000000", "COUNTRY": "ES", "NATLEV": "https://inspire.ec.europa.eu/codelist/AdministrativeHierarchyLevel/2ndOrder", "NATLEVNAME": "Comunidad autónoma", "NATCODE": "34140000000", "NAMEUNIT": "Región de Murcia", "CODNUT1": "ES6", "CODNUT2": "ES62", "CODNUT3": null }, "geometry": { "type": "MultiPolygon", "coordinates": [ [ [ [ -1.623233489, 37.37837788 ], [ -1.623249394, 37.378125696 ], [ -1.623336598, 37.378297962 ], [ -1.623233489, 37.37837788 ] ] ], [ [ [ -1.545845412, 37.407617855 ], [ -1.547309822, 37.409600705 ], [ -1.543662773, 37.408888853 ], [ -1.545845412, 37.407617855 ] ] ], [ [ [ -1.494869102, 37.422157463 ], [ -1.495059361, 37.422250015 ], [ -1.494810809, 37.42224685 ], [ -1.494869102, 37.422157463 ] ] ], [ [ [ -1.529717599, 37.422307788 ], [ -1.529106625, 37.422345249 ], [ -1.529201769, 37.422103083 ], [ -1.529717599, 37.422307788 ] ] ], [ [ [ -1.50202223, 37.429539843 ], [ -1.502122304, 37.429622229 ], [ -1.501984741, 37.429719627 ], [ -1.50202223, 37.429539843 ] ] ], [ [ [ -1.468546243, 37.473327952 ], [ -1.486219984, 37.422921236 ], [ -1.504508731, 37.432374369 ], [ -1.519009915, 37.431781902 ], [ -1.590804247, 37.402096731 ], [ -1.625808197, 37.38025554 ], [ -1.628524361, 37.373752541 ], [ -1.737075099, 37.442633471 ], [ -1.811756354, 37.451556282 ], [ -1.808562686, 37.433533014 ], [ -1.845089965, 37.455015931 ], [ -2.011923291, 37.672537465 ], [ -1.99583233, 37.728047302 ], [ -2.008835887, 37.774951233 ], [ -1.995277229, 37.841385011 ], [ -1.974224062, 37.868471875 ], [ -1.994972286, 37.880280606 ], [ -2.021563137, 37.868200938 ], [ -2.097267915, 37.876895037 ], [ -2.124891676, 37.900277089 ], [ -2.172146789, 37.888651174 ], [ -2.247380503, 37.934219821 ], [ -2.298366711, 38.00280248 ], [ -2.344184266, 38.029784076 ], [ -2.328134311, 38.068372878 ], [ -2.265667206, 38.108837019 ], [ -2.2132885, 38.202052875 ], [ -2.112883809, 38.2376841 ], [ -2.048572559, 38.305693918 ], [ -1.982581131, 38.2811819 ], [ -1.907450103, 38.297700225 ], [ -1.784082664, 38.355850253 ], [ -1.794511812, 38.368942898 ], [ -1.770278136, 38.364248347 ], [ -1.771973709, 38.378378676 ], [ -1.744364159, 38.380807744 ], [ -1.719147008, 38.363033972 ], [ -1.703760455, 38.374769436 ], [ -1.687707696, 38.365434851 ], [ -1.693311678, 38.337677979 ], [ -1.669711683, 38.311773938 ], [ -1.589496492, 38.3099012 ], [ -1.558759657, 38.325043022 ], [ -1.478433837, 38.376438937 ], [ -1.479911132, 38.479785907 ], [ -1.498749235, 38.532068942 ], [ -1.487771857, 38.56321145 ], [ -1.452018685, 38.581461349 ], [ -1.44767739, 38.649477248 ], [ -1.383803148, 38.699225384 ], [ -1.366551579, 38.703966004 ], [ -1.343076148, 38.677409106 ], [ -1.249687429, 38.73865154 ], [ -1.183777575, 38.755084348 ], [ -1.119665015, 38.737692415 ], [ -1.115777811, 38.711408719 ], [ -1.026143538, 38.655606728 ], [ -1.015845652, 38.635172774 ], [ -1.001517079, 38.572657353 ], [ -1.026053098, 38.522762675 ], [ -1.013685647, 38.496733669 ], [ -1.094161755, 38.437928939 ], [ -1.07718909, 38.431425814 ], [ -1.084381684, 38.346193761 ], [ -0.989336947, 38.320712709 ], [ -0.96798982, 38.275757676 ], [ -0.988798446, 38.199410111 ], [ -1.03674468, 38.13771634 ], [ -1.02259937, 38.075690492 ], [ -0.900180136, 37.923129117 ], [ -0.83046494, 37.864434328 ], [ -0.762411665, 37.846597012 ], [ -0.750617347, 37.821193688 ], [ -0.752209629, 37.78820488 ], [ -0.775764136, 37.819111215 ], [ -0.796275031, 37.810503567 ], [ -0.798015752, 37.78479017 ], [ -0.844831288, 37.748042261 ], [ -0.857032896, 37.713362894 ], [ -0.802770947, 37.65820367 ], [ -0.727675316, 37.634792019 ], [ -0.71979008, 37.648823875 ], [ -0.740274353, 37.65951841 ], [ -0.729917497, 37.662004853 ], [ -0.745736591, 37.70598698 ], [ -0.745623005, 37.74824841 ], [ -0.741646143, 37.74317989 ], [ -0.733543199, 37.746538727 ], [ -0.745476359, 37.748966516 ], [ -0.757946134, 37.77987049 ], [ -0.746474666, 37.780750852 ], [ -0.745064191, 37.758799079 ], [ -0.727828392, 37.750087275 ], [ -0.721418277, 37.740032926 ], [ -0.727193149, 37.746740808 ], [ -0.733055013, 37.746916825 ], [ -0.738241765, 37.734607799 ], [ -0.731455753, 37.67848939 ], [ -0.709718688, 37.641311348 ], [ -0.688293763, 37.632755888 ], [ -0.702217207, 37.630261517 ], [ -0.731848854, 37.601502594 ], [ -0.820005243, 37.575020975 ], [ -0.877147595, 37.57710715 ], [ -0.919223931, 37.554043174 ], [ -0.933980675, 37.559022576 ], [ -0.952300321, 37.557798719 ], [ -0.967469855, 37.560513859 ], [ -0.971758869, 37.559653182 ], [ -0.979416937, 37.566932234 ], [ -0.973261364, 37.561386248 ], [ -0.950481663, 37.568313353 ], [ -0.989738201, 37.601409384 ], [ -0.984038389, 37.58428829 ], [ -1.001457088, 37.589694479 ], [ -1.017936353, 37.572838841 ], [ -1.074017029, 37.584151458 ], [ -1.108654032, 37.569368487 ], [ -1.119841862, 37.562341957 ], [ -1.127145306, 37.552126378 ], [ -1.111055802, 37.534081336 ], [ -1.166469091, 37.542075089 ], [ -1.174152163, 37.563123736 ], [ -1.213481242, 37.575345544 ], [ -1.246229539, 37.576088362 ], [ -1.255754237, 37.557582714 ], [ -1.323583922, 37.563360522 ], [ -1.468546243, 37.473327952 ] ] ], [ [ [ -1.468469623, 37.470433831 ], [ -1.468106374, 37.471609805 ], [ -1.467879351, 37.471651925 ], [ -1.468469623, 37.470433831 ] ] ], [ [ [ -1.468248356, 37.472963575 ], [ -1.46848724, 37.47289457 ], [ -1.468496338, 37.473002842 ], [ -1.468248356, 37.472963575 ] ] ], [ [ [ -1.265925756, 37.555885063 ], [ -1.27000702, 37.555142854 ], [ -1.267080238, 37.557848729 ], [ -1.265925756, 37.555885063 ] ] ], [ [ [ -1.327942553, 37.556284386 ], [ -1.327956359, 37.557185841 ], [ -1.327788816, 37.557084329 ], [ -1.327942553, 37.556284386 ] ] ], [ [ [ -0.967778295, 37.56011177 ], [ -0.9696407, 37.55864782 ], [ -0.971750146, 37.559341988 ], [ -0.967778295, 37.56011177 ] ] ], [ [ [ -1.118881236, 37.561824663 ], [ -1.118794782, 37.561661063 ], [ -1.11896204, 37.561762865 ], [ -1.118881236, 37.561824663 ] ] ], [ [ [ -1.09437794, 37.569975089 ], [ -1.094359438, 37.569812569 ], [ -1.094494334, 37.569850797 ], [ -1.09437794, 37.569975089 ] ] ], [ [ [ -1.042051333, 37.569749095 ], [ -1.0415194, 37.570172851 ], [ -1.04137416, 37.570098342 ], [ -1.042051333, 37.569749095 ] ] ], [ [ [ -1.041894766, 37.570106985 ], [ -1.042068514, 37.57125442 ], [ -1.040642282, 37.57037458 ], [ -1.041894766, 37.570106985 ] ] ], [ [ [ -1.207560915, 37.570829735 ], [ -1.207943419, 37.572349634 ], [ -1.207395274, 37.572070933 ], [ -1.207560915, 37.570829735 ] ] ], [ [ [ -1.02236535, 37.573034608 ], [ -1.022614105, 37.57304779 ], [ -1.022374761, 37.573106863 ], [ -1.02236535, 37.573034608 ] ] ], [ [ [ -1.022642815, 37.573246539 ], [ -1.022703456, 37.573094349 ], [ -1.022781013, 37.573158734 ], [ -1.022642815, 37.573246539 ] ] ], [ [ [ -1.022486271, 37.573171818 ], [ -1.022518557, 37.573235444 ], [ -1.022461967, 37.573234496 ], [ -1.022486271, 37.573171818 ] ] ], [ [ [ -1.021977557, 37.573568837 ], [ -1.022048564, 37.573452869 ], [ -1.022080372, 37.573534512 ], [ -1.021977557, 37.573568837 ] ] ], [ [ [ -1.014621303, 37.574283394 ], [ -1.014779516, 37.574295069 ], [ -1.014674782, 37.574401452 ], [ -1.014621303, 37.574283394 ] ] ], [ [ [ -0.97211439, 37.575128482 ], [ -0.971959118, 37.575008655 ], [ -0.972106005, 37.575020193 ], [ -0.97211439, 37.575128482 ] ] ], [ [ [ -1.011797883, 37.576560983 ], [ -1.011632662, 37.576386967 ], [ -1.011846512, 37.576435632 ], [ -1.011797883, 37.576560983 ] ] ], [ [ [ -0.977247434, 37.580849181 ], [ -0.977397748, 37.580734601 ], [ -0.977429022, 37.58083427 ], [ -0.977247434, 37.580849181 ] ] ], [ [ [ -0.976503082, 37.580737282 ], [ -0.976488835, 37.580845183 ], [ -0.976399505, 37.58079859 ], [ -0.976503082, 37.580737282 ] ] ], [ [ [ -0.977752145, 37.581029065 ], [ -0.97786387, 37.581085053 ], [ -0.977728289, 37.581073716 ], [ -0.977752145, 37.581029065 ] ] ], [ [ [ -0.977947107, 37.581356843 ], [ -0.978062733, 37.581268704 ], [ -0.978060295, 37.581358783 ], [ -0.977947107, 37.581356843 ] ] ], [ [ [ -0.796622934, 37.70202931 ], [ -0.804297652, 37.701388596 ], [ -0.803336917, 37.702812535 ], [ -0.796622934, 37.70202931 ] ] ], [ [ [ -0.74921573, 37.664844052 ], [ -0.749414194, 37.666154508 ], [ -0.74764849, 37.665688231 ], [ -0.74921573, 37.664844052 ] ] ], [ [ [ -0.764605082, 37.693712388 ], [ -0.77615778, 37.696102753 ], [ -0.771269913, 37.702913209 ], [ -0.764605082, 37.693712388 ] ] ], [ [ [ -0.755678301, 37.722204125 ], [ -0.75540713, 37.722023169 ], [ -0.755676412, 37.722018863 ], [ -0.755678301, 37.722204125 ] ] ], [ [ [ -0.758712605, 37.779837363 ], [ -0.758781509, 37.779389435 ], [ -0.758952849, 37.779827288 ], [ -0.758712605, 37.779837363 ] ] ], [ [ [ -0.744592366, 37.780669746 ], [ -0.744294714, 37.781123629 ], [ -0.744169226, 37.780769776 ], [ -0.744592366, 37.780669746 ] ] ], [ [ [ -0.757267389, 37.782416833 ], [ -0.759074726, 37.780847201 ], [ -0.759497537, 37.782261047 ], [ -0.757267389, 37.782416833 ] ] ], [ [ [ -0.745008235, 37.781182357 ], [ -0.744888857, 37.781747795 ], [ -0.74459151, 37.781444719 ], [ -0.745008235, 37.781182357 ] ] ], [ [ [ -0.745398402, 37.781793601 ], [ -0.745892473, 37.782722237 ], [ -0.745335614, 37.782738607 ], [ -0.745398402, 37.781793601 ] ] ], [ [ [ -0.75957017, 37.782487717 ], [ -0.760518395, 37.784551375 ], [ -0.757676831, 37.784271994 ], [ -0.757954988, 37.783709566 ], [ -0.75957017, 37.782487717 ] ] ], [ [ [ -0.745351164, 37.783721159 ], [ -0.746156589, 37.783745594 ], [ -0.745900492, 37.784326438 ], [ -0.745351164, 37.783721159 ] ] ], [ [ [ -0.746338245, 37.785614453 ], [ -0.746477707, 37.785508985 ], [ -0.746475517, 37.785581035 ], [ -0.746338245, 37.785614453 ] ] ], [ [ [ -0.757128947, 37.78511765 ], [ -0.758383253, 37.786069728 ], [ -0.757263945, 37.785534752 ], [ -0.757128947, 37.78511765 ] ] ], [ [ [ -0.753621168, 37.783590898 ], [ -0.755019724, 37.785401858 ], [ -0.757406484, 37.788331037 ], [ -0.759708518, 37.787680984 ], [ -0.75883715, 37.788709733 ], [ -0.758573848, 37.788028856 ], [ -0.7580865, 37.788749508 ], [ -0.75604266, 37.787620171 ], [ -0.753621168, 37.783590898 ] ] ], [ [ [ -0.747213411, 37.786334102 ], [ -0.746579823, 37.786258895 ], [ -0.747132474, 37.786008139 ], [ -0.747213411, 37.786334102 ] ] ], [ [ [ -0.75930919, 37.786240553 ], [ -0.759374831, 37.786322906 ], [ -0.759240556, 37.78625727 ], [ -0.75930919, 37.786240553 ] ] ], [ [ [ -0.758580446, 37.786307783 ], [ -0.758738234, 37.786346833 ], [ -0.758545312, 37.78634316 ], [ -0.758580446, 37.786307783 ] ] ], [ [ [ -0.759347781, 37.786466575 ], [ -0.758937334, 37.786521843 ], [ -0.758746861, 37.786437113 ], [ -0.759347781, 37.786466575 ] ] ], [ [ [ -0.760021722, 37.784830294 ], [ -0.761635737, 37.788537695 ], [ -0.759186239, 37.788806494 ], [ -0.759897479, 37.788567709 ], [ -0.7598707, 37.78607101 ], [ -0.757341112, 37.784860358 ], [ -0.760021722, 37.784830294 ] ] ], [ [ [ -0.758620395, 37.786488774 ], [ -0.759148246, 37.787057537 ], [ -0.758527975, 37.786541083 ], [ -0.758620395, 37.786488774 ] ] ], [ [ [ -0.758191062, 37.786417517 ], [ -0.759150069, 37.787372975 ], [ -0.757865139, 37.786681655 ], [ -0.758191062, 37.786417517 ] ] ], [ [ [ -0.757949032, 37.787287025 ], [ -0.757891473, 37.787312963 ], [ -0.757846896, 37.787285079 ], [ -0.757949032, 37.787287025 ] ] ], [ [ [ -0.747814999, 37.78746304 ], [ -0.747604576, 37.787287795 ], [ -0.747922058, 37.787302881 ], [ -0.747814999, 37.78746304 ] ] ], [ [ [ -0.747509403, 37.788178113 ], [ -0.748333746, 37.789077011 ], [ -0.747848348, 37.789356093 ], [ -0.747509403, 37.788178113 ] ] ], [ [ [ -0.76147169, 37.788705794 ], [ -0.762445727, 37.790670801 ], [ -0.759016766, 37.790281156 ], [ -0.76147169, 37.788705794 ] ] ], [ [ [ -0.756718815, 37.791544053 ], [ -0.756788, 37.791509326 ], [ -0.756775289, 37.791554141 ], [ -0.756718815, 37.791544053 ] ] ], [ [ [ -0.75718758, 37.79181432 ], [ -0.756876341, 37.791592113 ], [ -0.757258671, 37.791716548 ], [ -0.75718758, 37.79181432 ] ] ], [ [ [ -0.748574649, 37.791853364 ], [ -0.748806924, 37.791941431 ], [ -0.748606853, 37.792060613 ], [ -0.748574649, 37.791853364 ] ] ], [ [ [ -0.761552204, 37.791681125 ], [ -0.76180073, 37.79210038 ], [ -0.761285734, 37.791856287 ], [ -0.761552204, 37.791681125 ] ] ], [ [ [ -0.757657164, 37.792057565 ], [ -0.757563102, 37.792163911 ], [ -0.757600963, 37.792038472 ], [ -0.757657164, 37.792057565 ] ] ], [ [ [ -0.758031329, 37.792452187 ], [ -0.757867081, 37.792250806 ], [ -0.758179959, 37.792418972 ], [ -0.758031329, 37.792452187 ] ] ], [ [ [ -0.759367008, 37.792594769 ], [ -0.759189774, 37.792447211 ], [ -0.759390605, 37.792189701 ], [ -0.759367008, 37.792594769 ] ] ], [ [ [ -0.758317239, 37.79238554 ], [ -0.75812149, 37.792850411 ], [ -0.757788636, 37.792591749 ], [ -0.758317239, 37.79238554 ] ] ], [ [ [ -0.762442072, 37.79304977 ], [ -0.762239752, 37.79260436 ], [ -0.76223248, 37.792469049 ], [ -0.762442072, 37.79304977 ] ] ], [ [ [ -0.762468444, 37.793681077 ], [ -0.762186881, 37.793603633 ], [ -0.762392053, 37.793202015 ], [ -0.762468444, 37.793681077 ] ] ], [ [ [ -0.760842332, 37.846094145 ], [ -0.760501583, 37.845755616 ], [ -0.760485828, 37.845462336 ], [ -0.760842332, 37.846094145 ] ] ], [ [ [ -0.76088714, 37.847157053 ], [ -0.760864245, 37.846997919 ], [ -0.760970888, 37.847136673 ], [ -0.76088714, 37.847157053 ] ] ], [ [ [ -0.708504582, 37.618497711 ], [ -0.708377291, 37.618215881 ], [ -0.708638807, 37.618184917 ], [ -0.708504582, 37.618497711 ] ] ], [ [ [ -0.708727689, 37.618979656 ], [ -0.709160392, 37.619645902 ], [ -0.708394918, 37.619117374 ], [ -0.708727689, 37.618979656 ] ] ], [ [ [ -0.705683791, 37.623651508 ], [ -0.705503144, 37.623999441 ], [ -0.70553687, 37.623639638 ], [ -0.705683791, 37.623651508 ] ] ], [ [ [ -0.70187813, 37.623982919 ], [ -0.701780109, 37.623854848 ], [ -0.702061517, 37.623914401 ], [ -0.70187813, 37.623982919 ] ] ], [ [ [ -0.701971436, 37.624264093 ], [ -0.702034155, 37.624067063 ], [ -0.702065349, 37.624157786 ], [ -0.701971436, 37.624264093 ] ] ], [ [ [ -0.702984452, 37.624112612 ], [ -0.702632004, 37.624520275 ], [ -0.70253398, 37.624392204 ], [ -0.702984452, 37.624112612 ] ] ], [ [ [ -0.702634856, 37.625899087 ], [ -0.702758351, 37.625568068 ], [ -0.702883184, 37.625561489 ], [ -0.702634856, 37.625899087 ] ] ], [ [ [ -0.694519571, 37.62966069 ], [ -0.694174939, 37.629446688 ], [ -0.694395658, 37.629270774 ], [ -0.694519571, 37.62966069 ] ] ], [ [ [ -0.6934711, 37.629856461 ], [ -0.693044696, 37.629721959 ], [ -0.693467018, 37.629622083 ], [ -0.6934711, 37.629856461 ] ] ], [ [ [ -0.689639855, 37.631367473 ], [ -0.689655644, 37.631223599 ], [ -0.689758675, 37.631189571 ], [ -0.689639855, 37.631367473 ] ] ], [ [ [ -0.690888841, 37.631283801 ], [ -0.690920303, 37.63136552 ], [ -0.690820618, 37.631291476 ], [ -0.690888841, 37.631283801 ] ] ], [ [ [ -0.68941856, 37.631561388 ], [ -0.689377171, 37.631434417 ], [ -0.689489295, 37.63147266 ], [ -0.68941856, 37.631561388 ] ] ], [ [ [ -0.690996394, 37.631835606 ], [ -0.690979044, 37.631664048 ], [ -0.69113535, 37.631739201 ], [ -0.690996394, 37.631835606 ] ] ], [ [ [ -0.6892806, 37.631991235 ], [ -0.689307993, 37.631838577 ], [ -0.689418722, 37.63192185 ], [ -0.6892806, 37.631991235 ] ] ], [ [ [ -0.689609836, 37.631970652 ], [ -0.689493246, 37.632076505 ], [ -0.689438021, 37.632030366 ], [ -0.689609836, 37.631970652 ] ] ], [ [ [ -0.688758297, 37.632026055 ], [ -0.688742786, 37.632160923 ], [ -0.68867512, 37.632150585 ], [ -0.688758297, 37.632026055 ] ] ], [ [ [ -0.689715822, 37.632207027 ], [ -0.689808926, 37.632127748 ], [ -0.689748678, 37.632243716 ], [ -0.689715822, 37.632207027 ] ] ], [ [ [ -0.688693302, 37.632295125 ], [ -0.688592781, 37.632248097 ], [ -0.688662121, 37.632204399 ], [ -0.688693302, 37.632295125 ] ] ], [ [ [ -0.688274868, 37.632268899 ], [ -0.688400271, 37.632244323 ], [ -0.688329814, 37.632324045 ], [ -0.688274868, 37.632268899 ] ] ], [ [ [ -0.687626906, 37.633067225 ], [ -0.687908741, 37.632748339 ], [ -0.687916994, 37.632847627 ], [ -0.687626906, 37.633067225 ] ] ], [ [ [ -0.688024805, 37.633390428 ], [ -0.688054714, 37.633156717 ], [ -0.688141119, 37.633293583 ], [ -0.688024805, 37.633390428 ] ] ], [ [ [ -0.687014151, 37.633460722 ], [ -0.686903143, 37.633386452 ], [ -0.686960603, 37.633360545 ], [ -0.687014151, 37.633460722 ] ] ], [ [ [ -0.687238122, 37.633546218 ], [ -0.687388411, 37.63345004 ], [ -0.687236167, 37.63360926 ], [ -0.687238122, 37.633546218 ] ] ], [ [ [ -0.688517926, 37.633931772 ], [ -0.688590897, 37.633770996 ], [ -0.688680375, 37.633808796 ], [ -0.688517926, 37.633931772 ] ] ], [ [ [ -0.688137454, 37.635969912 ], [ -0.687951358, 37.635759 ], [ -0.688268448, 37.635765217 ], [ -0.688137454, 37.635969912 ] ] ], [ [ [ -0.689014797, 37.636545821 ], [ -0.688861275, 37.636380606 ], [ -0.689097978, 37.636421291 ], [ -0.689014797, 37.636545821 ] ] ], [ [ [ -0.688555384, 37.636744079 ], [ -0.688671145, 37.636665245 ], [ -0.688657307, 37.636746077 ], [ -0.688555384, 37.636744079 ] ] ], [ [ [ -0.653650646, 37.651959664 ], [ -0.653389826, 37.652323939 ], [ -0.65316669, 37.65221136 ], [ -0.653650646, 37.651959664 ] ] ], [ [ [ -0.649396226, 37.654965808 ], [ -0.648543664, 37.656480738 ], [ -0.648077528, 37.656525507 ], [ -0.649396226, 37.654965808 ] ] ], [ [ [ -0.718721638, 37.664843614 ], [ -0.718331732, 37.664619793 ], [ -0.718891833, 37.664468426 ], [ -0.718721638, 37.664843614 ] ] ], [ [ [ -0.740110596, 37.668652914 ], [ -0.740326491, 37.670504404 ], [ -0.738977276, 37.669388145 ], [ -0.740110596, 37.668652914 ] ] ], [ [ [ -0.705701756, 37.72644515 ], [ -0.709270757, 37.730281351 ], [ -0.706122833, 37.730445393 ], [ -0.705701756, 37.72644515 ] ] ], [ [ [ -0.698127816, 37.731415894 ], [ -0.698020356, 37.731954477 ], [ -0.697607776, 37.731721132 ], [ -0.698127816, 37.731415894 ] ] ], [ [ [ -0.743937743, 37.77867467 ], [ -0.744250413, 37.778473397 ], [ -0.744233862, 37.778644299 ], [ -0.743937743, 37.77867467 ] ] ], [ [ [ -0.744470986, 37.780180799 ], [ -0.744060174, 37.779875547 ], [ -0.744445862, 37.779513466 ], [ -0.744470986, 37.780180799 ] ] ] ] } },
{ "type": "Feature", "properties": { "INSPIREID": "ES.IGN.BDDAE.34150000000", "COUNTRY": "ES", "NATLEV": "https://inspire.ec.europa.eu/codelist/AdministrativeHierarchyLevel/2ndOrder", "NATLEVNAME": "Comunidad autónoma", "NATCODE": "34150000000", "NAMEUNIT": "Comunidad Foral de Navarra", "CODNUT1": "ES2", "CODNUT2": "ES22", "CODNUT3": null }, "geometry": { "type": "MultiPolygon", "coordinates": [ [ [ [ -2.105079965, 42.415940386 ], [ -2.175036571, 42.4077664 ], [ -2.276388526, 42.446669681 ], [ -2.288012439, 42.467360013 ], [ -2.298718996, 42.457411743 ], [ -2.329987632, 42.46880238 ], [ -2.344233923, 42.451536196 ], [ -2.352607515, 42.465644067 ], [ -2.400008715, 42.471432247 ], [ -2.423751494, 42.509631791 ], [ -2.392202449, 42.516952298 ], [ -2.396754487, 42.599100147 ], [ -2.42112074, 42.607124222 ], [ -2.453241999, 42.567107793 ], [ -2.462205208, 42.587386334 ], [ -2.49034884, 42.585022572 ], [ -2.5000827, 42.616475936 ], [ -2.483072377, 42.612158472 ], [ -2.41579718, 42.662680145 ], [ -2.376259721, 42.650709741 ], [ -2.381948959, 42.634296332 ], [ -2.288480843, 42.655069069 ], [ -2.293577594, 42.677938886 ], [ -2.316863806, 42.682502165 ], [ -2.324007565, 42.723772071 ], [ -2.316849744, 42.73934504 ], [ -2.262167092, 42.74846092 ], [ -2.281011357, 42.785134011 ], [ -2.235411463, 42.835303898 ], [ -2.253070027, 42.892774484 ], [ -2.237757821, 42.895996273 ], [ -2.232156163, 42.931789941 ], [ -2.199135052, 42.951176217 ], [ -2.180960286, 42.935126478 ], [ -2.117444257, 42.942143577 ], [ -2.095318498, 42.97227274 ], [ -2.038338329, 42.980994432 ], [ -2.028306465, 42.99883827 ], [ -2.041394566, 43.029700477 ], [ -2.020441112, 43.046730887 ], [ -2.022824189, 43.065193167 ], [ -1.947525259, 43.097526703 ], [ -1.901951958, 43.135854398 ], [ -1.92068845, 43.150629505 ], [ -1.915722678, 43.223394485 ], [ -1.881907523, 43.206788482 ], [ -1.876670205, 43.231904737 ], [ -1.86171279, 43.21209182 ], [ -1.850002599, 43.228479539 ], [ -1.825652605, 43.228292624 ], [ -1.795246357, 43.246319572 ], [ -1.783242998, 43.286819822 ], [ -1.668418467, 43.31484309 ], [ -1.62404683, 43.30602376 ], [ -1.630678706, 43.285020381 ], [ -1.608780212, 43.251898665 ], [ -1.575152601, 43.249922395 ], [ -1.565032249, 43.287994351 ], [ -1.535320885, 43.294666741 ], [ -1.403008891, 43.269243493 ], [ -1.382543325, 43.253101886 ], [ -1.381576958, 43.189634261 ], [ -1.402071753, 43.178205878 ], [ -1.41476837, 43.127531665 ], [ -1.4732142, 43.0867297 ], [ -1.441248502, 43.0462722 ], [ -1.35389302, 43.028297229 ], [ -1.344837917, 43.094443155 ], [ -1.32136518, 43.112660866 ], [ -1.270156938, 43.118316345 ], [ -1.309849064, 43.069274703 ], [ -1.263603756, 43.044016077 ], [ -1.212580661, 43.051456783 ], [ -1.145454823, 43.025766042 ], [ -1.141910636, 43.007594522 ], [ -1.114962274, 43.023961522 ], [ -1.072343513, 42.997984461 ], [ -1.017359474, 42.995430371 ], [ -0.945045557, 42.953406034 ], [ -0.908353652, 42.964498218 ], [ -0.810505576, 42.951301563 ], [ -0.767382415, 42.96919698 ], [ -0.730720393, 42.946836476 ], [ -0.725427894, 42.919648663 ], [ -0.782949737, 42.921564366 ], [ -0.819040912, 42.901042838 ], [ -0.81861203, 42.868650196 ], [ -0.856823664, 42.847057121 ], [ -0.860007029, 42.798562218 ], [ -0.847532907, 42.785919665 ], [ -0.864837814, 42.763353552 ], [ -0.900535273, 42.76046607 ], [ -0.900499284, 42.743085962 ], [ -0.922984785, 42.744000718 ], [ -0.948676268, 42.711452413 ], [ -1.027981, 42.70006011 ], [ -1.036808479, 42.651638484 ], [ -1.051925511, 42.642594461 ], [ -1.152046157, 42.647883858 ], [ -1.157115568, 42.610891289 ], [ -1.179775189, 42.610623587 ], [ -1.158034735, 42.599154096 ], [ -1.201920477, 42.578238887 ], [ -1.202790536, 42.54966028 ], [ -1.226166323, 42.542244046 ], [ -1.264769449, 42.556803019 ], [ -1.28813741, 42.522789847 ], [ -1.272780298, 42.481899187 ], [ -1.341508015, 42.423937591 ], [ -1.359904832, 42.378039144 ], [ -1.32908282, 42.355385488 ], [ -1.399081991, 42.29129979 ], [ -1.391370701, 42.272117398 ], [ -1.417530264, 42.212367582 ], [ -1.391906086, 42.181418282 ], [ -1.398881458, 42.126219357 ], [ -1.366759534, 42.106961078 ], [ -1.352277234, 42.073070498 ], [ -1.310592784, 42.072312562 ], [ -1.304822485, 42.042949355 ], [ -1.418244618, 41.913582726 ], [ -1.477601659, 41.924905003 ], [ -1.559255723, 41.91394418 ], [ -1.654145796, 41.965351495 ], [ -1.715220962, 41.956963483 ], [ -1.766896458, 41.995789323 ], [ -1.833702984, 41.995064823 ], [ -1.901576743, 42.029680001 ], [ -1.902300801, 42.073863066 ], [ -1.832416679, 42.14823111 ], [ -1.779004873, 42.137704883 ], [ -1.739742102, 42.149735889 ], [ -1.719894944, 42.133439702 ], [ -1.679659035, 42.151689308 ], [ -1.700897281, 42.173123586 ], [ -1.679527833, 42.191143726 ], [ -1.703813371, 42.191475994 ], [ -1.709712632, 42.210019049 ], [ -1.815177787, 42.228122273 ], [ -1.819218704, 42.248640774 ], [ -1.849790477, 42.259254496 ], [ -1.872276411, 42.252669413 ], [ -1.870658107, 42.288965959 ], [ -1.913817506, 42.300109485 ], [ -1.918513379, 42.326964802 ], [ -1.964520733, 42.333820029 ], [ -1.995520294, 42.363608375 ], [ -2.089960959, 42.346971268 ], [ -2.078640081, 42.368125685 ], [ -2.11551424, 42.399081534 ], [ -2.105079965, 42.415940386 ] ] ], [ [ [ -1.180471859, 42.425603946 ], [ -1.154152907, 42.441420058 ], [ -1.145215461, 42.441739527 ], [ -1.154708644, 42.413781918 ], [ -1.184668602, 42.400851968 ], [ -1.180471859, 42.425603946 ] ] ], [ [ [ -1.129390284, 42.447403418 ], [ -1.091978062, 42.485818121 ], [ -1.051728474, 42.439886464 ], [ -1.061595376, 42.43336271 ], [ -1.129390284, 42.447403418 ] ] ] ] } },
{ "type": "Feature", "properties": { "INSPIREID": "ES.IGN.BDDAE.34160000000", "COUNTRY": "ES", "NATLEV": "https://inspire.ec.europa.eu/codelist/AdministrativeHierarchyLevel/2ndOrder", "NATLEVNAME": "Comunidad autónoma", "NATCODE": "34160000000", "NAMEUNIT": "País Vasco/Euskadi", "CODNUT1": "ES2", "CODNUT2": "ES21", "CODNUT3": null }, "geometry": { "type": "MultiPolygon", "coordinates": [ [ [ [ -2.901396187, 42.682578477 ], [ -2.930576246, 42.708221509 ], [ -2.980601719, 42.703484183 ], [ -3.016659689, 42.741008681 ], [ -3.04166604, 42.739185591 ], [ -3.048620152, 42.765560994 ], [ -3.14791334, 42.756696943 ], [ -3.123254536, 42.78932587 ], [ -3.159228831, 42.804591427 ], [ -3.113149875, 42.861064245 ], [ -3.11494004, 42.88924895 ], [ -3.16282285, 42.85673665 ], [ -3.190686477, 42.869463475 ], [ -3.222175605, 42.838635785 ], [ -3.205533459, 42.827401091 ], [ -3.282608715, 42.875514359 ], [ -3.277239172, 42.901579579 ], [ -3.248544554, 42.912145441 ], [ -3.224729322, 42.949691737 ], [ -3.144731581, 42.93468239 ], [ -3.14927294, 42.917062679 ], [ -3.092101501, 42.898778715 ], [ -3.018905972, 42.90851203 ], [ -2.98106635, 42.939654859 ], [ -3.041868093, 42.969224593 ], [ -3.037102377, 42.981834377 ], [ -3.060367053, 43.003210652 ], [ -3.177802283, 43.021984337 ], [ -3.141860073, 43.029814094 ], [ -3.140311797, 43.067150218 ], [ -3.158187498, 43.074016004 ], [ -3.133940741, 43.097234226 ], [ -3.181786383, 43.120878743 ], [ -3.144198287, 43.169954123 ], [ -3.22409276, 43.170132492 ], [ -3.253273483, 43.198747316 ], [ -3.417608303, 43.13331769 ], [ -3.450147105, 43.236207793 ], [ -3.33858411, 43.278060889 ], [ -3.332405267, 43.301878046 ], [ -3.209449053, 43.283606765 ], [ -3.157326504, 43.301319601 ], [ -3.153287409, 43.353315342 ], [ -3.116397503, 43.349189849 ], [ -3.109353515, 43.36468759 ], [ -3.084077438, 43.377972583 ], [ -3.104542767, 43.364658031 ], [ -3.077572019, 43.354416471 ], [ -3.072262975, 43.362720113 ], [ -3.059605264, 43.361841581 ], [ -3.045287466, 43.358993405 ], [ -3.072847779, 43.359901409 ], [ -3.031876337, 43.346655175 ], [ -3.043788177, 43.339147676 ], [ -3.020715834, 43.325543768 ], [ -3.010245925, 43.337242021 ], [ -3.027815034, 43.341948619 ], [ -3.012591784, 43.347741095 ], [ -3.039604578, 43.373307974 ], [ -2.970471855, 43.413380211 ], [ -2.945092458, 43.412756586 ], [ -2.946909013, 43.436026545 ], [ -2.806978113, 43.430489493 ], [ -2.752160835, 43.456955202 ], [ -2.738706522, 43.429686811 ], [ -2.695677744, 43.40676314 ], [ -2.64630897, 43.415940657 ], [ -2.618630498, 43.391863948 ], [ -2.509732382, 43.37736576 ], [ -2.502606145, 43.364224431 ], [ -2.459738766, 43.335566511 ], [ -2.3529276, 43.298704159 ], [ -2.282781254, 43.295222613 ], [ -2.20244637, 43.311725058 ], [ -2.189571363, 43.292364623 ], [ -2.130502142, 43.287455198 ], [ -2.030467752, 43.320997972 ], [ -1.990940435, 43.315873793 ], [ -1.96239588, 43.338146425 ], [ -1.923781219, 43.332035067 ], [ -1.864976075, 43.372377504 ], [ -1.80318988, 43.388238563 ], [ -1.791258787, 43.395910838 ], [ -1.787106325, 43.351249662 ], [ -1.737250518, 43.329972682 ], [ -1.72936888, 43.293823101 ], [ -1.783242998, 43.286819822 ], [ -1.795246357, 43.246319572 ], [ -1.86171279, 43.21209182 ], [ -1.876670205, 43.231904737 ], [ -1.881907523, 43.206788482 ], [ -1.91457841, 43.22473428 ], [ -1.92068845, 43.150629505 ], [ -1.901951958, 43.135854398 ], [ -1.947525259, 43.097526703 ], [ -2.022824189, 43.065193167 ], [ -2.020441112, 43.046730887 ], [ -2.041394566, 43.029700477 ], [ -2.028306465, 42.99883827 ], [ -2.038338329, 42.980994432 ], [ -2.095318498, 42.97227274 ], [ -2.117444257, 42.942143577 ], [ -2.180960286, 42.935126478 ], [ -2.199135052, 42.951176217 ], [ -2.232156163, 42.931789941 ], [ -2.237757821, 42.895996273 ], [ -2.253070027, 42.892774484 ], [ -2.235411463, 42.835303898 ], [ -2.281011357, 42.785134011 ], [ -2.262167092, 42.74846092 ], [ -2.316849744, 42.73934504 ], [ -2.324007565, 42.723772071 ], [ -2.316863806, 42.682502165 ], [ -2.293577594, 42.677938886 ], [ -2.288480843, 42.655069069 ], [ -2.381948959, 42.634296332 ], [ -2.376259721, 42.650709741 ], [ -2.41579718, 42.662680145 ], [ -2.483072377, 42.612158472 ], [ -2.5000827, 42.616475936 ], [ -2.49034884, 42.585022572 ], [ -2.462205208, 42.587386334 ], [ -2.453241999, 42.567107793 ], [ -2.42112074, 42.607124222 ], [ -2.396754487, 42.599100147 ], [ -2.392202449, 42.516952298 ], [ -2.423120764, 42.510709313 ], [ -2.420582303, 42.489234273 ], [ -2.514632036, 42.490231658 ], [ -2.51058744, 42.519927128 ], [ -2.537497516, 42.495091953 ], [ -2.530608308, 42.483567186 ], [ -2.568402118, 42.494075087 ], [ -2.596520395, 42.472844422 ], [ -2.60536123, 42.503497223 ], [ -2.647778079, 42.4834208 ], [ -2.677842372, 42.509570219 ], [ -2.676846154, 42.526258927 ], [ -2.705724868, 42.516657464 ], [ -2.681768783, 42.595394882 ], [ -2.763931298, 42.622437448 ], [ -2.777676956, 42.582249014 ], [ -2.824834408, 42.55463477 ], [ -2.840785067, 42.581030647 ], [ -2.819828298, 42.591452915 ], [ -2.818770502, 42.612716011 ], [ -2.841800226, 42.608598724 ], [ -2.84367232, 42.63049712 ], [ -2.896177971, 42.653877248 ], [ -2.901396187, 42.682578477 ] ], [ [ -2.603343948, 42.770129683 ], [ -2.644009719, 42.764681098 ], [ -2.731702933, 42.794485752 ], [ -2.826812348, 42.784450459 ], [ -2.835473533, 42.796269546 ], [ -2.868859622, 42.740135242 ], [ -2.784502963, 42.698941959 ], [ -2.767899848, 42.666010911 ], [ -2.659175256, 42.672456053 ], [ -2.634851292, 42.647795259 ], [ -2.517397391, 42.646332391 ], [ -2.522023902, 42.684031532 ], [ -2.577767559, 42.668212513 ], [ -2.608980617, 42.695860927 ], [ -2.572628537, 42.725171827 ], [ -2.557867575, 42.760300099 ], [ -2.5893664, 42.750322721 ], [ -2.603343948, 42.770129683 ] ], [ [ -3.30408577, 43.254575705 ], [ -3.296814842, 43.206019343 ], [ -3.267202144, 43.20430356 ], [ -3.27079468, 43.230134076 ], [ -3.249176449, 43.259649859 ], [ -3.30408577, 43.254575705 ] ] ], [ [ [ -2.935562375, 43.43919013 ], [ -2.934843213, 43.441431807 ], [ -2.935031423, 43.438820644 ], [ -2.935562375, 43.43919013 ] ] ], [ [ [ -2.681439284, 43.422923279 ], [ -2.687258854, 43.427522582 ], [ -2.681608836, 43.425922213 ], [ -2.681439284, 43.422923279 ] ] ], [ [ [ -2.844717245, 43.43288864 ], [ -2.844767571, 43.432537538 ], [ -2.845025744, 43.433042137 ], [ -2.844717245, 43.43288864 ] ] ], [ [ [ -2.81554234, 43.433871391 ], [ -2.815172958, 43.433447584 ], [ -2.815482622, 43.433195965 ], [ -2.81554234, 43.433871391 ] ] ], [ [ [ -2.789897869, 43.442687129 ], [ -2.790108386, 43.442561457 ], [ -2.790119963, 43.442786587 ], [ -2.789897869, 43.442687129 ] ] ], [ [ [ -2.79043777, 43.443795665 ], [ -2.789981091, 43.443632744 ], [ -2.790487824, 43.443615669 ], [ -2.79043777, 43.443795665 ] ] ], [ [ [ -2.776038988, 43.450962747 ], [ -2.77580892, 43.453015297 ], [ -2.774347373, 43.450527194 ], [ -2.776038988, 43.450962747 ] ] ], [ [ [ -2.7531982, 43.457182566 ], [ -2.753322539, 43.457002747 ], [ -2.753507104, 43.457210248 ], [ -2.7531982, 43.457182566 ] ] ], [ [ [ -2.571836111, 43.391491291 ], [ -2.571542134, 43.391157025 ], [ -2.57185144, 43.391068141 ], [ -2.571836111, 43.391491291 ] ] ], [ [ [ -2.357838351, 43.304188691 ], [ -2.357686987, 43.304512002 ], [ -2.357526612, 43.304520102 ], [ -2.357838351, 43.304188691 ] ] ], [ [ [ -2.40076763, 43.322116406 ], [ -2.400937904, 43.322360424 ], [ -2.400727004, 43.322485378 ], [ -2.40076763, 43.322116406 ] ] ], [ [ [ -2.407354559, 43.323303429 ], [ -2.407441154, 43.323276865 ], [ -2.407426547, 43.323510907 ], [ -2.407354559, 43.323303429 ] ] ], [ [ [ -2.409326742, 43.323430712 ], [ -2.409426454, 43.323323174 ], [ -2.409547433, 43.323566922 ], [ -2.409326742, 43.323430712 ] ] ], [ [ [ -2.408480484, 43.324209723 ], [ -2.408522548, 43.323687679 ], [ -2.40881305, 43.324256469 ], [ -2.408480484, 43.324209723 ] ] ], [ [ [ -2.419714007, 43.327094821 ], [ -2.419086172, 43.326965563 ], [ -2.418384766, 43.326790904 ], [ -2.419714007, 43.327094821 ] ] ], [ [ [ -2.41906998, 43.327370684 ], [ -2.419179872, 43.327488303 ], [ -2.419019614, 43.327478482 ], [ -2.41906998, 43.327370684 ] ] ], [ [ [ -2.419472119, 43.327885989 ], [ -2.419598888, 43.327526453 ], [ -2.419660473, 43.32753577 ], [ -2.419472119, 43.327885989 ] ] ], [ [ [ -2.42216841, 43.329718589 ], [ -2.422293973, 43.329485107 ], [ -2.422439344, 43.329764983 ], [ -2.42216841, 43.329718589 ] ] ], [ [ [ -2.439604477, 43.333038178 ], [ -2.439777751, 43.332975997 ], [ -2.439764338, 43.33309299 ], [ -2.439604477, 43.333038178 ] ] ], [ [ [ -2.439615486, 43.333182304 ], [ -2.439738175, 43.333254942 ], [ -2.439590483, 43.333218199 ], [ -2.439615486, 43.333182304 ] ] ], [ [ [ -2.439636094, 43.333623625 ], [ -2.439922128, 43.333372904 ], [ -2.440020065, 43.333454425 ], [ -2.439636094, 43.333623625 ] ] ], [ [ [ -2.444940642, 43.333613536 ], [ -2.44522567, 43.333470851 ], [ -2.445346972, 43.333696553 ], [ -2.444940642, 43.333613536 ] ] ], [ [ [ -2.449456492, 43.334878037 ], [ -2.449442364, 43.335076068 ], [ -2.449319659, 43.33500344 ], [ -2.449456492, 43.334878037 ] ] ], [ [ [ -2.450095179, 43.33518727 ], [ -2.450060044, 43.334979997 ], [ -2.45014558, 43.335070455 ], [ -2.450095179, 43.33518727 ] ] ], [ [ [ -2.451621157, 43.335599818 ], [ -2.451557286, 43.335842632 ], [ -2.451459411, 43.335752116 ], [ -2.451621157, 43.335599818 ] ] ], [ [ [ -2.45238314, 43.335918635 ], [ -2.452481017, 43.33600915 ], [ -2.452358306, 43.335936525 ], [ -2.45238314, 43.335918635 ] ] ], [ [ [ -2.496180612, 43.365168747 ], [ -2.495143551, 43.368180665 ], [ -2.493722786, 43.36834546 ], [ -2.496180612, 43.365168747 ] ] ], [ [ [ -2.149984694, 43.296209169 ], [ -2.150855766, 43.297395248 ], [ -2.149701057, 43.296216057 ], [ -2.149984694, 43.296209169 ] ] ], [ [ [ -2.268898709, 43.300474052 ], [ -2.269154681, 43.300718817 ], [ -2.268762129, 43.300554216 ], [ -2.268898709, 43.300474052 ] ] ], [ [ [ -1.999819833, 43.320337038 ], [ -2.000767368, 43.321966104 ], [ -1.997152466, 43.322051443 ], [ -1.999819833, 43.320337038 ] ] ], [ [ [ -1.809752284, 43.388567503 ], [ -1.809552848, 43.388664475 ], [ -1.809529747, 43.388583196 ], [ -1.809752284, 43.388567503 ] ] ], [ [ [ -1.799153539, 43.391986428 ], [ -1.798817932, 43.392099961 ], [ -1.798781433, 43.392072564 ], [ -1.799153539, 43.391986428 ] ] ] ] } },
{ "type": "Feature", "properties": { "INSPIREID": "ES.IGN.BDDAE.34170000000", "COUNTRY": "ES", "NATLEV": "https://inspire.ec.europa.eu/codelist/AdministrativeHierarchyLevel/2ndOrder", "NATLEVNAME": "Comunidad autónoma", "NATCODE": "34170000000", "NAMEUNIT": "La Rioja", "CODNUT1": "ES2", "CODNUT2": "ES23", "CODNUT3": null }, "geometry": { "type": "Polygon", "coordinates": [ [ [ -2.883825829, 42.009487101 ], [ -2.913623757, 42.022852139 ], [ -2.931176041, 42.0867753 ], [ -3.034373454, 42.085963234 ], [ -3.129367598, 42.198493819 ], [ -3.088589378, 42.245725063 ], [ -3.109668462, 42.351448463 ], [ -3.063462189, 42.356697465 ], [ -3.084811077, 42.385386308 ], [ -3.105270453, 42.386369236 ], [ -3.10134658, 42.416777244 ], [ -3.078179096, 42.415750419 ], [ -3.081507225, 42.395214309 ], [ -3.053142672, 42.37341796 ], [ -3.063299389, 42.424909567 ], [ -3.046003952, 42.445154104 ], [ -3.094695372, 42.488074353 ], [ -3.071900933, 42.528103911 ], [ -3.13427139, 42.542052886 ], [ -3.059830471, 42.589188302 ], [ -3.084152043, 42.640686532 ], [ -2.946450725, 42.639316547 ], [ -2.916008199, 42.619520671 ], [ -2.855626266, 42.63775886 ], [ -2.841800226, 42.608598724 ], [ -2.818770502, 42.612716011 ], [ -2.819828298, 42.591452915 ], [ -2.840785067, 42.581030647 ], [ -2.822769909, 42.554241964 ], [ -2.777676956, 42.582249014 ], [ -2.763931298, 42.622437448 ], [ -2.740705073, 42.622439053 ], [ -2.680581534, 42.594208453 ], [ -2.705724868, 42.516657464 ], [ -2.676846154, 42.526258927 ], [ -2.677842372, 42.509570219 ], [ -2.647778079, 42.4834208 ], [ -2.60536123, 42.503497223 ], [ -2.596520395, 42.472844422 ], [ -2.568402118, 42.494075087 ], [ -2.530608308, 42.483567186 ], [ -2.537497516, 42.495091953 ], [ -2.51058744, 42.519927128 ], [ -2.514632036, 42.490231658 ], [ -2.415665965, 42.490538487 ], [ -2.346752079, 42.451772481 ], [ -2.329987632, 42.46880238 ], [ -2.298718996, 42.457411743 ], [ -2.288012439, 42.467360013 ], [ -2.276388526, 42.446669681 ], [ -2.175036571, 42.4077664 ], [ -2.112277336, 42.420094063 ], [ -2.11551424, 42.399081534 ], [ -2.078640081, 42.368125685 ], [ -2.089960959, 42.346971268 ], [ -1.995520294, 42.363608375 ], [ -1.964520733, 42.333820029 ], [ -1.918513379, 42.326964802 ], [ -1.913817506, 42.300109485 ], [ -1.870658107, 42.288965959 ], [ -1.872276411, 42.252669413 ], [ -1.849790477, 42.259254496 ], [ -1.819218704, 42.248640774 ], [ -1.815177787, 42.228122273 ], [ -1.709712632, 42.210019049 ], [ -1.703813371, 42.191475994 ], [ -1.678714635, 42.189486236 ], [ -1.700897281, 42.173123586 ], [ -1.679659035, 42.151689308 ], [ -1.719894944, 42.133439702 ], [ -1.739742102, 42.149735889 ], [ -1.779004873, 42.137704883 ], [ -1.832416679, 42.14823111 ], [ -1.909238719, 42.059122832 ], [ -1.901576743, 42.029680001 ], [ -1.847184897, 42.007999143 ], [ -1.844045478, 41.987333962 ], [ -1.877592338, 41.952433986 ], [ -1.961342958, 41.920303869 ], [ -1.984115025, 41.920084401 ], [ -2.028314375, 41.95338643 ], [ -2.036391865, 41.939404182 ], [ -2.11435605, 41.9611439 ], [ -2.124072165, 41.995308507 ], [ -2.107632136, 42.002774303 ], [ -2.161912832, 42.066733731 ], [ -2.127239506, 42.080461842 ], [ -2.133376956, 42.101142066 ], [ -2.236484174, 42.102506152 ], [ -2.26958888, 42.088554913 ], [ -2.282159806, 42.131702985 ], [ -2.31820492, 42.145180571 ], [ -2.43846157, 42.137268089 ], [ -2.484368848, 42.106348525 ], [ -2.514676105, 42.114541631 ], [ -2.514880428, 42.068861466 ], [ -2.549066695, 42.051510302 ], [ -2.57990898, 41.996263779 ], [ -2.74696122, 42.009274635 ], [ -2.757376749, 42.033101662 ], [ -2.705946953, 42.103556 ], [ -2.734666427, 42.124953605 ], [ -2.79160768, 42.108752207 ], [ -2.797986452, 42.046843948 ], [ -2.8126382, 42.036637567 ], [ -2.883825829, 42.009487101 ] ], [ [ -2.994269964, 42.603575847 ], [ -2.982857247, 42.610797173 ], [ -2.985221615, 42.614219817 ], [ -2.994524578, 42.615490639 ], [ -2.994269964, 42.603575847 ] ], [ [ -2.934499839, 42.614075232 ], [ -2.936264344, 42.594101171 ], [ -2.922628722, 42.600828963 ], [ -2.934499839, 42.614075232 ] ] ] } },
{ "type": "Feature", "properties": { "INSPIREID": "ES.IGN.BDDAE.34180000000", "COUNTRY": "ES", "NATLEV": "https://inspire.ec.europa.eu/codelist/AdministrativeHierarchyLevel/2ndOrder", "NATLEVNAME": "Comunidad autónoma", "NATCODE": "34180000000", "NAMEUNIT": "Ciudad Autónoma de Ceuta", "CODNUT1": "ES6", "CODNUT2": "ES63", "CODNUT3": null }, "geometry": { "type": "Polygon", "coordinates": [ [ [ -5.382060666, 35.912395764 ], [ -5.36694932, 35.91797847 ], [ -5.313520808, 35.889070444 ], [ -5.288411006, 35.907198796 ], [ -5.278294784, 35.897907902 ], [ -5.343486039, 35.870738452 ], [ -5.371842908, 35.881434924 ], [ -5.382060666, 35.912395764 ] ] ] } },
{ "type": "Feature", "properties": { "INSPIREID": "ES.IGN.BDDAE.34190000000", "COUNTRY": "ES", "NATLEV": "https://inspire.ec.europa.eu/codelist/AdministrativeHierarchyLevel/2ndOrder", "NATLEVNAME": "Comunidad autónoma", "NATCODE": "34190000000", "NAMEUNIT": "Ciudad Autónoma de Melilla", "CODNUT1": "ES6", "CODNUT2": "ES64", "CODNUT3": null }, "geometry": { "type": "Polygon", "coordinates": [ [ [ -2.952638025, 35.320300219 ], [ -2.923201, 35.289665 ], [ -2.935807, 35.292089 ], [ -2.92758086, 35.27353279 ], [ -2.950542319, 35.26548853 ], [ -2.970295508, 35.288678493 ], [ -2.952638025, 35.320300219 ] ] ] } },
{ "type": "Feature", "properties": { "INSPIREID": "ES.IGN.BDDAE.34200000000", "COUNTRY": "ES", "NATLEV": "https://inspire.ec.europa.eu/codelist/AdministrativeHierarchyLevel/2ndOrder", "NATLEVNAME": "Comunidad autónoma", "NATCODE": "34200000000", "NAMEUNIT": "Territorios no asociados a ninguna autonomía", "CODNUT1": "0", "CODNUT2": "0", "CODNUT3": null }, "geometry": { "type": "MultiPolygon", "coordinates": [ [ [ [ -4.296459287, 35.171865366 ], [ -4.301297074, 35.172246122 ], [ -4.301267968, 35.173074234 ], [ -4.296459287, 35.171865366 ] ] ], [ [ [ -2.437690813, 35.176504165 ], [ -2.445051788, 35.178986574 ], [ -2.440167917, 35.183550622 ], [ -2.437690813, 35.176504165 ] ] ], [ [ [ -2.423974886, 35.184987127 ], [ -2.423061299, 35.179362207 ], [ -2.424821997, 35.18196703 ], [ -2.423974886, 35.184987127 ] ] ], [ [ [ -2.426569041, 35.18266819 ], [ -2.431691235, 35.181035903 ], [ -2.432040589, 35.184088264 ], [ -2.426569041, 35.18266819 ] ] ], [ [ [ -3.888664499, 35.213005765 ], [ -3.889112932, 35.213852789 ], [ -3.888218717, 35.213467038 ], [ -3.888664499, 35.213005765 ] ] ], [ [ [ -3.902803156, 35.216025623 ], [ -3.902768902, 35.214417216 ], [ -3.903519457, 35.214923182 ], [ -3.902803156, 35.216025623 ] ] ], [ [ [ -3.901722486, 35.217774215 ], [ -3.899645248, 35.217056941 ], [ -3.902136133, 35.217150125 ], [ -3.901722486, 35.217774215 ] ] ], [ [ [ -5.41635383, 35.916298253 ], [ -5.42160663, 35.91344782 ], [ -5.418595914, 35.916308068 ], [ -5.41635383, 35.916298253 ] ] ], [ [ [ -5.33891249, 36.152514777 ], [ -5.33976888, 36.125005287 ], [ -5.34623875, 36.108897837 ], [ -5.365962826, 36.149585097 ], [ -5.33891249, 36.152514777 ] ] ], [ [ [ -1.766551605, 43.342717434 ], [ -1.764179236, 43.343072751 ], [ -1.766856675, 43.342577461 ], [ -1.766551605, 43.342717434 ] ] ] ] } },
{ "type": "Feature", "properties": { "INSPIREID": "ES.IGN.BDDAE.34050000000", "COUNTRY": "ES", "NATLEV": "https://inspire.ec.europa.eu/codelist/AdministrativeHierarchyLevel/2ndOrder", "NATLEVNAME": "Comunidad autónoma", "NATCODE": "34050000000", "NAMEUNIT": "Canarias", "CODNUT1": "ES7", "CODNUT2": "ES70", "CODNUT3": null }, "geometry": { "type": "MultiPolygon", "coordinates": [ [ [ [ -17.9976881, 27.6456326 ], [ -17.99763569, 27.64579069 ], [ -17.9976091, 27.64574436 ], [ -17.9976881, 27.6456326 ] ] ], [ [ [ -17.99790846, 27.64598685 ], [ -17.99803314, 27.64591559 ], [ -17.99793718, 27.64599976 ], [ -17.99790846, 27.64598685 ] ] ], [ [ [ -18.00160705, 27.64707043 ], [ -18.00151235, 27.6471266 ], [ -18.00158167, 27.64703129 ], [ -18.00160705, 27.64707043 ] ] ], [ [ [ -18.00200763, 27.647087 ], [ -18.00191207, 27.64707464 ], [ -18.0019644, 27.6470248 ], [ -18.00200763, 27.647087 ] ] ], [ [ [ -18.00455878, 27.64769652 ], [ -18.00431284, 27.64777853 ], [ -18.00464204, 27.64759278 ], [ -18.00455878, 27.64769652 ] ] ], [ [ [ -18.00452717, 27.64776305 ], [ -18.00469534, 27.64798583 ], [ -18.00458827, 27.64799717 ], [ -18.00452717, 27.64776305 ] ] ], [ [ [ -18.01018443, 27.64986111 ], [ -18.01000363, 27.64999133 ], [ -18.00995403, 27.64995542 ], [ -18.01018443, 27.64986111 ] ] ], [ [ [ -18.01057954, 27.65137791 ], [ -18.01038435, 27.65135239 ], [ -18.01061066, 27.65129335 ], [ -18.01057954, 27.65137791 ] ] ], [ [ [ -18.02240293, 27.66825226 ], [ -18.02255787, 27.66821279 ], [ -18.0224285, 27.6682977 ], [ -18.02240293, 27.66825226 ] ] ], [ [ [ -18.02398193, 27.66841713 ], [ -18.02398712, 27.66860555 ], [ -18.02388675, 27.66856625 ], [ -18.02398193, 27.66841713 ] ] ], [ [ [ -18.02873628, 27.67361457 ], [ -18.02892926, 27.67381511 ], [ -18.0287721, 27.6738844 ], [ -18.02873628, 27.67361457 ] ] ], [ [ [ -18.02885011, 27.67428771 ], [ -18.02893396, 27.67420559 ], [ -18.02893566, 27.67430388 ], [ -18.02885011, 27.67428771 ] ] ], [ [ [ -18.02811043, 27.67722383 ], [ -18.02800424, 27.67726765 ], [ -18.02800813, 27.67722517 ], [ -18.02811043, 27.67722383 ] ] ], [ [ [ -18.03444261, 27.68244062 ], [ -18.034208, 27.68238443 ], [ -18.03442817, 27.68235795 ], [ -18.03444261, 27.68244062 ] ] ], [ [ [ -18.03420593, 27.68285895 ], [ -18.03443419, 27.6828323 ], [ -18.03425608, 27.68291378 ], [ -18.03420593, 27.68285895 ] ] ], [ [ [ -17.95716342, 27.71981498 ], [ -17.96665823, 27.685769284 ], [ -17.97258988, 27.671052733 ], [ -17.97040093, 27.648343854 ], [ -17.99159274, 27.638849972 ], [ -17.99574347, 27.640887374 ], [ -17.99603865, 27.644617362 ], [ -17.9984019, 27.646622042 ], [ -18.00960702, 27.649454192 ], [ -18.01047523, 27.651859162 ], [ -18.01935111, 27.660400582 ], [ -18.02055118, 27.66723275 ], [ -18.0249951, 27.67084317 ], [ -18.02910582, 27.6719891 ], [ -18.0278156, 27.67296538 ], [ -18.02872673, 27.67385562 ], [ -18.0278214, 27.6770308 ], [ -18.02870003, 27.67861452 ], [ -18.03776679, 27.686230252 ], [ -18.05043298, 27.692666432 ], [ -18.156683081, 27.710631252 ], [ -18.15506478, 27.753539472 ], [ -18.150510033, 27.758382434 ], [ -18.151590291, 27.760577572 ], [ -18.147111621, 27.759484552 ], [ -18.141252431, 27.762285982 ], [ -18.132184151, 27.771262872 ], [ -18.114060941, 27.759454202 ], [ -18.10575013, 27.756586202 ], [ -18.08226597, 27.75312792 ], [ -18.07547353, 27.7535544 ], [ -18.07503114, 27.75300228 ], [ -18.07408106, 27.75285655 ], [ -18.07006631, 27.75319567 ], [ -18.03657355, 27.76201716 ], [ -18.01871572, 27.77491451 ], [ -18.0164707, 27.77779149 ], [ -18.01462446, 27.7830312 ], [ -17.99778997, 27.79078555 ], [ -17.99172296, 27.79621313 ], [ -17.99277145, 27.79753176 ], [ -17.99145038, 27.7970381 ], [ -17.98980259, 27.79861452 ], [ -17.99020633, 27.7993184 ], [ -17.98906515, 27.79972649 ], [ -17.98627201, 27.807642062 ], [ -17.9873496, 27.812577352 ], [ -17.99175555, 27.822558742 ], [ -17.98797141, 27.821239862 ], [ -17.97234757, 27.827348772 ], [ -17.95790199, 27.8416071 ], [ -17.95619722, 27.84112497 ], [ -17.95510994, 27.84204493 ], [ -17.95368556, 27.84090005 ], [ -17.94604616, 27.84034001 ], [ -17.93460857, 27.84886678 ], [ -17.93011513, 27.84707429 ], [ -17.91721239, 27.84807678 ], [ -17.91682268, 27.8453481 ], [ -17.91434041, 27.84337901 ], [ -17.90575888, 27.84090797 ], [ -17.90267146, 27.84230629 ], [ -17.90382329, 27.84047785 ], [ -17.90312313, 27.83766182 ], [ -17.89390588, 27.83235817 ], [ -17.89575755, 27.82390544 ], [ -17.88338802, 27.80365518 ], [ -17.91431791, 27.770593352 ], [ -17.927225, 27.7318643 ], [ -17.94882592, 27.72869902 ], [ -17.95716342, 27.71981498 ] ] ], [ [ [ -18.04363289, 27.68831048 ], [ -18.04358336, 27.68824211 ], [ -18.04367901, 27.68825625 ], [ -18.04363289, 27.68831048 ] ] ], [ [ [ -18.04868312, 27.69078005 ], [ -18.04851478, 27.69077564 ], [ -18.0486464, 27.69069878 ], [ -18.04868312, 27.69078005 ] ] ], [ [ [ -18.14103849, 27.70354781 ], [ -18.14110691, 27.70342449 ], [ -18.14112123, 27.70349993 ], [ -18.14103849, 27.70354781 ] ] ], [ [ [ -18.14874748, 27.70569427 ], [ -18.14877479, 27.70579828 ], [ -18.1486999, 27.70576661 ], [ -18.14874748, 27.70569427 ] ] ], [ [ [ -18.15961935, 27.71457353 ], [ -18.1597978, 27.71478683 ], [ -18.15958866, 27.71463376 ], [ -18.15961935, 27.71457353 ] ] ], [ [ [ -18.15992987, 27.71507876 ], [ -18.1602291, 27.71498172 ], [ -18.16020441, 27.71510947 ], [ -18.15992987, 27.71507876 ] ] ], [ [ [ -18.16103252, 27.71872824 ], [ -18.16097937, 27.71902891 ], [ -18.16085444, 27.71884415 ], [ -18.16103252, 27.71872824 ] ] ], [ [ [ -18.15819058, 27.72937794 ], [ -18.15816648, 27.72966713 ], [ -18.15799798, 27.72941301 ], [ -18.15819058, 27.72937794 ] ] ], [ [ [ -18.15909552, 27.73000128 ], [ -18.1591691, 27.72991662 ], [ -18.15916238, 27.72999976 ], [ -18.15909552, 27.73000128 ] ] ], [ [ [ -18.15836265, 27.72993144 ], [ -18.15827357, 27.73011116 ], [ -18.15809296, 27.72992948 ], [ -18.15836265, 27.72993144 ] ] ], [ [ [ -18.15823638, 27.73047371 ], [ -18.15821663, 27.73066718 ], [ -18.15815795, 27.73067123 ], [ -18.15823638, 27.73047371 ] ] ], [ [ [ -18.07487632, 27.75337375 ], [ -18.07500405, 27.75348096 ], [ -18.07493542, 27.75349241 ], [ -18.07487632, 27.75337375 ] ] ], [ [ [ -18.07310267, 27.75376049 ], [ -18.07277692, 27.75328155 ], [ -18.07294311, 27.75316961 ], [ -18.07310267, 27.75376049 ] ] ], [ [ [ -18.06512468, 27.75479643 ], [ -18.06523767, 27.75499327 ], [ -18.06507869, 27.75492825 ], [ -18.06512468, 27.75479643 ] ] ], [ [ [ -18.06643773, 27.75483224 ], [ -18.06631029, 27.75498842 ], [ -18.06629049, 27.75478861 ], [ -18.06643773, 27.75483224 ] ] ], [ [ [ -18.09630652, 27.75584295 ], [ -18.09633555, 27.75561499 ], [ -18.09644676, 27.7557469 ], [ -18.09630652, 27.75584295 ] ] ], [ [ [ -18.09724736, 27.75605458 ], [ -18.09736883, 27.75626203 ], [ -18.09719741, 27.7561883 ], [ -18.09724736, 27.75605458 ] ] ], [ [ [ -18.15557012, 27.75661091 ], [ -18.15565123, 27.75654051 ], [ -18.15564757, 27.7565893 ], [ -18.15557012, 27.75661091 ] ] ], [ [ [ -18.15375766, 27.75673077 ], [ -18.15397894, 27.75677443 ], [ -18.15376907, 27.75677471 ], [ -18.15375766, 27.75673077 ] ] ], [ [ [ -18.15537778, 27.75700767 ], [ -18.15547524, 27.75715247 ], [ -18.1553339, 27.75703302 ], [ -18.15537778, 27.75700767 ] ] ], [ [ [ -18.15609813, 27.7573051 ], [ -18.15599782, 27.75727222 ], [ -18.15602565, 27.75725264 ], [ -18.15609813, 27.7573051 ] ] ], [ [ [ -18.15353554, 27.75746645 ], [ -18.15279755, 27.75733086 ], [ -18.153443, 27.75731613 ], [ -18.15353554, 27.75746645 ] ] ], [ [ [ -18.15309348, 27.75785357 ], [ -18.1527324, 27.75795471 ], [ -18.15259545, 27.75760065 ], [ -18.15309348, 27.75785357 ] ] ], [ [ [ -18.15137622, 27.75860351 ], [ -18.15156014, 27.75847665 ], [ -18.15171925, 27.75864981 ], [ -18.15137622, 27.75860351 ] ] ], [ [ [ -18.05453233, 27.75898371 ], [ -18.05479882, 27.75897691 ], [ -18.05477197, 27.75906861 ], [ -18.05453233, 27.75898371 ] ] ], [ [ [ -18.0483415, 27.76020559 ], [ -18.0484199, 27.76014433 ], [ -18.04842652, 27.76023619 ], [ -18.0483415, 27.76020559 ] ] ], [ [ [ -18.148646682, 27.76024108 ], [ -18.14880403, 27.760495776 ], [ -18.14855922, 27.760340647 ], [ -18.148646682, 27.76024108 ] ] ], [ [ [ -18.04981101, 27.76028591 ], [ -18.05012264, 27.76040712 ], [ -18.05008054, 27.76053343 ], [ -18.04981101, 27.76028591 ] ] ], [ [ [ -18.04915369, 27.76045918 ], [ -18.04903079, 27.76034282 ], [ -18.0491237, 27.76032905 ], [ -18.04915369, 27.76045918 ] ] ], [ [ [ -18.04873287, 27.76064076 ], [ -18.04878922, 27.76026156 ], [ -18.04900397, 27.7606898 ], [ -18.04873287, 27.76064076 ] ] ], [ [ [ -18.04850731, 27.7608063 ], [ -18.04829353, 27.76073975 ], [ -18.04837467, 27.76063152 ], [ -18.04850731, 27.7608063 ] ] ], [ [ [ -18.04854928, 27.76132945 ], [ -18.04846992, 27.76088379 ], [ -18.04870275, 27.7613423 ], [ -18.04854928, 27.76132945 ] ] ], [ [ [ -18.04940531, 27.76159109 ], [ -18.04925789, 27.76121369 ], [ -18.04959258, 27.76157974 ], [ -18.04940531, 27.76159109 ] ] ], [ [ [ -18.14240866, 27.76271971 ], [ -18.14286228, 27.76354373 ], [ -18.1420057, 27.76267025 ], [ -18.14240866, 27.76271971 ] ] ], [ [ [ -18.14035746, 27.76406342 ], [ -18.13992973, 27.76403436 ], [ -18.13994183, 27.76389066 ], [ -18.14035746, 27.76406342 ] ] ], [ [ [ -18.12000996, 27.76407622 ], [ -18.1199241, 27.76401683 ], [ -18.12001325, 27.76401391 ], [ -18.12000996, 27.76407622 ] ] ], [ [ [ -18.12017226, 27.76429174 ], [ -18.1200752, 27.76426597 ], [ -18.12017058, 27.76419707 ], [ -18.12017226, 27.76429174 ] ] ], [ [ [ -18.12043234, 27.76445093 ], [ -18.12034858, 27.76460707 ], [ -18.1202465, 27.76458322 ], [ -18.12043234, 27.76445093 ] ] ], [ [ [ -18.12053266, 27.76483923 ], [ -18.12058262, 27.76474249 ], [ -18.12061925, 27.76478225 ], [ -18.12053266, 27.76483923 ] ] ], [ [ [ -18.12058859, 27.76495162 ], [ -18.12082091, 27.76495539 ], [ -18.12056231, 27.76509653 ], [ -18.12058859, 27.76495162 ] ] ], [ [ [ -18.13917519, 27.76653648 ], [ -18.13967985, 27.76723127 ], [ -18.13906016, 27.76655624 ], [ -18.13917519, 27.76653648 ] ] ], [ [ [ -18.13824464, 27.76714753 ], [ -18.13827207, 27.76693765 ], [ -18.13840991, 27.76721774 ], [ -18.13824464, 27.76714753 ] ] ], [ [ [ -18.12417575, 27.76915862 ], [ -18.12437598, 27.76921002 ], [ -18.12431238, 27.76925565 ], [ -18.12417575, 27.76915862 ] ] ], [ [ [ -18.12375727, 27.76920507 ], [ -18.12388633, 27.76932121 ], [ -18.12378391, 27.7693569 ], [ -18.12375727, 27.76920507 ] ] ], [ [ [ -18.13466329, 27.76941618 ], [ -18.13484864, 27.76937319 ], [ -18.13485401, 27.76941907 ], [ -18.13466329, 27.76941618 ] ] ], [ [ [ -18.12146163, 27.76970797 ], [ -18.12150618, 27.76984767 ], [ -18.12138266, 27.7698189 ], [ -18.12146163, 27.76970797 ] ] ], [ [ [ -18.13490513, 27.76992844 ], [ -18.13497907, 27.7698546 ], [ -18.13503201, 27.76993277 ], [ -18.13490513, 27.76992844 ] ] ], [ [ [ -18.12193162, 27.77007979 ], [ -18.12204334, 27.77001503 ], [ -18.12205396, 27.77006711 ], [ -18.12193162, 27.77007979 ] ] ], [ [ [ -18.13405528, 27.77013805 ], [ -18.13397968, 27.77022455 ], [ -18.13399243, 27.77013857 ], [ -18.13405528, 27.77013805 ] ] ], [ [ [ -18.1263583, 27.77037473 ], [ -18.12622081, 27.77038957 ], [ -18.12633669, 27.77029314 ], [ -18.1263583, 27.77037473 ] ] ], [ [ [ -18.02732419, 27.7707165 ], [ -18.02683747, 27.77057202 ], [ -18.02680699, 27.7703138 ], [ -18.02732419, 27.7707165 ] ] ], [ [ [ -18.1329117, 27.77074848 ], [ -18.13281845, 27.77067934 ], [ -18.13287486, 27.77066633 ], [ -18.1329117, 27.77074848 ] ] ], [ [ [ -18.12748588, 27.77083357 ], [ -18.12761514, 27.77088567 ], [ -18.12753336, 27.77093352 ], [ -18.12748588, 27.77083357 ] ] ], [ [ [ -18.13364638, 27.77108449 ], [ -18.13338859, 27.7709352 ], [ -18.13368303, 27.77101872 ], [ -18.13364638, 27.77108449 ] ] ], [ [ [ -18.01684288, 27.77852484 ], [ -18.01685013, 27.77871411 ], [ -18.01667558, 27.77863674 ], [ -18.01684288, 27.77852484 ] ] ], [ [ [ -18.01528475, 27.78170972 ], [ -18.01539571, 27.78183448 ], [ -18.01524253, 27.78172327 ], [ -18.01528475, 27.78170972 ] ] ], [ [ [ -18.01531432, 27.78197247 ], [ -18.01548977, 27.78219235 ], [ -18.01539341, 27.78222873 ], [ -18.01531432, 27.78197247 ] ] ], [ [ [ -18.00830211, 27.78702265 ], [ -18.00867468, 27.78732934 ], [ -18.00869143, 27.78742189 ], [ -18.00830211, 27.78702265 ] ] ], [ [ [ -17.99944393, 27.79080825 ], [ -17.99955801, 27.7908626 ], [ -17.99951934, 27.79089502 ], [ -17.99944393, 27.79080825 ] ] ], [ [ [ -17.99946389, 27.79098101 ], [ -17.99932167, 27.79097328 ], [ -17.99929951, 27.79083124 ], [ -17.99946389, 27.79098101 ] ] ], [ [ [ -17.99681222, 27.79270921 ], [ -17.99674789, 27.79291537 ], [ -17.99663796, 27.7927166 ], [ -17.99681222, 27.79270921 ] ] ], [ [ [ -17.99451113, 27.79424122 ], [ -17.99459117, 27.79420069 ], [ -17.99458452, 27.79425406 ], [ -17.99451113, 27.79424122 ] ] ], [ [ [ -17.99356785, 27.79509427 ], [ -17.99332734, 27.79516444 ], [ -17.99329104, 27.7950245 ], [ -17.99356785, 27.79509427 ] ] ], [ [ [ -17.99294054, 27.79666934 ], [ -17.993086, 27.79657327 ], [ -17.99311555, 27.79661503 ], [ -17.99294054, 27.79666934 ] ] ], [ [ [ -17.99396582, 27.82257484 ], [ -17.99384975, 27.82241229 ], [ -17.99398148, 27.82236884 ], [ -17.99396582, 27.82257484 ] ] ], [ [ [ -17.99323034, 27.8222832 ], [ -17.99345472, 27.82288001 ], [ -17.99297227, 27.82289859 ], [ -17.99323034, 27.8222832 ] ] ], [ [ [ -18.00083376, 27.82231737 ], [ -18.00107243, 27.82295263 ], [ -18.00046541, 27.8226844 ], [ -18.00083376, 27.82231737 ] ] ], [ [ [ -17.99506295, 27.8237688 ], [ -17.9946388, 27.82384115 ], [ -17.99470591, 27.82351405 ], [ -17.99506295, 27.8237688 ] ] ], [ [ [ -17.99673133, 27.8230425 ], [ -17.99604049, 27.8252991 ], [ -17.99514649, 27.8235965 ], [ -17.99673133, 27.8230425 ] ] ], [ [ [ -17.99324706, 27.8252948 ], [ -17.99274741, 27.82483477 ], [ -17.99292343, 27.82470466 ], [ -17.99324706, 27.8252948 ] ] ], [ [ [ -17.99419904, 28.74123878 ], [ -17.99415087, 28.74137966 ], [ -17.99412932, 28.74123401 ], [ -17.99419904, 28.74123878 ] ] ], [ [ [ -17.99526677, 28.74386688 ], [ -17.99540643, 28.74384755 ], [ -17.99533873, 28.74391399 ], [ -17.99526677, 28.74386688 ] ] ], [ [ [ -18.00648634, 28.75310801 ], [ -18.00666243, 28.75296699 ], [ -18.00661321, 28.75314217 ], [ -18.00648634, 28.75310801 ] ] ], [ [ [ -18.00502427, 28.76030481 ], [ -18.00566356, 28.76007501 ], [ -18.00576222, 28.7604814 ], [ -18.00502427, 28.76030481 ] ] ], [ [ [ -18.00471675, 28.76596693 ], [ -18.0048982, 28.76586909 ], [ -18.00494624, 28.76600963 ], [ -18.00471675, 28.76596693 ] ] ], [ [ [ -18.00535434, 28.76592658 ], [ -18.00546657, 28.76587808 ], [ -18.00547243, 28.76597536 ], [ -18.00535434, 28.76592658 ] ] ], [ [ [ -18.00757288, 28.76850638 ], [ -18.00752144, 28.76856885 ], [ -18.00747652, 28.76853738 ], [ -18.00757288, 28.76850638 ] ] ], [ [ [ -18.00688883, 28.76853334 ], [ -18.00678481, 28.76861864 ], [ -18.00683645, 28.76852729 ], [ -18.00688883, 28.76853334 ] ] ], [ [ [ -18.0078617, 28.76936762 ], [ -18.00775712, 28.76950434 ], [ -18.00756784, 28.76929389 ], [ -18.0078617, 28.76936762 ] ] ], [ [ [ -18.0078457, 28.77016531 ], [ -18.00774104, 28.77029932 ], [ -18.0077299, 28.77019675 ], [ -18.0078457, 28.77016531 ] ] ], [ [ [ -18.00741307, 28.77035714 ], [ -18.00734963, 28.77007263 ], [ -18.00765898, 28.77043645 ], [ -18.00741307, 28.77035714 ] ] ], [ [ [ -18.00801193, 28.77067842 ], [ -18.00788131, 28.77065698 ], [ -18.0079285, 28.77058918 ], [ -18.00801193, 28.77067842 ] ] ], [ [ [ -18.00745614, 28.77153684 ], [ -18.00781293, 28.77144862 ], [ -18.00784049, 28.77151745 ], [ -18.00745614, 28.77153684 ] ] ], [ [ [ -18.00719059, 28.77451831 ], [ -18.00776132, 28.77457234 ], [ -18.00789614, 28.7747398 ], [ -18.00719059, 28.77451831 ] ] ], [ [ [ -18.00735126, 28.77505139 ], [ -18.00725445, 28.77513834 ], [ -18.00724593, 28.77505555 ], [ -18.00735126, 28.77505139 ] ] ], [ [ [ -18.007884, 28.77599289 ], [ -18.00812985, 28.77606949 ], [ -18.0078984, 28.77613778 ], [ -18.007884, 28.77599289 ] ] ], [ [ [ -18.00580808, 28.78320698 ], [ -18.00598271, 28.78336995 ], [ -18.00596318, 28.78340286 ], [ -18.00580808, 28.78320698 ] ] ], [ [ [ -18.00326566, 28.7870518 ], [ -18.0033844, 28.78719347 ], [ -18.00330167, 28.78720073 ], [ -18.00326566, 28.7870518 ] ] ], [ [ [ -17.97092537, 27.66911381 ], [ -17.9708227, 27.66917646 ], [ -17.97078264, 27.66904381 ], [ -17.97092537, 27.66911381 ] ] ], [ [ [ -17.97120214, 27.66953185 ], [ -17.97112738, 27.66916541 ], [ -17.97127321, 27.66942478 ], [ -17.97120214, 27.66953185 ] ] ], [ [ [ -17.96688657, 27.67858836 ], [ -17.96688615, 27.67879765 ], [ -17.96681493, 27.67859982 ], [ -17.96688657, 27.67858836 ] ] ], [ [ [ -17.96444648, 27.68735924 ], [ -17.96456349, 27.68730171 ], [ -17.96454989, 27.68739852 ], [ -17.96444648, 27.68735924 ] ] ], [ [ [ -17.95879763, 27.69797584 ], [ -17.95865328, 27.69784722 ], [ -17.95877095, 27.69773826 ], [ -17.95879763, 27.69797584 ] ] ], [ [ [ -17.94138842, 27.72917046 ], [ -17.94127088, 27.7293615 ], [ -17.94127571, 27.72912595 ], [ -17.94138842, 27.72917046 ] ] ], [ [ [ -17.90963815, 27.77286517 ], [ -17.90946679, 27.77290486 ], [ -17.90947165, 27.77285875 ], [ -17.90963815, 27.77286517 ] ] ], [ [ [ -17.89773473, 27.78587473 ], [ -17.89761879, 27.78590152 ], [ -17.89762699, 27.78582828 ], [ -17.89773473, 27.78587473 ] ] ], [ [ [ -17.89606714, 27.78725024 ], [ -17.89612561, 27.7871985 ], [ -17.89613088, 27.78728228 ], [ -17.89606714, 27.78725024 ] ] ], [ [ [ -17.89599785, 27.78750609 ], [ -17.89586201, 27.78747105 ], [ -17.89603165, 27.78748012 ], [ -17.89599785, 27.78750609 ] ] ], [ [ [ -17.89627975, 27.78865035 ], [ -17.89625041, 27.78872945 ], [ -17.8961685, 27.78866261 ], [ -17.89627975, 27.78865035 ] ] ], [ [ [ -17.89567753, 27.78915914 ], [ -17.89535315, 27.78924352 ], [ -17.89530475, 27.78917778 ], [ -17.89567753, 27.78915914 ] ] ], [ [ [ -17.89295831, 27.79161934 ], [ -17.89295461, 27.7918242 ], [ -17.89284359, 27.79165422 ], [ -17.89295831, 27.79161934 ] ] ], [ [ [ -17.99063532, 27.7981671 ], [ -17.99055973, 27.79818497 ], [ -17.9905468, 27.79812031 ], [ -17.99063532, 27.7981671 ] ] ], [ [ [ -17.99067857, 27.7982275 ], [ -17.99076447, 27.79821572 ], [ -17.9907503, 27.79825391 ], [ -17.99067857, 27.7982275 ] ] ], [ [ [ -17.9907594, 27.79840075 ], [ -17.9905851, 27.79840723 ], [ -17.99062573, 27.79833509 ], [ -17.9907594, 27.79840075 ] ] ], [ [ [ -17.99098938, 27.79909396 ], [ -17.99098874, 27.79895957 ], [ -17.99106426, 27.79904994 ], [ -17.99098938, 27.79909396 ] ] ], [ [ [ -17.98918162, 27.80016417 ], [ -17.98912784, 27.80005258 ], [ -17.98925993, 27.80009753 ], [ -17.98918162, 27.80016417 ] ] ], [ [ [ -17.98750523, 27.81181446 ], [ -17.98751437, 27.81162934 ], [ -17.98757797, 27.81176598 ], [ -17.98750523, 27.81181446 ] ] ], [ [ [ -17.88449757, 27.81500303 ], [ -17.88451614, 27.81486101 ], [ -17.88461797, 27.81487512 ], [ -17.88449757, 27.81500303 ] ] ], [ [ [ -17.88762336, 27.81894298 ], [ -17.88743756, 27.81889996 ], [ -17.88748029, 27.8188278 ], [ -17.88762336, 27.81894298 ] ] ], [ [ [ -17.992405, 27.82126826 ], [ -17.99262915, 27.82141314 ], [ -17.99232865, 27.82137004 ], [ -17.992405, 27.82126826 ] ] ], [ [ [ -17.99294084, 27.82156874 ], [ -17.99309421, 27.82224015 ], [ -17.99206255, 27.82254307 ], [ -17.99227182, 27.82181328 ], [ -17.99294084, 27.82156874 ] ] ], [ [ [ -17.98038525, 27.82532523 ], [ -17.98025802, 27.82531084 ], [ -17.98032971, 27.82526058 ], [ -17.98038525, 27.82532523 ] ] ], [ [ [ -17.98077667, 27.82561355 ], [ -17.98100383, 27.82568351 ], [ -17.98099783, 27.82583518 ], [ -17.98077667, 27.82561355 ] ] ], [ [ [ -17.89212938, 27.82586874 ], [ -17.89239563, 27.82580723 ], [ -17.89235803, 27.82591988 ], [ -17.89212938, 27.82586874 ] ] ], [ [ [ -17.9754235, 27.82662216 ], [ -17.97540199, 27.82672636 ], [ -17.97537786, 27.82662314 ], [ -17.9754235, 27.82662216 ] ] ], [ [ [ -17.97333857, 27.8274483 ], [ -17.97324271, 27.82743052 ], [ -17.97332404, 27.827399 ], [ -17.97333857, 27.8274483 ] ] ], [ [ [ -17.9732311, 27.82763735 ], [ -17.97313569, 27.82771067 ], [ -17.97312007, 27.8276217 ], [ -17.9732311, 27.82763735 ] ] ], [ [ [ -17.97452625, 27.82791342 ], [ -17.97449107, 27.82799987 ], [ -17.97441507, 27.82792935 ], [ -17.97452625, 27.82791342 ] ] ], [ [ [ -17.9709531, 27.83020409 ], [ -17.97105437, 27.83001067 ], [ -17.9710502, 27.83019298 ], [ -17.9709531, 27.83020409 ] ] ], [ [ [ -17.96763489, 27.83299434 ], [ -17.96763156, 27.83309545 ], [ -17.96758656, 27.83300801 ], [ -17.96763489, 27.83299434 ] ] ], [ [ [ -17.96773179, 27.83319883 ], [ -17.96774972, 27.83307486 ], [ -17.96786112, 27.83321589 ], [ -17.96773179, 27.83319883 ] ] ], [ [ [ -17.89518176, 27.8336692 ], [ -17.89504062, 27.83320758 ], [ -17.895273, 27.83328389 ], [ -17.89518176, 27.8336692 ] ] ], [ [ [ -17.89930944, 27.83701136 ], [ -17.89939713, 27.83725578 ], [ -17.89923217, 27.83727278 ], [ -17.89930944, 27.83701136 ] ] ], [ [ [ -17.90300642, 27.8388803 ], [ -17.90286712, 27.83890849 ], [ -17.90287239, 27.83887771 ], [ -17.90300642, 27.8388803 ] ] ], [ [ [ -17.96389304, 27.83954082 ], [ -17.96407615, 27.83940788 ], [ -17.96403998, 27.839645 ], [ -17.96389304, 27.83954082 ] ] ], [ [ [ -17.94937022, 27.84092386 ], [ -17.94899342, 27.84121246 ], [ -17.94919697, 27.84085901 ], [ -17.94937022, 27.84092386 ] ] ], [ [ [ -17.94853166, 27.84132427 ], [ -17.948784, 27.84101127 ], [ -17.94863406, 27.84143304 ], [ -17.94853166, 27.84132427 ] ] ], [ [ [ -17.95675736, 27.84131051 ], [ -17.95670313, 27.84148126 ], [ -17.9566542, 27.84132355 ], [ -17.95675736, 27.84131051 ] ] ], [ [ [ -17.95272932, 27.84160069 ], [ -17.95286856, 27.8416834 ], [ -17.95272148, 27.84179841 ], [ -17.95272932, 27.84160069 ] ] ], [ [ [ -17.95661009, 27.84190452 ], [ -17.95645783, 27.84175353 ], [ -17.95665826, 27.84180967 ], [ -17.95661009, 27.84190452 ] ] ], [ [ [ -17.94954578, 27.84201071 ], [ -17.94963271, 27.84192315 ], [ -17.9496479, 27.8419968 ], [ -17.94954578, 27.84201071 ] ] ], [ [ [ -17.95296839, 27.84199699 ], [ -17.95268553, 27.84219429 ], [ -17.95273584, 27.84191627 ], [ -17.95296839, 27.84199699 ] ] ], [ [ [ -17.95658191, 27.84217484 ], [ -17.95645182, 27.84209284 ], [ -17.95662953, 27.84209715 ], [ -17.95658191, 27.84217484 ] ] ], [ [ [ -17.95656061, 27.84266152 ], [ -17.95666102, 27.84232289 ], [ -17.95673451, 27.84267493 ], [ -17.95656061, 27.84266152 ] ] ], [ [ [ -17.90897343, 27.84279232 ], [ -17.9089932, 27.84265839 ], [ -17.909091, 27.84267257 ], [ -17.90897343, 27.84279232 ] ] ], [ [ [ -17.94501491, 27.8427354 ], [ -17.94508914, 27.84274103 ], [ -17.94507026, 27.84275586 ], [ -17.94501491, 27.8427354 ] ] ], [ [ [ -17.9088926, 27.84307187 ], [ -17.90864575, 27.84329087 ], [ -17.90888124, 27.84295032 ], [ -17.9088926, 27.84307187 ] ] ], [ [ [ -17.90711586, 27.84342417 ], [ -17.90702876, 27.84335474 ], [ -17.90708989, 27.84332548 ], [ -17.90711586, 27.84342417 ] ] ], [ [ [ -17.94471223, 27.84355192 ], [ -17.94453632, 27.84361431 ], [ -17.94455052, 27.84350125 ], [ -17.94471223, 27.84355192 ] ] ], [ [ [ -17.94418487, 27.84367775 ], [ -17.94425168, 27.84382155 ], [ -17.94413754, 27.84376626 ], [ -17.94418487, 27.84367775 ] ] ], [ [ [ -17.90982248, 27.84395614 ], [ -17.90982962, 27.84380534 ], [ -17.9098759, 27.84394238 ], [ -17.90982248, 27.84395614 ] ] ], [ [ [ -17.91010735, 27.84390683 ], [ -17.91000466, 27.84405153 ], [ -17.9100485, 27.84386928 ], [ -17.91010735, 27.84390683 ] ] ], [ [ [ -17.91485928, 27.84437567 ], [ -17.91499046, 27.84427187 ], [ -17.91492105, 27.84440865 ], [ -17.91485928, 27.84437567 ] ] ], [ [ [ -17.91499622, 27.844942 ], [ -17.91508614, 27.84458558 ], [ -17.91513584, 27.84458452 ], [ -17.91499622, 27.844942 ] ] ], [ [ [ -17.94362931, 27.84441217 ], [ -17.94371087, 27.84540271 ], [ -17.94328985, 27.84488218 ], [ -17.94362931, 27.84441217 ] ] ], [ [ [ -17.94291456, 27.84590412 ], [ -17.94280229, 27.8457676 ], [ -17.94296753, 27.84583624 ], [ -17.94291456, 27.84590412 ] ] ], [ [ [ -17.94297933, 27.84608496 ], [ -17.9430419, 27.84599702 ], [ -17.94305207, 27.84611047 ], [ -17.94297933, 27.84608496 ] ] ], [ [ [ -17.91634129, 27.84594193 ], [ -17.91627937, 27.84624454 ], [ -17.91612703, 27.84624054 ], [ -17.91634129, 27.84594193 ] ] ], [ [ [ -17.94129305, 27.84673977 ], [ -17.94156206, 27.84651663 ], [ -17.94142126, 27.84682724 ], [ -17.94129305, 27.84673977 ] ] ], [ [ [ -17.93961835, 27.84677097 ], [ -17.93973505, 27.84684606 ], [ -17.93961274, 27.84686401 ], [ -17.93961835, 27.84677097 ] ] ], [ [ [ -17.93096946, 27.84774623 ], [ -17.93114298, 27.84808443 ], [ -17.93112758, 27.84815331 ], [ -17.93096946, 27.84774623 ] ] ], [ [ [ -17.93086622, 27.84869921 ], [ -17.9306948, 27.84851432 ], [ -17.93076782, 27.84847488 ], [ -17.93086622, 27.84869921 ] ] ], [ [ [ -17.93484026, 27.84921636 ], [ -17.93497965, 27.84919174 ], [ -17.9349507, 27.84924739 ], [ -17.93484026, 27.84921636 ] ] ], [ [ [ -17.92720424, 27.84970976 ], [ -17.92707893, 27.84957892 ], [ -17.92719393, 27.84947725 ], [ -17.92720424, 27.84970976 ] ] ], [ [ [ -17.92826778, 27.84966914 ], [ -17.92849387, 27.84984926 ], [ -17.92824641, 27.84974266 ], [ -17.92826778, 27.84966914 ] ] ], [ [ [ -17.87944031, 28.52455799 ], [ -17.88023273, 28.52451502 ], [ -17.88023715, 28.52512831 ], [ -17.87944031, 28.52455799 ] ] ], [ [ [ -17.88066811, 28.53375886 ], [ -17.88044608, 28.53359489 ], [ -17.88077004, 28.53363853 ], [ -17.88066811, 28.53375886 ] ] ], [ [ [ -17.926689967, 28.597102073 ], [ -17.926493346, 28.597056619 ], [ -17.926703056, 28.597067316 ], [ -17.926689967, 28.597102073 ] ] ], [ [ [ -17.924377181, 28.601769335 ], [ -17.924290901, 28.601683883 ], [ -17.92438564, 28.601683642 ], [ -17.924377181, 28.601769335 ] ] ], [ [ [ -17.924586616, 28.602068521 ], [ -17.924645689, 28.602031527 ], [ -17.924638362, 28.602073267 ], [ -17.924586616, 28.602068521 ] ] ], [ [ [ -17.924243028, 28.602077109 ], [ -17.924290902, 28.602115494 ], [ -17.924252536, 28.602121464 ], [ -17.924243028, 28.602077109 ] ] ], [ [ [ -17.924767831, 28.602761863 ], [ -17.924682459, 28.60273872 ], [ -17.924775216, 28.60273329 ], [ -17.924767831, 28.602761863 ] ] ], [ [ [ -17.88789395, 28.55158006 ], [ -17.96421476, 28.66785106 ], [ -17.98053511, 28.72633916 ], [ -17.98948446, 28.73309202 ], [ -17.99109594, 28.7393665 ], [ -18.00723307, 28.75780411 ], [ -18.004096021, 28.760595144 ], [ -18.003504331, 28.763165363 ], [ -18.0057183, 28.784573633 ], [ -17.98121662, 28.801201912 ], [ -17.977145301, 28.808151283 ], [ -17.97925693, 28.812359222 ], [ -17.97049103, 28.815764492 ], [ -17.966616371, 28.822468444 ], [ -17.96778242, 28.82724937 ], [ -17.96269306, 28.82664064 ], [ -17.95414249, 28.83149418 ], [ -17.94621942, 28.84250121 ], [ -17.94265882, 28.84091034 ], [ -17.94125486, 28.84263851 ], [ -17.93860974, 28.84106994 ], [ -17.9265124, 28.84629588 ], [ -17.91993853, 28.85740392 ], [ -17.89595546, 28.842153732 ], [ -17.8574042, 28.832736892 ], [ -17.77746765, 28.84029428 ], [ -17.7524093, 28.77614223 ], [ -17.74278372, 28.761929402 ], [ -17.73332803, 28.75617377 ], [ -17.7343177, 28.75318141 ], [ -17.72988733, 28.74417178 ], [ -17.72420133, 28.73844922 ], [ -17.76874034, 28.67732014 ], [ -17.74984169, 28.62437023 ], [ -17.76007087, 28.56992734 ], [ -17.78673224, 28.5436279 ], [ -17.79622578, 28.518728452 ], [ -17.8003886, 28.518067132 ], [ -17.81710647, 28.49463382 ], [ -17.84055097, 28.45281958 ], [ -17.86864767, 28.47336011 ], [ -17.868019, 28.47389567 ], [ -17.86858235, 28.47664584 ], [ -17.86765195, 28.47719859 ], [ -17.86957098, 28.48062373 ], [ -17.87073572, 28.48114667 ], [ -17.86845084, 28.48239104 ], [ -17.86807075, 28.48396591 ], [ -17.87623164, 28.4949327 ], [ -17.87524743, 28.52161512 ], [ -17.88789395, 28.55158006 ] ] ], [ [ [ -17.98895726, 28.79655058 ], [ -17.98886697, 28.79654447 ], [ -17.98882697, 28.79643441 ], [ -17.98895726, 28.79655058 ] ] ], [ [ [ -17.98879822, 28.79646752 ], [ -17.98873085, 28.79654658 ], [ -17.98876366, 28.79644032 ], [ -17.98879822, 28.79646752 ] ] ], [ [ [ -17.98328725, 28.80002057 ], [ -17.9832611, 28.79996523 ], [ -17.98330378, 28.79998954 ], [ -17.98328725, 28.80002057 ] ] ], [ [ [ -17.98290319, 28.8004133 ], [ -17.98292175, 28.80031006 ], [ -17.98295445, 28.80034362 ], [ -17.98290319, 28.8004133 ] ] ], [ [ [ -17.98268726, 28.80056149 ], [ -17.98266158, 28.80045111 ], [ -17.98274481, 28.800461 ], [ -17.98268726, 28.80056149 ] ] ], [ [ [ -17.98076743, 28.80275962 ], [ -17.98056318, 28.80270731 ], [ -17.98055673, 28.80266055 ], [ -17.98076743, 28.80275962 ] ] ], [ [ [ -17.97849554, 28.81014819 ], [ -17.97842333, 28.81009386 ], [ -17.97852603, 28.81010422 ], [ -17.97849554, 28.81014819 ] ] ], [ [ [ -17.97198354, 28.81671386 ], [ -17.97206858, 28.81682293 ], [ -17.97193519, 28.81677806 ], [ -17.97198354, 28.81671386 ] ] ], [ [ [ -17.9713119, 28.81704525 ], [ -17.97158175, 28.81702668 ], [ -17.97170609, 28.81736578 ], [ -17.9713119, 28.81704525 ] ] ], [ [ [ -17.97203228, 28.81716737 ], [ -17.97206585, 28.81708726 ], [ -17.97225717, 28.81718858 ], [ -17.97203228, 28.81716737 ] ] ], [ [ [ -17.97095772, 28.81874605 ], [ -17.97137627, 28.81880627 ], [ -17.97111729, 28.81895539 ], [ -17.97095772, 28.81874605 ] ] ], [ [ [ -17.96810175, 28.82175657 ], [ -17.96827982, 28.82164352 ], [ -17.96832941, 28.82180297 ], [ -17.96810175, 28.82175657 ] ] ], [ [ [ -17.96864381, 28.82944925 ], [ -17.96869621, 28.82851726 ], [ -17.96918515, 28.82907113 ], [ -17.96864381, 28.82944925 ] ] ], [ [ [ -17.96132822, 28.82904461 ], [ -17.96218931, 28.8293946 ], [ -17.96256699, 28.83028827 ], [ -17.96152332, 28.82956798 ], [ -17.96101102, 28.82981555 ], [ -17.96132822, 28.82904461 ] ] ], [ [ [ -17.96167712, 28.82997139 ], [ -17.96160003, 28.82978096 ], [ -17.96170663, 28.82996442 ], [ -17.96167712, 28.82997139 ] ] ], [ [ [ -17.95754885, 28.83060861 ], [ -17.95745834, 28.83048703 ], [ -17.95747326, 28.83047137 ], [ -17.95754885, 28.83060861 ] ] ], [ [ [ -17.95802744, 28.83050882 ], [ -17.95812029, 28.83096679 ], [ -17.95879153, 28.83195505 ], [ -17.95810313, 28.83148219 ], [ -17.95802744, 28.83050882 ] ] ], [ [ [ -17.93834222, 28.84197505 ], [ -17.93818636, 28.84211554 ], [ -17.93820029, 28.84199167 ], [ -17.93834222, 28.84197505 ] ] ], [ [ [ -17.94498303, 28.84206822 ], [ -17.94466666, 28.84254687 ], [ -17.94457591, 28.84241626 ], [ -17.94498303, 28.84206822 ] ] ], [ [ [ -17.89743348, 28.84425069 ], [ -17.89721977, 28.84426521 ], [ -17.89744349, 28.84409443 ], [ -17.89743348, 28.84425069 ] ] ], [ [ [ -17.93181854, 28.84445054 ], [ -17.93160439, 28.84444889 ], [ -17.93163768, 28.84424792 ], [ -17.93181854, 28.84445054 ] ] ], [ [ [ -17.93147041, 28.84449329 ], [ -17.93129973, 28.84450783 ], [ -17.93135009, 28.84433085 ], [ -17.93147041, 28.84449329 ] ] ], [ [ [ -17.93483026, 28.84517513 ], [ -17.93445606, 28.84516523 ], [ -17.93443154, 28.84476619 ], [ -17.93483026, 28.84517513 ] ] ], [ [ [ -17.92894191, 28.8469719 ], [ -17.92858756, 28.84639151 ], [ -17.92903543, 28.84698249 ], [ -17.92894191, 28.8469719 ] ] ], [ [ [ -17.92130764, 28.85741393 ], [ -17.92072719, 28.85735796 ], [ -17.92107475, 28.8571096 ], [ -17.92130764, 28.85741393 ] ] ], [ [ [ -17.34759086, 28.11325782 ], [ -17.34757486, 28.11313087 ], [ -17.34764531, 28.1131414 ], [ -17.34759086, 28.11325782 ] ] ], [ [ [ -17.34703993, 28.11347388 ], [ -17.34694146, 28.11353151 ], [ -17.34697193, 28.11343535 ], [ -17.34703993, 28.11347388 ] ] ], [ [ [ -17.34598166, 28.12282439 ], [ -17.34612716, 28.12277589 ], [ -17.34612415, 28.12282466 ], [ -17.34598166, 28.12282439 ] ] ], [ [ [ -17.34599762, 28.14448176 ], [ -17.34608883, 28.14441614 ], [ -17.34620089, 28.14451347 ], [ -17.34599762, 28.14448176 ] ] ], [ [ [ -17.34595717, 28.14594146 ], [ -17.34590071, 28.14582603 ], [ -17.34594133, 28.14582172 ], [ -17.34595717, 28.14594146 ] ] ], [ [ [ -17.34650844, 28.14690017 ], [ -17.34661197, 28.14665297 ], [ -17.34668587, 28.1467275 ], [ -17.34650844, 28.14690017 ] ] ], [ [ [ -17.34646427, 28.14842218 ], [ -17.34625896, 28.14853036 ], [ -17.34613733, 28.14846117 ], [ -17.34646427, 28.14842218 ] ] ], [ [ [ -17.34532984, 28.14910479 ], [ -17.34543563, 28.14905426 ], [ -17.34543762, 28.14914536 ], [ -17.34532984, 28.14910479 ] ] ], [ [ [ -17.3451694, 28.15071091 ], [ -17.34495925, 28.15078398 ], [ -17.34503219, 28.15062754 ], [ -17.3451694, 28.15071091 ] ] ], [ [ [ -17.34629754, 28.15179328 ], [ -17.34629316, 28.15196569 ], [ -17.34620826, 28.15194729 ], [ -17.34629754, 28.15179328 ] ] ], [ [ [ -17.84962344, 28.4569172 ], [ -17.84945228, 28.45685313 ], [ -17.84951549, 28.45677423 ], [ -17.84962344, 28.4569172 ] ] ], [ [ [ -17.85470356, 28.45840004 ], [ -17.85462694, 28.45854958 ], [ -17.85448623, 28.45851736 ], [ -17.85470356, 28.45840004 ] ] ], [ [ [ -17.85769729, 28.46203916 ], [ -17.85757234, 28.46202374 ], [ -17.85767849, 28.46198543 ], [ -17.85769729, 28.46203916 ] ] ], [ [ [ -17.83154262, 28.46392336 ], [ -17.83134368, 28.46408085 ], [ -17.83125562, 28.46403217 ], [ -17.83154262, 28.46392336 ] ] ], [ [ [ -17.85939864, 28.46422784 ], [ -17.85925333, 28.4646314 ], [ -17.85931112, 28.46419991 ], [ -17.85939864, 28.46422784 ] ] ], [ [ [ -17.86252559, 28.46560259 ], [ -17.86238993, 28.4657579 ], [ -17.86233615, 28.46561831 ], [ -17.86252559, 28.46560259 ] ] ], [ [ [ -17.83041293, 28.46619392 ], [ -17.83048272, 28.46601657 ], [ -17.8305586, 28.46602942 ], [ -17.83041293, 28.46619392 ] ] ], [ [ [ -17.86219778, 28.4660515 ], [ -17.86199192, 28.46644281 ], [ -17.86217334, 28.46597805 ], [ -17.86219778, 28.4660515 ] ] ], [ [ [ -17.82565878, 28.47205072 ], [ -17.82596007, 28.4723241 ], [ -17.825435, 28.47204275 ], [ -17.82565878, 28.47205072 ] ] ], [ [ [ -17.86829567, 28.47385825 ], [ -17.86820181, 28.47374748 ], [ -17.86842134, 28.47367339 ], [ -17.86829567, 28.47385825 ] ] ], [ [ [ -17.82515503, 28.47418015 ], [ -17.82501142, 28.47426973 ], [ -17.82479778, 28.47414427 ], [ -17.82515503, 28.47418015 ] ] ], [ [ [ -17.86906131, 28.47434904 ], [ -17.86907074, 28.47413145 ], [ -17.86920567, 28.47417551 ], [ -17.86906131, 28.47434904 ] ] ], [ [ [ -17.86794175, 28.47726914 ], [ -17.86798794, 28.47712745 ], [ -17.86809136, 28.47717668 ], [ -17.86794175, 28.47726914 ] ] ], [ [ [ -17.86874937, 28.47874498 ], [ -17.8687445, 28.47856468 ], [ -17.86883823, 28.47863306 ], [ -17.86874937, 28.47874498 ] ] ], [ [ [ -17.82283431, 28.47908239 ], [ -17.82265301, 28.47913667 ], [ -17.82266174, 28.47904267 ], [ -17.82283431, 28.47908239 ] ] ], [ [ [ -17.82245563, 28.47973794 ], [ -17.82255558, 28.47981073 ], [ -17.82243579, 28.47979788 ], [ -17.82245563, 28.47973794 ] ] ], [ [ [ -17.82180259, 28.48136349 ], [ -17.82239042, 28.4813161 ], [ -17.82237902, 28.48134791 ], [ -17.82180259, 28.48136349 ] ] ], [ [ [ -17.86999897, 28.48217884 ], [ -17.86960139, 28.48208711 ], [ -17.86961947, 28.48192526 ], [ -17.86999897, 28.48217884 ] ] ], [ [ [ -17.82156569, 28.48235978 ], [ -17.82141717, 28.48249547 ], [ -17.82134035, 28.48237077 ], [ -17.82156569, 28.48235978 ] ] ], [ [ [ -17.82119992, 28.48377009 ], [ -17.82116801, 28.48364536 ], [ -17.82123161, 28.48365667 ], [ -17.82119992, 28.48377009 ] ] ], [ [ [ -17.81799166, 28.48936724 ], [ -17.81833558, 28.48951436 ], [ -17.81779824, 28.48961932 ], [ -17.81799166, 28.48936724 ] ] ], [ [ [ -17.87471359, 28.49117716 ], [ -17.87451792, 28.49122821 ], [ -17.87449354, 28.49115746 ], [ -17.87471359, 28.49117716 ] ] ], [ [ [ -17.87541851, 28.49333797 ], [ -17.87528577, 28.49330018 ], [ -17.87548594, 28.49326438 ], [ -17.87541851, 28.49333797 ] ] ], [ [ [ -17.87621908, 28.49398041 ], [ -17.87596039, 28.49411758 ], [ -17.87587665, 28.49404178 ], [ -17.87621908, 28.49398041 ] ] ], [ [ [ -17.81589685, 28.49560877 ], [ -17.81584537, 28.49540056 ], [ -17.81595126, 28.4955427 ], [ -17.81589685, 28.49560877 ] ] ], [ [ [ -17.81394811, 28.49709066 ], [ -17.81413814, 28.49705606 ], [ -17.81413597, 28.49708948 ], [ -17.81394811, 28.49709066 ] ] ], [ [ [ -17.81411242, 28.49720272 ], [ -17.81397199, 28.49729764 ], [ -17.81382957, 28.49724106 ], [ -17.81411242, 28.49720272 ] ] ], [ [ [ -17.87668211, 28.50201229 ], [ -17.87655116, 28.50189058 ], [ -17.87678979, 28.50195408 ], [ -17.87668211, 28.50201229 ] ] ], [ [ [ -17.80769104, 28.50311608 ], [ -17.80749592, 28.50326715 ], [ -17.80746909, 28.50321809 ], [ -17.80769104, 28.50311608 ] ] ], [ [ [ -17.87654948, 28.50638007 ], [ -17.87677845, 28.50638875 ], [ -17.87680865, 28.50644764 ], [ -17.87654948, 28.50638007 ] ] ], [ [ [ -17.87681836, 28.50676766 ], [ -17.87699933, 28.50670069 ], [ -17.87685757, 28.50685794 ], [ -17.87681836, 28.50676766 ] ] ], [ [ [ -17.80507832, 28.50876561 ], [ -17.80518038, 28.50887896 ], [ -17.80488995, 28.50878664 ], [ -17.80507832, 28.50876561 ] ] ], [ [ [ -17.80394225, 28.51025313 ], [ -17.80414896, 28.51046175 ], [ -17.80393789, 28.51047423 ], [ -17.80394225, 28.51025313 ] ] ], [ [ [ -17.87650109, 28.51046553 ], [ -17.87647099, 28.51059786 ], [ -17.87634071, 28.5105014 ], [ -17.87650109, 28.51046553 ] ] ], [ [ [ -17.80154758, 28.51296186 ], [ -17.8018029, 28.51276896 ], [ -17.80194285, 28.5127318 ], [ -17.80192734, 28.51287915 ], [ -17.80154758, 28.51296186 ] ] ], [ [ [ -17.87729691, 28.51491285 ], [ -17.87701541, 28.51496392 ], [ -17.87699409, 28.514931 ], [ -17.87729691, 28.51491285 ] ] ], [ [ [ -17.87796938, 28.5151187 ], [ -17.87795345, 28.51528411 ], [ -17.87772492, 28.51529256 ], [ -17.87796938, 28.5151187 ] ] ], [ [ [ -17.87807531, 28.516198 ], [ -17.87852783, 28.51631469 ], [ -17.87804248, 28.51623026 ], [ -17.87807531, 28.516198 ] ] ], [ [ [ -17.87678861, 28.51665283 ], [ -17.87691844, 28.51658243 ], [ -17.87700988, 28.51664003 ], [ -17.87678861, 28.51665283 ] ] ], [ [ [ -17.87838296, 28.51662084 ], [ -17.87839136, 28.51677942 ], [ -17.87799605, 28.51662634 ], [ -17.87838296, 28.51662084 ] ] ], [ [ [ -17.87654453, 28.51684112 ], [ -17.87667703, 28.51671834 ], [ -17.87670413, 28.51685127 ], [ -17.87654453, 28.51684112 ] ] ], [ [ [ -17.87888233, 28.51740856 ], [ -17.87876382, 28.51733169 ], [ -17.87882367, 28.51731689 ], [ -17.87888233, 28.51740856 ] ] ], [ [ [ -17.87836568, 28.51748807 ], [ -17.87821961, 28.51752454 ], [ -17.87829751, 28.51723424 ], [ -17.87836568, 28.51748807 ] ] ], [ [ [ -17.87752084, 28.51740405 ], [ -17.87725701, 28.51757922 ], [ -17.87711799, 28.51764982 ], [ -17.87752084, 28.51740405 ] ] ], [ [ [ -17.87729981, 28.51829002 ], [ -17.87757081, 28.51830322 ], [ -17.87724792, 28.51841019 ], [ -17.87729981, 28.51829002 ] ] ], [ [ [ -17.87916969, 28.52208043 ], [ -17.87905887, 28.52187351 ], [ -17.87910346, 28.52186083 ], [ -17.87916969, 28.52208043 ] ] ], [ [ [ -17.79301759, 28.52503324 ], [ -17.79310692, 28.52489609 ], [ -17.79308687, 28.5250264 ], [ -17.79301759, 28.52503324 ] ] ], [ [ [ -17.77985606, 28.54767313 ], [ -17.77979519, 28.54730092 ], [ -17.7802828, 28.54750653 ], [ -17.77985606, 28.54767313 ] ] ], [ [ [ -17.78056939, 28.54744923 ], [ -17.78065006, 28.5477588 ], [ -17.78042304, 28.54751718 ], [ -17.78056939, 28.54744923 ] ] ], [ [ [ -17.75695482, 28.65065377 ], [ -17.75678308, 28.65046062 ], [ -17.7571378, 28.65037762 ], [ -17.75695482, 28.65065377 ] ] ], [ [ [ -17.75725568, 28.6505836 ], [ -17.75726817, 28.65051388 ], [ -17.75729372, 28.65055215 ], [ -17.75725568, 28.6505836 ] ] ], [ [ [ -17.75726757, 28.65080346 ], [ -17.75725169, 28.65070456 ], [ -17.75731325, 28.65071232 ], [ -17.75726757, 28.65080346 ] ] ], [ [ [ -17.7571105, 28.65132716 ], [ -17.75713623, 28.65125537 ], [ -17.75718995, 28.65127592 ], [ -17.7571105, 28.65132716 ] ] ], [ [ [ -17.75798653, 28.65287531 ], [ -17.75829052, 28.65265082 ], [ -17.75824957, 28.65300075 ], [ -17.75798653, 28.65287531 ] ] ], [ [ [ -17.75923041, 28.65386389 ], [ -17.75918053, 28.65348243 ], [ -17.75970053, 28.65373524 ], [ -17.75923041, 28.65386389 ] ] ], [ [ [ -17.75992211, 28.65754649 ], [ -17.7600713, 28.65750285 ], [ -17.760002, 28.65758996 ], [ -17.75992211, 28.65754649 ] ] ], [ [ [ -17.75986813, 28.65841358 ], [ -17.75991007, 28.65810151 ], [ -17.75993855, 28.65840763 ], [ -17.75986813, 28.65841358 ] ] ], [ [ [ -17.76095298, 28.65918438 ], [ -17.7608321, 28.65921571 ], [ -17.76091127, 28.65915365 ], [ -17.76095298, 28.65918438 ] ] ], [ [ [ -17.72902355, 28.74417571 ], [ -17.72925276, 28.74421257 ], [ -17.72907963, 28.74428553 ], [ -17.72902355, 28.74417571 ] ] ], [ [ [ -17.73025664, 28.74860885 ], [ -17.73020031, 28.74876515 ], [ -17.73011351, 28.74873353 ], [ -17.73025664, 28.74860885 ] ] ], [ [ [ -17.72947922, 28.74890421 ], [ -17.72963516, 28.74895699 ], [ -17.72948444, 28.74906557 ], [ -17.72947922, 28.74890421 ] ] ], [ [ [ -17.73308279, 28.75257675 ], [ -17.73334379, 28.75245781 ], [ -17.73337846, 28.75249229 ], [ -17.73308279, 28.75257675 ] ] ], [ [ [ -17.7325284, 28.75282883 ], [ -17.73185516, 28.75323395 ], [ -17.73248439, 28.75259337 ], [ -17.7325284, 28.75282883 ] ] ], [ [ [ -17.73511883, 28.75925057 ], [ -17.73481292, 28.75937494 ], [ -17.73481698, 28.7591773 ], [ -17.73511883, 28.75925057 ] ] ], [ [ [ -17.74323111, 28.76623402 ], [ -17.7434016, 28.76594189 ], [ -17.74356082, 28.76627513 ], [ -17.74323111, 28.76623402 ] ] ], [ [ [ -17.74452079, 28.76782702 ], [ -17.74433409, 28.76793004 ], [ -17.74432708, 28.76785802 ], [ -17.74452079, 28.76782702 ] ] ], [ [ [ -17.74435535, 28.76799907 ], [ -17.74438484, 28.768187 ], [ -17.74431663, 28.76800617 ], [ -17.74435535, 28.76799907 ] ] ], [ [ [ -17.74489633, 28.76832815 ], [ -17.74484781, 28.76843017 ], [ -17.74482522, 28.76834944 ], [ -17.74489633, 28.76832815 ] ] ], [ [ [ -17.74387271, 28.76923389 ], [ -17.74403198, 28.76909985 ], [ -17.74406699, 28.76910726 ], [ -17.74387271, 28.76923389 ] ] ], [ [ [ -17.85369639, 28.83365161 ], [ -17.85350766, 28.83349234 ], [ -17.85379536, 28.83356202 ], [ -17.85369639, 28.83365161 ] ] ], [ [ [ -17.85340176, 28.83385358 ], [ -17.85296929, 28.83414687 ], [ -17.85312777, 28.83383593 ], [ -17.85340176, 28.83385358 ] ] ], [ [ [ -17.8613834, 28.83545235 ], [ -17.86121844, 28.83541345 ], [ -17.86127225, 28.83532121 ], [ -17.8613834, 28.83545235 ] ] ], [ [ [ -17.84992717, 28.8358105 ], [ -17.85010039, 28.83558855 ], [ -17.84999563, 28.83587941 ], [ -17.84992717, 28.8358105 ] ] ], [ [ [ -17.84642837, 28.8358303 ], [ -17.84650811, 28.83574924 ], [ -17.84660126, 28.83600976 ], [ -17.84642837, 28.8358303 ] ] ], [ [ [ -17.84696363, 28.83607517 ], [ -17.84707499, 28.83610168 ], [ -17.84699772, 28.83616104 ], [ -17.84696363, 28.83607517 ] ] ], [ [ [ -17.84277426, 28.83620417 ], [ -17.84269728, 28.83634922 ], [ -17.84272679, 28.83615376 ], [ -17.84277426, 28.83620417 ] ] ], [ [ [ -17.84275683, 28.83650492 ], [ -17.84268671, 28.83660111 ], [ -17.84269498, 28.836453 ], [ -17.84275683, 28.83650492 ] ] ], [ [ [ -17.84781216, 28.83680141 ], [ -17.84790822, 28.83656756 ], [ -17.84794096, 28.83690423 ], [ -17.84781216, 28.83680141 ] ] ], [ [ [ -17.84264223, 28.8370747 ], [ -17.84280581, 28.83683673 ], [ -17.84274086, 28.83723589 ], [ -17.84264223, 28.8370747 ] ] ], [ [ [ -17.87507108, 28.83738365 ], [ -17.87505446, 28.83722616 ], [ -17.87517282, 28.8372092 ], [ -17.87507108, 28.83738365 ] ] ], [ [ [ -17.87570541, 28.83750362 ], [ -17.87567311, 28.83774424 ], [ -17.8756781, 28.83747895 ], [ -17.87570541, 28.83750362 ] ] ], [ [ [ -17.87680828, 28.83827024 ], [ -17.8767316, 28.83808968 ], [ -17.87680743, 28.83812775 ], [ -17.87680828, 28.83827024 ] ] ], [ [ [ -17.87739434, 28.83845979 ], [ -17.8773837, 28.83863139 ], [ -17.8772988, 28.8384501 ], [ -17.87739434, 28.83845979 ] ] ], [ [ [ -17.87881205, 28.83871725 ], [ -17.87896302, 28.83854535 ], [ -17.8789, 28.8388606 ], [ -17.87881205, 28.83871725 ] ] ], [ [ [ -17.81690931, 28.8400567 ], [ -17.81692509, 28.83992017 ], [ -17.81699694, 28.84011531 ], [ -17.81690931, 28.8400567 ] ] ], [ [ [ -17.80712213, 28.84373552 ], [ -17.80737822, 28.84384836 ], [ -17.80711598, 28.84392598 ], [ -17.80712213, 28.84373552 ] ] ], [ [ [ -17.27307115, 28.03494725 ], [ -17.27296837, 28.03494353 ], [ -17.2729311, 28.03491257 ], [ -17.27307115, 28.03494725 ] ] ], [ [ [ -17.2770808, 28.03667824 ], [ -17.27713324, 28.03675407 ], [ -17.27703416, 28.03673316 ], [ -17.2770808, 28.03667824 ] ] ], [ [ [ -17.28832619, 28.03826074 ], [ -17.2884501, 28.03830109 ], [ -17.28830911, 28.03831878 ], [ -17.28832619, 28.03826074 ] ] ], [ [ [ -17.19230483, 28.02954335 ], [ -17.27023915, 28.025268803 ], [ -17.27308139, 28.028904194 ], [ -17.272724, 28.035171343 ], [ -17.27334677, 28.036060653 ], [ -17.31949341, 28.058749805 ], [ -17.32066709, 28.076158893 ], [ -17.34877125, 28.0980782 ], [ -17.34110632, 28.1314218 ], [ -17.34265195, 28.14033436 ], [ -17.34643102, 28.1431164 ], [ -17.34408507, 28.14972252 ], [ -17.34573861, 28.15197789 ], [ -17.34289418, 28.15230089 ], [ -17.33456815, 28.16282394 ], [ -17.3365883, 28.16597185 ], [ -17.33612548, 28.16617915 ], [ -17.33604862, 28.16690591 ], [ -17.33657436, 28.1686564 ], [ -17.33541637, 28.17009456 ], [ -17.33592537, 28.17233889 ], [ -17.337071, 28.17346884 ], [ -17.33653546, 28.17473578 ], [ -17.33431357, 28.175528 ], [ -17.33225513, 28.17803537 ], [ -17.33269497, 28.17990915 ], [ -17.32871844, 28.18455509 ], [ -17.32859275, 28.18791736 ], [ -17.32487509, 28.18835864 ], [ -17.32156951, 28.19170632 ], [ -17.32285985, 28.1977803 ], [ -17.31852173, 28.20105883 ], [ -17.31855241, 28.20370564 ], [ -17.29316661, 28.20718068 ], [ -17.28176013, 28.21117647 ], [ -17.27857433, 28.21388146 ], [ -17.27860459, 28.21688924 ], [ -17.27623546, 28.21795823 ], [ -17.27502992, 28.21769677 ], [ -17.27528477, 28.21578416 ], [ -17.27322298, 28.21429175 ], [ -17.26065405, 28.21792077 ], [ -17.26046335, 28.21336636 ], [ -17.25279126, 28.2092548 ], [ -17.25407377, 28.20761041 ], [ -17.25264672, 28.20358162 ], [ -17.24491895, 28.20080231 ], [ -17.20631073, 28.19689086 ], [ -17.19614067, 28.20006108 ], [ -17.19680847, 28.19795334 ], [ -17.19282814, 28.19321587 ], [ -17.18581226, 28.18812886 ], [ -17.18341391, 28.18001271 ], [ -17.17602157, 28.17739003 ], [ -17.16775762, 28.18081112 ], [ -17.16614589, 28.17264333 ], [ -17.1505482, 28.1633487 ], [ -17.118570691, 28.153438479 ], [ -17.10343997, 28.12830877 ], [ -17.10612205, 28.1226846 ], [ -17.10394375, 28.1141825 ], [ -17.10130969, 28.11428066 ], [ -17.10586597, 28.11083315 ], [ -17.10432341, 28.10370733 ], [ -17.09848005, 28.09565564 ], [ -17.19230483, 28.02954335 ] ] ], [ [ [ -17.32961116, 28.08039519 ], [ -17.32968531, 28.08029558 ], [ -17.32973128, 28.08035164 ], [ -17.32961116, 28.08039519 ] ] ], [ [ [ -17.33009797, 28.08060799 ], [ -17.33005147, 28.08052757 ], [ -17.33012647, 28.08056148 ], [ -17.33009797, 28.08060799 ] ] ], [ [ [ -17.33481352, 28.08188395 ], [ -17.33473147, 28.08194761 ], [ -17.33471258, 28.08187394 ], [ -17.33481352, 28.08188395 ] ] ], [ [ [ -17.3396877, 28.08357391 ], [ -17.339831, 28.08366079 ], [ -17.33975349, 28.08369911 ], [ -17.3396877, 28.08357391 ] ] ], [ [ [ -17.33830953, 28.08443565 ], [ -17.33826757, 28.08433079 ], [ -17.33836636, 28.08433542 ], [ -17.33830953, 28.08443565 ] ] ], [ [ [ -17.3398095, 28.08679754 ], [ -17.33974453, 28.08666331 ], [ -17.33979433, 28.08666065 ], [ -17.3398095, 28.08679754 ] ] ], [ [ [ -17.34024191, 28.08825188 ], [ -17.34011613, 28.08831629 ], [ -17.34018465, 28.08814459 ], [ -17.34024191, 28.08825188 ] ] ], [ [ [ -17.34459382, 28.12545847 ], [ -17.34444262, 28.12547911 ], [ -17.34440176, 28.12537875 ], [ -17.34459382, 28.12545847 ] ] ], [ [ [ -17.34222207, 28.1274543 ], [ -17.34220766, 28.12730657 ], [ -17.34231556, 28.12735435 ], [ -17.34222207, 28.1274543 ] ] ], [ [ [ -17.34176875, 28.12949491 ], [ -17.34175861, 28.12940305 ], [ -17.34179733, 28.1294051 ], [ -17.34176875, 28.12949491 ] ] ], [ [ [ -17.34174827, 28.12972354 ], [ -17.34165453, 28.12971883 ], [ -17.34172072, 28.12967348 ], [ -17.34174827, 28.12972354 ] ] ], [ [ [ -17.34146017, 28.13196705 ], [ -17.34139329, 28.13188699 ], [ -17.3414616, 28.13193905 ], [ -17.34146017, 28.13196705 ] ] ], [ [ [ -17.34180771, 28.13376659 ], [ -17.34176443, 28.13369515 ], [ -17.34185833, 28.13370708 ], [ -17.34180771, 28.13376659 ] ] ], [ [ [ -17.34317772, 28.13652493 ], [ -17.34316102, 28.13641243 ], [ -17.34323433, 28.13650682 ], [ -17.34317772, 28.13652493 ] ] ], [ [ [ -17.34324716, 28.13906008 ], [ -17.34321017, 28.13890371 ], [ -17.34351874, 28.139004 ], [ -17.34324716, 28.13906008 ] ] ], [ [ [ -17.3435532, 28.13955832 ], [ -17.34347117, 28.13948393 ], [ -17.34366215, 28.13946622 ], [ -17.3435532, 28.13955832 ] ] ], [ [ [ -17.34487983, 28.15054985 ], [ -17.34486042, 28.1503598 ], [ -17.34500993, 28.15049348 ], [ -17.34487983, 28.15054985 ] ] ], [ [ [ -17.34304653, 28.15298582 ], [ -17.3429492, 28.15291079 ], [ -17.34306656, 28.15292412 ], [ -17.34304653, 28.15298582 ] ] ], [ [ [ -17.34243299, 28.15356205 ], [ -17.34228659, 28.15361779 ], [ -17.34232277, 28.1535495 ], [ -17.34243299, 28.15356205 ] ] ], [ [ [ -17.3420151, 28.1549885 ], [ -17.34197011, 28.15483949 ], [ -17.34208517, 28.15488715 ], [ -17.3420151, 28.1549885 ] ] ], [ [ [ -17.3422363, 28.15593663 ], [ -17.34251006, 28.15597887 ], [ -17.34206446, 28.15603973 ], [ -17.3422363, 28.15593663 ] ] ], [ [ [ -17.34022726, 28.15685342 ], [ -17.34012107, 28.15679208 ], [ -17.34028832, 28.15675854 ], [ -17.34022726, 28.15685342 ] ] ], [ [ [ -17.33929837, 28.15837883 ], [ -17.33924863, 28.15829215 ], [ -17.33933941, 28.15834654 ], [ -17.33929837, 28.15837883 ] ] ], [ [ [ -17.33717347, 28.16188442 ], [ -17.33708128, 28.16171816 ], [ -17.33723768, 28.16174707 ], [ -17.33717347, 28.16188442 ] ] ], [ [ [ -17.33639808, 28.1662142 ], [ -17.33634193, 28.1661132 ], [ -17.33642683, 28.1661316 ], [ -17.33639808, 28.1662142 ] ] ], [ [ [ -17.33615463, 28.16667762 ], [ -17.33620611, 28.16660998 ], [ -17.33623398, 28.16667446 ], [ -17.33615463, 28.16667762 ] ] ], [ [ [ -17.33623081, 28.16671602 ], [ -17.33614845, 28.16676796 ], [ -17.33615305, 28.1666984 ], [ -17.33623081, 28.16671602 ] ] ], [ [ [ -17.33618077, 28.1713005 ], [ -17.33604368, 28.17122344 ], [ -17.33626386, 28.17123502 ], [ -17.33618077, 28.1713005 ] ] ], [ [ [ -17.33607267, 28.17138626 ], [ -17.33618616, 28.1714547 ], [ -17.33602904, 28.17144024 ], [ -17.33607267, 28.17138626 ] ] ], [ [ [ -17.33533713, 28.17558543 ], [ -17.33538307, 28.17549713 ], [ -17.33544225, 28.17554935 ], [ -17.33533713, 28.17558543 ] ] ], [ [ [ -17.33449226, 28.17559804 ], [ -17.33435397, 28.17565364 ], [ -17.33436744, 28.1755704 ], [ -17.33449226, 28.17559804 ] ] ], [ [ [ -17.33335741, 28.17796515 ], [ -17.333258, 28.17803001 ], [ -17.33324305, 28.17790394 ], [ -17.33335741, 28.17796515 ] ] ], [ [ [ -17.33280667, 28.17830027 ], [ -17.33271702, 28.1783451 ], [ -17.33270617, 28.17826769 ], [ -17.33280667, 28.17830027 ] ] ], [ [ [ -17.3313522, 28.18199015 ], [ -17.33147165, 28.1818636 ], [ -17.33152867, 28.18195737 ], [ -17.3313522, 28.18199015 ] ] ], [ [ [ -17.33168314, 28.18236528 ], [ -17.33180756, 28.18246782 ], [ -17.33164967, 28.18251202 ], [ -17.33168314, 28.18236528 ] ] ], [ [ [ -17.33101449, 28.18346212 ], [ -17.33079109, 28.18349119 ], [ -17.33078338, 28.18341734 ], [ -17.33101449, 28.18346212 ] ] ], [ [ [ -17.32956067, 28.18441714 ], [ -17.32967772, 28.18422657 ], [ -17.32974198, 28.18451331 ], [ -17.32956067, 28.18441714 ] ] ], [ [ [ -17.32938242, 28.18497869 ], [ -17.32947178, 28.18506108 ], [ -17.32936853, 28.18504299 ], [ -17.32938242, 28.18497869 ] ] ], [ [ [ -17.32977729, 28.18614134 ], [ -17.33011521, 28.18613378 ], [ -17.33013174, 28.18619124 ], [ -17.32977729, 28.18614134 ] ] ], [ [ [ -17.32948913, 28.1868004 ], [ -17.32964613, 28.18680856 ], [ -17.32966254, 28.18686061 ], [ -17.32948913, 28.1868004 ] ] ], [ [ [ -17.32992821, 28.18671443 ], [ -17.33000101, 28.18697214 ], [ -17.32981193, 28.18684634 ], [ -17.32992821, 28.18671443 ] ] ], [ [ [ -17.32933953, 28.18685167 ], [ -17.3292815, 28.1869465 ], [ -17.32930693, 28.18685133 ], [ -17.32933953, 28.18685167 ] ] ], [ [ [ -17.32930422, 28.18719605 ], [ -17.32938723, 28.18731374 ], [ -17.32929588, 28.18732792 ], [ -17.32930422, 28.18719605 ] ] ], [ [ [ -17.32969285, 28.18877475 ], [ -17.32960176, 28.18884758 ], [ -17.32954378, 28.18880346 ], [ -17.32969285, 28.18877475 ] ] ], [ [ [ -17.329808, 28.18896588 ], [ -17.32961726, 28.18904582 ], [ -17.32955949, 28.1889647 ], [ -17.329808, 28.18896588 ] ] ], [ [ [ -17.32405483, 28.19017264 ], [ -17.3241625, 28.19025382 ], [ -17.323963, 28.19039977 ], [ -17.32405483, 28.19017264 ] ] ], [ [ [ -17.32324627, 28.19111573 ], [ -17.32316261, 28.19120287 ], [ -17.32311387, 28.19111527 ], [ -17.32324627, 28.19111573 ] ] ], [ [ [ -17.32232382, 28.19461063 ], [ -17.32238927, 28.19476471 ], [ -17.32228099, 28.19474941 ], [ -17.32232382, 28.19461063 ] ] ], [ [ [ -17.32325309, 28.19707976 ], [ -17.32283065, 28.1972313 ], [ -17.3227729, 28.19715107 ], [ -17.32325309, 28.19707976 ] ] ], [ [ [ -17.32203651, 28.19992729 ], [ -17.32196916, 28.20001505 ], [ -17.32192849, 28.19997153 ], [ -17.32203651, 28.19992729 ] ] ], [ [ [ -17.32142273, 28.19999094 ], [ -17.32126534, 28.2001073 ], [ -17.3212488, 28.20004894 ], [ -17.32142273, 28.19999094 ] ] ], [ [ [ -17.22569011, 28.20059951 ], [ -17.22582441, 28.20073989 ], [ -17.22569431, 28.20075283 ], [ -17.22569011, 28.20059951 ] ] ], [ [ [ -17.31887043, 28.20178378 ], [ -17.31896923, 28.20201941 ], [ -17.31880357, 28.20198883 ], [ -17.31887043, 28.20178378 ] ] ], [ [ [ -17.24166185, 28.20300325 ], [ -17.24144234, 28.20268562 ], [ -17.24159792, 28.20257569 ], [ -17.24166185, 28.20300325 ] ] ], [ [ [ -17.2419483, 28.20301479 ], [ -17.24204909, 28.20281734 ], [ -17.24204252, 28.20303942 ], [ -17.2419483, 28.20301479 ] ] ], [ [ [ -17.2364775, 28.20378741 ], [ -17.23655262, 28.20387281 ], [ -17.2364135, 28.20389313 ], [ -17.2364775, 28.20378741 ] ] ], [ [ [ -17.23792682, 28.20388101 ], [ -17.23782196, 28.20393235 ], [ -17.2378075, 28.20382521 ], [ -17.23792682, 28.20388101 ] ] ], [ [ [ -17.2476727, 28.20424003 ], [ -17.24784401, 28.20400622 ], [ -17.24796935, 28.20415485 ], [ -17.2476727, 28.20424003 ] ] ], [ [ [ -17.25378575, 28.2072822 ], [ -17.2537053, 28.20738007 ], [ -17.25365425, 28.20732587 ], [ -17.25378575, 28.2072822 ] ] ], [ [ [ -17.25383386, 28.20739059 ], [ -17.25375395, 28.20746589 ], [ -17.25369437, 28.20744161 ], [ -17.25383386, 28.20739059 ] ] ], [ [ [ -17.29745645, 28.2075454 ], [ -17.29771504, 28.20758707 ], [ -17.29745523, 28.20758331 ], [ -17.29745645, 28.2075454 ] ] ], [ [ [ -17.29806186, 28.20751537 ], [ -17.29786918, 28.20765035 ], [ -17.29784584, 28.20751178 ], [ -17.29806186, 28.20751537 ] ] ], [ [ [ -17.30257021, 28.20804679 ], [ -17.30252823, 28.20817923 ], [ -17.30242902, 28.20811233 ], [ -17.30257021, 28.20804679 ] ] ], [ [ [ -17.29279905, 28.20852225 ], [ -17.29298095, 28.20850205 ], [ -17.29298869, 28.20857862 ], [ -17.29279905, 28.20852225 ] ] ], [ [ [ -17.29235874, 28.20850887 ], [ -17.29239055, 28.20866263 ], [ -17.29226135, 28.20862239 ], [ -17.29235874, 28.20850887 ] ] ], [ [ [ -17.29274458, 28.20869008 ], [ -17.29271489, 28.20887375 ], [ -17.29262029, 28.20887985 ], [ -17.29274458, 28.20869008 ] ] ], [ [ [ -17.29241808, 28.20904565 ], [ -17.2924034, 28.2089304 ], [ -17.29247994, 28.20898506 ], [ -17.29241808, 28.20904565 ] ] ], [ [ [ -17.2992926, 28.20914679 ], [ -17.29947463, 28.20913291 ], [ -17.29954854, 28.2093022 ], [ -17.2992926, 28.20914679 ] ] ], [ [ [ -17.2924085, 28.2091216 ], [ -17.29251066, 28.20923087 ], [ -17.29233123, 28.20912831 ], [ -17.2924085, 28.2091216 ] ] ], [ [ [ -17.29977754, 28.20972152 ], [ -17.30045731, 28.20964422 ], [ -17.30061224, 28.20998178 ], [ -17.29977754, 28.20972152 ] ] ], [ [ [ -17.29232057, 28.20972581 ], [ -17.29234457, 28.20984812 ], [ -17.2922488, 28.20984702 ], [ -17.29232057, 28.20972581 ] ] ], [ [ [ -17.29187972, 28.20973501 ], [ -17.29200679, 28.20986642 ], [ -17.29190372, 28.20985732 ], [ -17.29187972, 28.20973501 ] ] ], [ [ [ -17.29106555, 28.20981542 ], [ -17.29100043, 28.21010525 ], [ -17.2907813, 28.20976514 ], [ -17.29106555, 28.20981542 ] ] ], [ [ [ -17.25320635, 28.20995898 ], [ -17.252994, 28.21013031 ], [ -17.25295103, 28.21012109 ], [ -17.25320635, 28.20995898 ] ] ], [ [ [ -17.29946066, 28.21004988 ], [ -17.29969976, 28.21022722 ], [ -17.29944397, 28.21007903 ], [ -17.29946066, 28.21004988 ] ] ], [ [ [ -17.25379223, 28.21035537 ], [ -17.25368543, 28.21045999 ], [ -17.25365239, 28.21039016 ], [ -17.25379223, 28.21035537 ] ] ], [ [ [ -17.2900681, 28.2105675 ], [ -17.28982085, 28.21034155 ], [ -17.29016253, 28.21055329 ], [ -17.2900681, 28.2105675 ] ] ], [ [ [ -17.25406803, 28.21097432 ], [ -17.253963, 28.21101756 ], [ -17.25397325, 28.21097228 ], [ -17.25406803, 28.21097432 ] ] ], [ [ [ -17.28474963, 28.21126732 ], [ -17.28494448, 28.21099427 ], [ -17.28500186, 28.21120175 ], [ -17.28474963, 28.21126732 ] ] ], [ [ [ -17.28488715, 28.21131555 ], [ -17.28480811, 28.21138274 ], [ -17.28478371, 28.21133713 ], [ -17.28488715, 28.21131555 ] ] ], [ [ [ -17.2888587, 28.21150719 ], [ -17.28894371, 28.21157705 ], [ -17.28896101, 28.21162368 ], [ -17.2888587, 28.21150719 ] ] ], [ [ [ -17.28320982, 28.2119048 ], [ -17.2830884, 28.21189509 ], [ -17.28308189, 28.21178061 ], [ -17.28320982, 28.2119048 ] ] ], [ [ [ -17.25737183, 28.21220562 ], [ -17.25784264, 28.21207062 ], [ -17.25777051, 28.21217648 ], [ -17.25737183, 28.21220562 ] ] ], [ [ [ -17.25769767, 28.21229679 ], [ -17.25771114, 28.21240485 ], [ -17.25761776, 28.2123721 ], [ -17.25769767, 28.21229679 ] ] ], [ [ [ -17.28329671, 28.21234999 ], [ -17.28335446, 28.21252678 ], [ -17.28319963, 28.21247883 ], [ -17.28329671, 28.21234999 ] ] ], [ [ [ -17.25780996, 28.21259902 ], [ -17.25757182, 28.21275454 ], [ -17.25757219, 28.21272385 ], [ -17.25780996, 28.21259902 ] ] ], [ [ [ -17.28125416, 28.21301027 ], [ -17.28112582, 28.21296279 ], [ -17.28127292, 28.21293417 ], [ -17.28125416, 28.21301027 ] ] ], [ [ [ -17.25906074, 28.21322351 ], [ -17.25853385, 28.21330801 ], [ -17.25836658, 28.21315287 ], [ -17.25906074, 28.21322351 ] ] ], [ [ [ -17.25854617, 28.21345759 ], [ -17.25858668, 28.21354354 ], [ -17.25849298, 28.21349546 ], [ -17.25854617, 28.21345759 ] ] ], [ [ [ -17.28031859, 28.21413842 ], [ -17.28001634, 28.21410376 ], [ -17.280381, 28.21405527 ], [ -17.28031859, 28.21413842 ] ] ], [ [ [ -17.25963384, 28.21451066 ], [ -17.25984463, 28.21431409 ], [ -17.25985801, 28.21451418 ], [ -17.25963384, 28.21451066 ] ] ], [ [ [ -17.27898014, 28.21457128 ], [ -17.27893469, 28.21468573 ], [ -17.27888395, 28.21464687 ], [ -17.27898014, 28.21457128 ] ] ], [ [ [ -17.27366457, 28.21513348 ], [ -17.27374414, 28.21504283 ], [ -17.27379397, 28.21513494 ], [ -17.27366457, 28.21513348 ] ] ], [ [ [ -17.27451061, 28.21568876 ], [ -17.27479915, 28.21550891 ], [ -17.27493522, 28.21563297 ], [ -17.27451061, 28.21568876 ] ] ], [ [ [ -17.27181158, 28.21633276 ], [ -17.27197276, 28.21648799 ], [ -17.27180018, 28.21651612 ], [ -17.27181158, 28.21633276 ] ] ], [ [ [ -17.26714158, 28.2175156 ], [ -17.2673356, 28.21729673 ], [ -17.2674271, 28.21748109 ], [ -17.26714158, 28.2175156 ] ] ], [ [ [ -17.27157627, 28.21743929 ], [ -17.27187043, 28.21742809 ], [ -17.27158262, 28.21754656 ], [ -17.27157627, 28.21743929 ] ] ], [ [ [ -17.27057158, 28.21761839 ], [ -17.27158905, 28.21852365 ], [ -17.26934741, 28.21844989 ], [ -17.27057158, 28.21761839 ] ] ], [ [ [ -17.26609938, 28.21876453 ], [ -17.26611436, 28.21889511 ], [ -17.2660295, 28.21883245 ], [ -17.26609938, 28.21876453 ] ] ], [ [ [ -17.22373368, 28.02539439 ], [ -17.22378083, 28.02546221 ], [ -17.22371173, 28.02546423 ], [ -17.22373368, 28.02539439 ] ] ], [ [ [ -17.22096187, 28.02545278 ], [ -17.22088231, 28.02553979 ], [ -17.22085884, 28.02548603 ], [ -17.22096187, 28.02545278 ] ] ], [ [ [ -17.2213976, 28.02547731 ], [ -17.22128236, 28.02551076 ], [ -17.22127367, 28.02548383 ], [ -17.2213976, 28.02547731 ] ] ], [ [ [ -17.17857127, 28.03771799 ], [ -17.17852258, 28.03777471 ], [ -17.17850066, 28.03769655 ], [ -17.17857127, 28.03771799 ] ] ], [ [ [ -17.15997456, 28.04806141 ], [ -17.16016988, 28.04801231 ], [ -17.16005267, 28.04815312 ], [ -17.15997456, 28.04806141 ] ] ], [ [ [ -17.15619757, 28.04875154 ], [ -17.15613102, 28.04827072 ], [ -17.15681388, 28.04879961 ], [ -17.15619757, 28.04875154 ] ] ], [ [ [ -17.14678696, 28.05370413 ], [ -17.14680912, 28.05379582 ], [ -17.14672067, 28.05374668 ], [ -17.14678696, 28.05370413 ] ] ], [ [ [ -17.14396344, 28.05929692 ], [ -17.14388126, 28.05935866 ], [ -17.14389915, 28.05928619 ], [ -17.14396344, 28.05929692 ] ] ], [ [ [ -17.14431133, 28.06016768 ], [ -17.14445381, 28.0602223 ], [ -17.14442402, 28.06025886 ], [ -17.14431133, 28.06016768 ] ] ], [ [ [ -17.13993497, 28.06498064 ], [ -17.13987632, 28.06494727 ], [ -17.13992892, 28.06493201 ], [ -17.13993497, 28.06498064 ] ] ], [ [ [ -17.13710936, 28.06751792 ], [ -17.13707687, 28.067624 ], [ -17.13701358, 28.06761326 ], [ -17.13710936, 28.06751792 ] ] ], [ [ [ -17.13497072, 28.06843012 ], [ -17.13498805, 28.06832878 ], [ -17.13509249, 28.06836325 ], [ -17.13497072, 28.06843012 ] ] ], [ [ [ -17.13243131, 28.07011914 ], [ -17.13235038, 28.07014205 ], [ -17.13239106, 28.07008999 ], [ -17.13243131, 28.07011914 ] ] ], [ [ [ -17.12251861, 28.07302327 ], [ -17.1225619, 28.07294861 ], [ -17.12272173, 28.07300569 ], [ -17.12251861, 28.07302327 ] ] ], [ [ [ -17.11356316, 28.08192448 ], [ -17.11351616, 28.08186294 ], [ -17.11355106, 28.08182631 ], [ -17.11356316, 28.08192448 ] ] ], [ [ [ -17.11343774, 28.08242994 ], [ -17.11351883, 28.08246659 ], [ -17.11347548, 28.08248711 ], [ -17.11343774, 28.08242994 ] ] ], [ [ [ -16.73788079, 28.08325459 ], [ -16.73836211, 28.08388655 ], [ -16.73829799, 28.08394873 ], [ -16.73788079, 28.08325459 ] ] ], [ [ [ -16.73876574, 28.0845592 ], [ -16.73899925, 28.08528364 ], [ -16.73863856, 28.08456081 ], [ -16.73876574, 28.0845592 ] ] ], [ [ [ -16.73942523, 28.08601647 ], [ -16.73988348, 28.0863527 ], [ -16.73993846, 28.08673286 ], [ -16.73942523, 28.08601647 ] ] ], [ [ [ -17.10485309, 28.0889273 ], [ -17.10497829, 28.08887756 ], [ -17.10502557, 28.08905821 ], [ -17.10485309, 28.0889273 ] ] ], [ [ [ -16.74356434, 28.09001518 ], [ -16.74403855, 28.09007684 ], [ -16.74414121, 28.09019556 ], [ -16.74356434, 28.09001518 ] ] ], [ [ [ -16.74551636, 28.09090637 ], [ -16.74490723, 28.09043039 ], [ -16.74565628, 28.09081164 ], [ -16.74551636, 28.09090637 ] ] ], [ [ [ -16.74799219, 28.0918414 ], [ -16.7487531, 28.0920113 ], [ -16.74885588, 28.09213633 ], [ -16.74799219, 28.0918414 ] ] ], [ [ [ -17.09842579, 28.09731233 ], [ -17.09842681, 28.09725998 ], [ -17.09854622, 28.09722567 ], [ -17.09842579, 28.09731233 ] ] ], [ [ [ -16.76199704, 28.09980527 ], [ -16.76234357, 28.09977374 ], [ -16.76178452, 28.09994157 ], [ -16.76199704, 28.09980527 ] ] ], [ [ [ -16.76157297, 28.10007424 ], [ -16.76099765, 28.10042999 ], [ -16.76078045, 28.1004039 ], [ -16.76157297, 28.10007424 ] ] ], [ [ [ -17.1005622, 28.10203786 ], [ -17.10045776, 28.10195283 ], [ -17.10045076, 28.10190691 ], [ -17.1005622, 28.10203786 ] ] ], [ [ [ -17.10306046, 28.10370505 ], [ -17.10305275, 28.10357071 ], [ -17.10316121, 28.10365297 ], [ -17.10306046, 28.10370505 ] ] ], [ [ [ -17.10372148, 28.10675847 ], [ -17.10382755, 28.10677038 ], [ -17.1037188, 28.1068298 ], [ -17.10372148, 28.10675847 ] ] ], [ [ [ -17.10081271, 28.11457794 ], [ -17.10089013, 28.11452893 ], [ -17.100899, 28.11456669 ], [ -17.10081271, 28.11457794 ] ] ], [ [ [ -17.10463612, 28.11747998 ], [ -17.10470805, 28.1174112 ], [ -17.10472676, 28.1174831 ], [ -17.10463612, 28.11747998 ] ] ], [ [ [ -17.1050345, 28.12078376 ], [ -17.10493393, 28.12063732 ], [ -17.10512654, 28.1206497 ], [ -17.1050345, 28.12078376 ] ] ], [ [ [ -17.10556548, 28.12196494 ], [ -17.10560315, 28.12186149 ], [ -17.10568586, 28.12192699 ], [ -17.10556548, 28.12196494 ] ] ], [ [ [ -17.10574078, 28.12234124 ], [ -17.10560123, 28.12233616 ], [ -17.1056029, 28.12231719 ], [ -17.10574078, 28.12234124 ] ] ], [ [ [ -17.10537084, 28.12257793 ], [ -17.10542103, 28.12254197 ], [ -17.10546168, 28.12259097 ], [ -17.10537084, 28.12257793 ] ] ], [ [ [ -16.78115507, 28.12322959 ], [ -16.78052057, 28.12308712 ], [ -16.78118195, 28.1228854 ], [ -16.78115507, 28.12322959 ] ] ], [ [ [ -17.10569515, 28.12328763 ], [ -17.10576227, 28.12323245 ], [ -17.10577117, 28.12327112 ], [ -17.10569515, 28.12328763 ] ] ], [ [ [ -16.78396976, 28.12606103 ], [ -16.78381747, 28.12614694 ], [ -16.7839, 28.12602854 ], [ -16.78396976, 28.12606103 ] ] ], [ [ [ -16.69126708, 27.99892513 ], [ -16.73878996, 28.08789357 ], [ -16.77904521, 28.11973645 ], [ -16.78178305, 28.12716251 ], [ -16.78663913, 28.130433 ], [ -16.78661929, 28.13457558 ], [ -16.80430748, 28.15781049 ], [ -16.80694139, 28.17451634 ], [ -16.81964065, 28.18074562 ], [ -16.82799953, 28.19979322 ], [ -16.8374908, 28.20761661 ], [ -16.84096497, 28.264250319 ], [ -16.89664812, 28.332201269 ], [ -16.92599444, 28.341921319 ], [ -16.92065567, 28.342874659 ], [ -16.92382052, 28.353218499 ], [ -16.91804163, 28.358944459 ], [ -16.91733227, 28.360003029 ], [ -16.91741653, 28.360320399 ], [ -16.91780671, 28.360630749 ], [ -16.91782688, 28.360901189 ], [ -16.88682527, 28.365014789 ], [ -16.82808349, 28.39360825 ], [ -16.80871758, 28.37619449 ], [ -16.75181274, 28.3706912 ], [ -16.6808883, 28.39043511 ], [ -16.67415719, 28.40200818 ], [ -16.65305366, 28.3957745 ], [ -16.6471533, 28.39607972 ], [ -16.64428409, 28.39856911 ], [ -16.64095569, 28.39789449 ], [ -16.63723886, 28.39412446 ], [ -16.58785658, 28.398049153 ], [ -16.57263312, 28.404140693 ], [ -16.56630575, 28.41037401 ], [ -16.56599503, 28.4127746 ], [ -16.5622675, 28.41112705 ], [ -16.55479713, 28.41891893 ], [ -16.53305653, 28.41665654 ], [ -16.52049828, 28.41757261 ], [ -16.5185505, 28.41985873 ], [ -16.51506784, 28.41881633 ], [ -16.51186062, 28.41955323 ], [ -16.47673272, 28.44077589 ], [ -16.4286985, 28.48919864 ], [ -16.41992459, 28.51224957 ], [ -16.42155709, 28.51771343 ], [ -16.41919148, 28.51839249 ], [ -16.41219789, 28.5240483 ], [ -16.41105259, 28.52721087 ], [ -16.40353535, 28.53052156 ], [ -16.40215208, 28.53356558 ], [ -16.39849449, 28.533569 ], [ -16.39768412, 28.53845181 ], [ -16.39567186, 28.53807179 ], [ -16.39539217, 28.54011344 ], [ -16.38677706, 28.543754 ], [ -16.38560944, 28.54606552 ], [ -16.38426824, 28.54518933 ], [ -16.37716175, 28.5480251 ], [ -16.36554572, 28.54512172 ], [ -16.3338884, 28.55753477 ], [ -16.32872081, 28.57671712 ], [ -16.32103156, 28.57878408 ], [ -16.31866802, 28.57790816 ], [ -16.31744244, 28.5737477 ], [ -16.31639032, 28.57275521 ], [ -16.31671144, 28.57218801 ], [ -16.31575753, 28.57103482 ], [ -16.2973487, 28.569011713 ], [ -16.27527734, 28.571721853 ], [ -16.27213018, 28.575181023 ], [ -16.27374982, 28.577569265 ], [ -16.27275142, 28.578036223 ], [ -16.25713023, 28.569399303 ], [ -16.22309831, 28.565442203 ], [ -16.19272434, 28.572084543 ], [ -16.15811182, 28.588661913 ], [ -16.15402713, 28.586734573 ], [ -16.15139123, 28.586566543 ], [ -16.15047618, 28.587422703 ], [ -16.14738822, 28.584986693 ], [ -16.13433622, 28.581226303 ], [ -16.13518318, 28.577258803 ], [ -16.13411045, 28.574001423 ], [ -16.12721636, 28.57151727 ], [ -16.126900229, 28.563821969 ], [ -16.12292425, 28.55966524 ], [ -16.119852612, 28.559406309 ], [ -16.12759783, 28.54601316 ], [ -16.12957405, 28.53647019 ], [ -16.12569965, 28.53206897 ], [ -16.13299773, 28.535017423 ], [ -16.16728406, 28.51849997 ], [ -16.22523857, 28.48374778 ], [ -16.23714138, 28.48549473 ], [ -16.246241442, 28.4710237 ], [ -16.23564531, 28.47904427 ], [ -16.24704234, 28.45567517 ], [ -16.24226313, 28.46600438 ], [ -16.24277035, 28.46806569 ], [ -16.36048517, 28.3794908 ], [ -16.36168425, 28.30438809 ], [ -16.38363408, 28.28492512 ], [ -16.42468273, 28.2045703 ], [ -16.43436048, 28.15564674 ], [ -16.42519298, 28.15016465 ], [ -16.44906703, 28.13451128 ], [ -16.48998091, 28.0901728 ], [ -16.49110718, 28.08757116 ], [ -16.48977564, 28.0865838 ], [ -16.48917989, 28.08485828 ], [ -16.491336313, 28.08165992 ], [ -16.486415795, 28.0773088 ], [ -16.494479818, 28.069739421 ], [ -16.50294022, 28.0770736 ], [ -16.54081115, 28.04244195 ], [ -16.54313609, 28.03677677 ], [ -16.54137736, 28.02892726 ], [ -16.54664904, 28.02486704 ], [ -16.55616021, 28.03118752 ], [ -16.59564028, 28.02924813 ], [ -16.69126708, 27.99892513 ] ] ], [ [ [ -17.14299267, 28.1622517 ], [ -17.1431197, 28.16198442 ], [ -17.14314435, 28.16225023 ], [ -17.14299267, 28.1622517 ] ] ], [ [ [ -17.14306472, 28.16239314 ], [ -17.14317837, 28.16268012 ], [ -17.14309834, 28.16275175 ], [ -17.14306472, 28.16239314 ] ] ], [ [ [ -17.14773063, 28.16333788 ], [ -17.14764332, 28.16314705 ], [ -17.14780592, 28.1631824 ], [ -17.14773063, 28.16333788 ] ] ], [ [ [ -17.15106519, 28.16689856 ], [ -17.15114133, 28.16658154 ], [ -17.15121633, 28.16651358 ], [ -17.15106519, 28.16689856 ] ] ], [ [ [ -17.16466344, 28.1785167 ], [ -17.16438165, 28.17868268 ], [ -17.16425257, 28.17859358 ], [ -17.16466344, 28.1785167 ] ] ], [ [ [ -17.17330167, 28.17910439 ], [ -17.17319846, 28.17903654 ], [ -17.17328307, 28.17904062 ], [ -17.17330167, 28.17910439 ] ] ], [ [ [ -17.17150765, 28.17967337 ], [ -17.17164907, 28.17946539 ], [ -17.17185004, 28.17948295 ], [ -17.17150765, 28.17967337 ] ] ], [ [ [ -17.16685179, 28.17957391 ], [ -17.1667606, 28.17974861 ], [ -17.16670069, 28.17970624 ], [ -17.16685179, 28.17957391 ] ] ], [ [ [ -17.17243449, 28.17973085 ], [ -17.17238004, 28.17965682 ], [ -17.17249216, 28.17966225 ], [ -17.17243449, 28.17973085 ] ] ], [ [ [ -16.8274595, 28.19535498 ], [ -16.8279668, 28.19535723 ], [ -16.82741933, 28.19550893 ], [ -16.8274595, 28.19535498 ] ] ], [ [ [ -17.193091, 28.19676144 ], [ -17.193272, 28.19674681 ], [ -17.19307408, 28.19683029 ], [ -17.193091, 28.19676144 ] ] ], [ [ [ -16.82897775, 28.19771806 ], [ -16.82916997, 28.19728141 ], [ -16.82919829, 28.19780806 ], [ -16.82897775, 28.19771806 ] ] ], [ [ [ -17.19624121, 28.19780634 ], [ -17.19608561, 28.19786749 ], [ -17.19606102, 28.19776051 ], [ -17.19624121, 28.19780634 ] ] ], [ [ [ -17.20685936, 28.19850982 ], [ -17.20727251, 28.19834344 ], [ -17.20718553, 28.19857133 ], [ -17.20685936, 28.19850982 ] ] ], [ [ [ -17.20673846, 28.19862366 ], [ -17.20683382, 28.19855535 ], [ -17.20683319, 28.19862394 ], [ -17.20673846, 28.19862366 ] ] ], [ [ [ -17.20706455, 28.19882954 ], [ -17.2069609, 28.19889077 ], [ -17.20699614, 28.19882162 ], [ -17.20706455, 28.19882954 ] ] ], [ [ [ -17.19618545, 28.19886477 ], [ -17.19618426, 28.19905518 ], [ -17.19612431, 28.19906246 ], [ -17.19618545, 28.19886477 ] ] ], [ [ [ -17.20193172, 28.19940042 ], [ -17.2018717, 28.19945372 ], [ -17.20186293, 28.19942318 ], [ -17.20193172, 28.19940042 ] ] ], [ [ [ -17.19730664, 28.19985016 ], [ -17.1975048, 28.19982803 ], [ -17.19731558, 28.19988882 ], [ -17.19730664, 28.19985016 ] ] ], [ [ [ -16.82986633, 28.20006878 ], [ -16.82930122, 28.19978394 ], [ -16.82996021, 28.19977964 ], [ -16.82986633, 28.20006878 ] ] ], [ [ [ -17.19753856, 28.20003412 ], [ -17.19746946, 28.19994229 ], [ -17.19752996, 28.19991244 ], [ -17.19753856, 28.20003412 ] ] ], [ [ [ -17.20955521, 28.20137271 ], [ -17.20940203, 28.20120464 ], [ -17.20944435, 28.2011823 ], [ -17.20955521, 28.20137271 ] ] ], [ [ [ -17.21362423, 28.20151896 ], [ -17.21381044, 28.20136165 ], [ -17.21386023, 28.20145469 ], [ -17.21362423, 28.20151896 ] ] ], [ [ [ -17.21124367, 28.2026944 ], [ -17.21175213, 28.20240736 ], [ -17.21198234, 28.20270502 ], [ -17.21124367, 28.2026944 ] ] ], [ [ [ -16.84625617, 28.23794148 ], [ -16.84690412, 28.23828829 ], [ -16.84683819, 28.23883786 ], [ -16.84679407, 28.23828797 ], [ -16.84625617, 28.23794148 ] ] ], [ [ [ -16.84602677, 28.23817109 ], [ -16.84645388, 28.23847486 ], [ -16.8464075, 28.23885902 ], [ -16.84602677, 28.23817109 ] ] ], [ [ [ -16.84673002, 28.23865162 ], [ -16.84665454, 28.23858856 ], [ -16.8466934, 28.23859616 ], [ -16.84673002, 28.23865162 ] ] ], [ [ [ -16.84593931, 28.23889152 ], [ -16.84601612, 28.23885438 ], [ -16.84605822, 28.23893233 ], [ -16.84593931, 28.23889152 ] ] ], [ [ [ -16.84347711, 28.24095162 ], [ -16.84336841, 28.24120848 ], [ -16.84300369, 28.24115474 ], [ -16.84347711, 28.24095162 ] ] ], [ [ [ -16.92466863, 28.34232627 ], [ -16.92488272, 28.34249019 ], [ -16.92463647, 28.34240974 ], [ -16.92466863, 28.34232627 ] ] ], [ [ [ -16.92076316, 28.35683603 ], [ -16.92062451, 28.35689754 ], [ -16.92068373, 28.35678752 ], [ -16.92076316, 28.35683603 ] ] ], [ [ [ -16.92057138, 28.35700658 ], [ -16.92044753, 28.35687026 ], [ -16.92059991, 28.35700437 ], [ -16.92057138, 28.35700658 ] ] ], [ [ [ -16.91760484, 28.36035384 ], [ -16.91748776, 28.36031037 ], [ -16.91773505, 28.36033306 ], [ -16.91760484, 28.36035384 ] ] ], [ [ [ -16.90531023, 28.36431546 ], [ -16.90536201, 28.36424435 ], [ -16.90546338, 28.36437919 ], [ -16.90531023, 28.36431546 ] ] ], [ [ [ -16.88039474, 28.36928995 ], [ -16.88034997, 28.36894946 ], [ -16.88049078, 28.36883472 ], [ -16.88039474, 28.36928995 ] ] ], [ [ [ -16.88465012, 28.36928351 ], [ -16.88479346, 28.36902344 ], [ -16.88494403, 28.36911431 ], [ -16.88465012, 28.36928351 ] ] ], [ [ [ -16.88399206, 28.36997664 ], [ -16.88379901, 28.36984846 ], [ -16.88401106, 28.36989696 ], [ -16.88399206, 28.36997664 ] ] ], [ [ [ -16.74838905, 28.37333332 ], [ -16.74864569, 28.37349066 ], [ -16.74862109, 28.37354602 ], [ -16.74838905, 28.37333332 ] ] ], [ [ [ -16.74689043, 28.37422069 ], [ -16.7467375, 28.37404126 ], [ -16.74688799, 28.37394728 ], [ -16.74689043, 28.37422069 ] ] ], [ [ [ -16.77875037, 28.37420653 ], [ -16.77826272, 28.37451701 ], [ -16.77796785, 28.37427269 ], [ -16.77875037, 28.37420653 ] ] ], [ [ [ -16.78163069, 28.37578878 ], [ -16.78208087, 28.37580094 ], [ -16.78164636, 28.37599343 ], [ -16.78163069, 28.37578878 ] ] ], [ [ [ -16.74528288, 28.37612199 ], [ -16.74534183, 28.37604543 ], [ -16.74531069, 28.37613788 ], [ -16.74528288, 28.37612199 ] ] ], [ [ [ -16.7437173, 28.37684956 ], [ -16.74384908, 28.37635964 ], [ -16.74380639, 28.37686917 ], [ -16.7437173, 28.37684956 ] ] ], [ [ [ -16.74371314, 28.37690737 ], [ -16.74364852, 28.37701107 ], [ -16.7435702, 28.37690197 ], [ -16.74371314, 28.37690737 ] ] ], [ [ [ -16.73051174, 28.37792577 ], [ -16.73044679, 28.37826231 ], [ -16.73036051, 28.3782273 ], [ -16.73051174, 28.37792577 ] ] ], [ [ [ -16.74125634, 28.37848468 ], [ -16.7414046, 28.37869035 ], [ -16.74115402, 28.37859247 ], [ -16.74125634, 28.37848468 ] ] ], [ [ [ -16.85965677, 28.37951645 ], [ -16.86002663, 28.37936882 ], [ -16.85967836, 28.37958384 ], [ -16.85965677, 28.37951645 ] ] ], [ [ [ -16.76199621, 28.37826951 ], [ -16.7633157, 28.37969635 ], [ -16.76244502, 28.38066601 ], [ -16.76199621, 28.37826951 ] ] ], [ [ [ -16.74095004, 28.38009766 ], [ -16.74108425, 28.38006797 ], [ -16.74093373, 28.38016104 ], [ -16.74095004, 28.38009766 ] ] ], [ [ [ -16.85732681, 28.38019166 ], [ -16.85742403, 28.38014972 ], [ -16.85749328, 28.38025888 ], [ -16.85732681, 28.38019166 ] ] ], [ [ [ -16.85710438, 28.38042661 ], [ -16.85707916, 28.38026723 ], [ -16.85727581, 28.38036833 ], [ -16.85710438, 28.38042661 ] ] ], [ [ [ -16.85775108, 28.3805315 ], [ -16.8578728, 28.38037282 ], [ -16.85782088, 28.38055491 ], [ -16.85775108, 28.3805315 ] ] ], [ [ [ -16.85744597, 28.38053025 ], [ -16.85757015, 28.38062962 ], [ -16.85760388, 28.38069143 ], [ -16.85744597, 28.38053025 ] ] ], [ [ [ -16.85600632, 28.38147304 ], [ -16.85572256, 28.38123325 ], [ -16.85572196, 28.38114031 ], [ -16.85600632, 28.38147304 ] ] ], [ [ [ -16.85322936, 28.38490574 ], [ -16.85360505, 28.38462268 ], [ -16.8534047, 28.38507211 ], [ -16.85322936, 28.38490574 ] ] ], [ [ [ -16.84755341, 28.38888489 ], [ -16.84748593, 28.38840662 ], [ -16.84766744, 28.38892847 ], [ -16.84755341, 28.38888489 ] ] ], [ [ [ -16.82592022, 28.39260851 ], [ -16.82566426, 28.39244048 ], [ -16.8260105, 28.39245749 ], [ -16.82592022, 28.39260851 ] ] ], [ [ [ -16.69641174, 28.00123984 ], [ -16.69645748, 28.00130336 ], [ -16.69639959, 28.00130768 ], [ -16.69641174, 28.00123984 ] ] ], [ [ [ -16.65629374, 28.00535542 ], [ -16.65651283, 28.00518581 ], [ -16.6565539, 28.00534506 ], [ -16.65629374, 28.00535542 ] ] ], [ [ [ -16.62339534, 28.01794013 ], [ -16.62338832, 28.01767577 ], [ -16.62352833, 28.01785643 ], [ -16.62339534, 28.01794013 ] ] ], [ [ [ -16.62344703, 28.01826714 ], [ -16.62380545, 28.01809323 ], [ -16.62346766, 28.01828675 ], [ -16.62344703, 28.01826714 ] ] ], [ [ [ -16.62229396, 28.01814538 ], [ -16.62239718, 28.01831473 ], [ -16.62223923, 28.01822635 ], [ -16.62229396, 28.01814538 ] ] ], [ [ [ -16.70657016, 28.02203231 ], [ -16.70636038, 28.02201506 ], [ -16.70682955, 28.02197133 ], [ -16.70657016, 28.02203231 ] ] ], [ [ [ -16.5867221, 28.02868626 ], [ -16.58670598, 28.02862688 ], [ -16.58673058, 28.02864014 ], [ -16.5867221, 28.02868626 ] ] ], [ [ [ -16.58225565, 28.02873417 ], [ -16.58218133, 28.02879911 ], [ -16.58219623, 28.02870507 ], [ -16.58225565, 28.02873417 ] ] ], [ [ [ -16.58050316, 28.02922095 ], [ -16.58058495, 28.0291803 ], [ -16.58062066, 28.02918801 ], [ -16.58050316, 28.02922095 ] ] ], [ [ [ -16.53957375, 28.03369757 ], [ -16.53950392, 28.03379402 ], [ -16.53945834, 28.03366456 ], [ -16.53957375, 28.03369757 ] ] ], [ [ [ -16.54005702, 28.03406219 ], [ -16.53993476, 28.03404822 ], [ -16.54001733, 28.03398953 ], [ -16.54005702, 28.03406219 ] ] ], [ [ [ -16.54117768, 28.03532852 ], [ -16.5412805, 28.03554849 ], [ -16.54100408, 28.03549473 ], [ -16.54117768, 28.03532852 ] ] ], [ [ [ -16.49064492, 28.08777565 ], [ -16.49063014, 28.08766299 ], [ -16.49071487, 28.08768192 ], [ -16.49064492, 28.08777565 ] ] ], [ [ [ -16.48943487, 28.08998649 ], [ -16.48944899, 28.09005042 ], [ -16.48937835, 28.0900205 ], [ -16.48943487, 28.08998649 ] ] ], [ [ [ -16.48900529, 28.09019964 ], [ -16.48902758, 28.09026619 ], [ -16.48899691, 28.09025659 ], [ -16.48900529, 28.09019964 ] ] ], [ [ [ -16.48876457, 28.09038186 ], [ -16.48856135, 28.09025771 ], [ -16.48880917, 28.09036874 ], [ -16.48876457, 28.09038186 ] ] ], [ [ [ -16.48760275, 28.09137192 ], [ -16.48758335, 28.09144073 ], [ -16.48754398, 28.09139061 ], [ -16.48760275, 28.09137192 ] ] ], [ [ [ -16.48735137, 28.09151906 ], [ -16.48723907, 28.09142009 ], [ -16.48739637, 28.09146171 ], [ -16.48735137, 28.09151906 ] ] ], [ [ [ -16.48702476, 28.09152531 ], [ -16.48712038, 28.09152156 ], [ -16.48703841, 28.09155585 ], [ -16.48702476, 28.09152531 ] ] ], [ [ [ -16.48701677, 28.09168424 ], [ -16.4869606, 28.09166951 ], [ -16.48700002, 28.09165013 ], [ -16.48701677, 28.09168424 ] ] ], [ [ [ -16.48730335, 28.09165316 ], [ -16.48731095, 28.09168827 ], [ -16.48729049, 28.09168037 ], [ -16.48730335, 28.09165316 ] ] ], [ [ [ -16.48720608, 28.0916849 ], [ -16.4870838, 28.09167359 ], [ -16.48716894, 28.0916483 ], [ -16.48720608, 28.0916849 ] ] ], [ [ [ -16.48655487, 28.09213781 ], [ -16.48661787, 28.0920568 ], [ -16.48666626, 28.09209689 ], [ -16.48655487, 28.09213781 ] ] ], [ [ [ -16.48642615, 28.09247225 ], [ -16.48645427, 28.09237086 ], [ -16.48651688, 28.09240899 ], [ -16.48642615, 28.09247225 ] ] ], [ [ [ -16.47293061, 28.10370384 ], [ -16.47287955, 28.10384068 ], [ -16.47283056, 28.10375636 ], [ -16.47293061, 28.10370384 ] ] ], [ [ [ -16.47216229, 28.10587731 ], [ -16.47217053, 28.10610827 ], [ -16.47203805, 28.10602215 ], [ -16.47216229, 28.10587731 ] ] ], [ [ [ -16.46237414, 28.11320876 ], [ -16.46261478, 28.11338851 ], [ -16.46244921, 28.11341465 ], [ -16.46237414, 28.11320876 ] ] ], [ [ [ -16.46170718, 28.119948 ], [ -16.46161538, 28.11985962 ], [ -16.46176532, 28.11988149 ], [ -16.46170718, 28.119948 ] ] ], [ [ [ -16.46094788, 28.12115919 ], [ -16.46081445, 28.12107848 ], [ -16.46092007, 28.12106021 ], [ -16.46094788, 28.12115919 ] ] ], [ [ [ -16.44586803, 28.13443677 ], [ -16.44569754, 28.13447828 ], [ -16.44581322, 28.13437417 ], [ -16.44586803, 28.13443677 ] ] ], [ [ [ -16.72604714, 28.38023221 ], [ -16.72608858, 28.38001871 ], [ -16.72612845, 28.3802754 ], [ -16.72604714, 28.38023221 ] ] ], [ [ [ -16.7264799, 28.38074293 ], [ -16.72635561, 28.38062899 ], [ -16.72651903, 28.38070183 ], [ -16.7264799, 28.38074293 ] ] ], [ [ [ -16.72439635, 28.38327363 ], [ -16.72433902, 28.38313628 ], [ -16.72437263, 28.38313224 ], [ -16.72439635, 28.38327363 ] ] ], [ [ [ -16.72432993, 28.38333132 ], [ -16.7241696, 28.3833866 ], [ -16.72429158, 28.38329481 ], [ -16.72432993, 28.38333132 ] ] ], [ [ [ -16.72372999, 28.38390385 ], [ -16.7238977, 28.38379975 ], [ -16.7238569, 28.38398978 ], [ -16.72372999, 28.38390385 ] ] ], [ [ [ -16.72370376, 28.38417492 ], [ -16.72358897, 28.3843334 ], [ -16.72349409, 28.38427142 ], [ -16.72370376, 28.38417492 ] ] ], [ [ [ -16.71343205, 28.38475481 ], [ -16.71351731, 28.38523384 ], [ -16.71327661, 28.38486145 ], [ -16.71343205, 28.38475481 ] ] ], [ [ [ -16.71298948, 28.38534517 ], [ -16.71307473, 28.38506253 ], [ -16.71305483, 28.38534795 ], [ -16.71298948, 28.38534517 ] ] ], [ [ [ -16.71935665, 28.38784327 ], [ -16.71952261, 28.38807221 ], [ -16.7192618, 28.38790945 ], [ -16.71935665, 28.38784327 ] ] ], [ [ [ -16.63820955, 28.39565873 ], [ -16.63826338, 28.39550918 ], [ -16.63833143, 28.39562027 ], [ -16.63820955, 28.39565873 ] ] ], [ [ [ -16.61639443, 28.39598975 ], [ -16.61610295, 28.39608436 ], [ -16.61621701, 28.39579872 ], [ -16.61639443, 28.39598975 ] ] ], [ [ [ -16.69409863, 28.39619161 ], [ -16.69421193, 28.39612883 ], [ -16.69417688, 28.39623485 ], [ -16.69409863, 28.39619161 ] ] ], [ [ [ -16.69383744, 28.39632481 ], [ -16.69361659, 28.39629958 ], [ -16.69363468, 28.39615315 ], [ -16.69383744, 28.39632481 ] ] ], [ [ [ -16.63417602, 28.39637863 ], [ -16.63430254, 28.3963762 ], [ -16.63434339, 28.39651109 ], [ -16.63417602, 28.39637863 ] ] ], [ [ [ -16.63164091, 28.39651461 ], [ -16.63161895, 28.39634701 ], [ -16.63168733, 28.39634709 ], [ -16.63164091, 28.39651461 ] ] ], [ [ [ -16.69515445, 28.39661075 ], [ -16.69520347, 28.39635655 ], [ -16.69545729, 28.39640122 ], [ -16.69515445, 28.39661075 ] ] ], [ [ [ -16.64887091, 28.39653905 ], [ -16.64922159, 28.39657903 ], [ -16.64920527, 28.39677687 ], [ -16.64887091, 28.39653905 ] ] ], [ [ [ -16.64837469, 28.39652521 ], [ -16.64872275, 28.39712114 ], [ -16.64816318, 28.39683912 ], [ -16.64837469, 28.39652521 ] ] ], [ [ [ -16.63236815, 28.3970185 ], [ -16.6322219, 28.39686503 ], [ -16.63228716, 28.39686154 ], [ -16.63236815, 28.3970185 ] ] ], [ [ [ -16.62194516, 28.39711143 ], [ -16.6218225, 28.39696488 ], [ -16.6219345, 28.3969473 ], [ -16.62194516, 28.39711143 ] ] ], [ [ [ -16.67776097, 28.39850559 ], [ -16.67768315, 28.39835945 ], [ -16.67772529, 28.39831381 ], [ -16.67776097, 28.39850559 ] ] ], [ [ [ -16.59165356, 28.39868171 ], [ -16.59180313, 28.39878735 ], [ -16.59181466, 28.39908053 ], [ -16.59165356, 28.39868171 ] ] ], [ [ [ -16.59430222, 28.39978154 ], [ -16.59452361, 28.39984393 ], [ -16.59446381, 28.40000798 ], [ -16.59430222, 28.39978154 ] ] ], [ [ [ -16.59495979, 28.40014115 ], [ -16.5951631, 28.40042757 ], [ -16.59486494, 28.40014588 ], [ -16.59495979, 28.40014115 ] ] ], [ [ [ -16.5961659, 28.4007353 ], [ -16.59578659, 28.4007596 ], [ -16.59584302, 28.40050714 ], [ -16.5961659, 28.4007353 ] ] ], [ [ [ -16.58009335, 28.40373216 ], [ -16.58022977, 28.40370891 ], [ -16.58016537, 28.40377103 ], [ -16.58009335, 28.40373216 ] ] ], [ [ [ -16.57313585, 28.40417821 ], [ -16.57325585, 28.40435552 ], [ -16.57322651, 28.404373 ], [ -16.57313585, 28.40417821 ] ] ], [ [ [ -16.57449585, 28.40448468 ], [ -16.57484266, 28.40433176 ], [ -16.57467318, 28.40460447 ], [ -16.57449585, 28.40448468 ] ] ], [ [ [ -16.57363397, 28.40466341 ], [ -16.57376656, 28.40424222 ], [ -16.57395795, 28.4043465 ], [ -16.57363397, 28.40466341 ] ] ], [ [ [ -16.57773763, 28.405041 ], [ -16.57767858, 28.4051202 ], [ -16.57763812, 28.40507645 ], [ -16.57773763, 28.405041 ] ] ], [ [ [ -16.57607667, 28.40571093 ], [ -16.57617359, 28.40591467 ], [ -16.57611012, 28.40597046 ], [ -16.57607667, 28.40571093 ] ] ], [ [ [ -16.57211488, 28.40602476 ], [ -16.57208268, 28.40591773 ], [ -16.57216492, 28.4059574 ], [ -16.57211488, 28.40602476 ] ] ], [ [ [ -16.56676817, 28.41197061 ], [ -16.56652297, 28.4118173 ], [ -16.56677299, 28.41188211 ], [ -16.56676817, 28.41197061 ] ] ], [ [ [ -16.56128666, 28.41273481 ], [ -16.56101784, 28.41270991 ], [ -16.56102726, 28.41265656 ], [ -16.56128666, 28.41273481 ] ] ], [ [ [ -16.53154162, 28.41786037 ], [ -16.53150276, 28.417785 ], [ -16.53153911, 28.41775752 ], [ -16.53154162, 28.41786037 ] ] ], [ [ [ -16.52860058, 28.41778693 ], [ -16.5285956, 28.4179377 ], [ -16.52846819, 28.41773788 ], [ -16.52860058, 28.41778693 ] ] ], [ [ [ -16.53117168, 28.41783295 ], [ -16.53125574, 28.41799896 ], [ -16.53116873, 28.4179828 ], [ -16.53117168, 28.41783295 ] ] ], [ [ [ -16.52106567, 28.41805904 ], [ -16.52095191, 28.41788523 ], [ -16.52098964, 28.4178108 ], [ -16.52106567, 28.41805904 ] ] ], [ [ [ -16.52969749, 28.41810854 ], [ -16.52980063, 28.41811099 ], [ -16.52977636, 28.4181979 ], [ -16.52969749, 28.41810854 ] ] ], [ [ [ -16.52773344, 28.41825243 ], [ -16.52777676, 28.41821223 ], [ -16.52780378, 28.41831662 ], [ -16.52773344, 28.41825243 ] ] ], [ [ [ -16.5219802, 28.41833582 ], [ -16.52195261, 28.41840471 ], [ -16.52192098, 28.41833467 ], [ -16.5219802, 28.41833582 ] ] ], [ [ [ -16.52208202, 28.41853142 ], [ -16.52207952, 28.41857026 ], [ -16.52200162, 28.41854857 ], [ -16.52208202, 28.41853142 ] ] ], [ [ [ -16.52195205, 28.4186511 ], [ -16.52238513, 28.41874012 ], [ -16.52223985, 28.41878867 ], [ -16.52195205, 28.4186511 ] ] ], [ [ [ -16.51389722, 28.41926707 ], [ -16.51396723, 28.4194522 ], [ -16.51394169, 28.41952288 ], [ -16.51389722, 28.41926707 ] ] ], [ [ [ -16.51485119, 28.41994777 ], [ -16.51491493, 28.42005085 ], [ -16.51483591, 28.42002195 ], [ -16.51485119, 28.41994777 ] ] ], [ [ [ -16.51881867, 28.42040897 ], [ -16.51893647, 28.42050873 ], [ -16.51891267, 28.42062903 ], [ -16.51881867, 28.42040897 ] ] ], [ [ [ -16.48723625, 28.43960106 ], [ -16.48730653, 28.44046489 ], [ -16.48648109, 28.43941166 ], [ -16.48723625, 28.43960106 ] ] ], [ [ [ -16.49517383, 28.44112414 ], [ -16.49537297, 28.44148927 ], [ -16.49511308, 28.44137841 ], [ -16.49517383, 28.44112414 ] ] ], [ [ [ -16.47538801, 28.44283826 ], [ -16.47551819, 28.44280075 ], [ -16.47558103, 28.44298779 ], [ -16.47538801, 28.44283826 ] ] ], [ [ [ -16.47510953, 28.4440353 ], [ -16.47525941, 28.44424035 ], [ -16.47504197, 28.4440965 ], [ -16.47510953, 28.4440353 ] ] ], [ [ [ -16.471539, 28.45054223 ], [ -16.47139622, 28.4504815 ], [ -16.4715842, 28.45048759 ], [ -16.471539, 28.45054223 ] ] ], [ [ [ -16.45910686, 28.46031582 ], [ -16.4589142, 28.46049027 ], [ -16.45903899, 28.46028135 ], [ -16.45910686, 28.46031582 ] ] ], [ [ [ -16.45649914, 28.46214428 ], [ -16.45644058, 28.46226765 ], [ -16.45632367, 28.46215789 ], [ -16.45649914, 28.46214428 ] ] ], [ [ [ -16.44782746, 28.47547306 ], [ -16.44760374, 28.47562075 ], [ -16.44768202, 28.47529411 ], [ -16.44782746, 28.47547306 ] ] ], [ [ [ -16.45174168, 28.47698274 ], [ -16.45166269, 28.47695741 ], [ -16.45179439, 28.4769533 ], [ -16.45174168, 28.47698274 ] ] ], [ [ [ -16.45172208, 28.47711833 ], [ -16.4516971, 28.47723321 ], [ -16.451648, 28.4770785 ], [ -16.45172208, 28.47711833 ] ] ], [ [ [ -16.45161103, 28.47743719 ], [ -16.45155221, 28.47701996 ], [ -16.45166499, 28.47742489 ], [ -16.45161103, 28.47743719 ] ] ], [ [ [ -16.44483419, 28.47925934 ], [ -16.44491277, 28.47917909 ], [ -16.44491026, 28.47929463 ], [ -16.44483419, 28.47925934 ] ] ], [ [ [ -16.4446025, 28.47949736 ], [ -16.44467693, 28.47941263 ], [ -16.44483216, 28.4795599 ], [ -16.4446025, 28.47949736 ] ] ], [ [ [ -16.44563622, 28.47979864 ], [ -16.44502048, 28.47943786 ], [ -16.44502815, 28.47932587 ], [ -16.44563622, 28.47979864 ] ] ], [ [ [ -16.43214997, 28.14258647 ], [ -16.43196837, 28.14248277 ], [ -16.43216142, 28.14252858 ], [ -16.43214997, 28.14258647 ] ] ], [ [ [ -16.42946955, 28.14393309 ], [ -16.4295724, 28.14408635 ], [ -16.42940098, 28.14406016 ], [ -16.42946955, 28.14393309 ] ] ], [ [ [ -16.4281564, 28.15240281 ], [ -16.42831672, 28.15258977 ], [ -16.42810677, 28.1524999 ], [ -16.4281564, 28.15240281 ] ] ], [ [ [ -16.42794942, 28.15276689 ], [ -16.42784049, 28.15261549 ], [ -16.42802255, 28.15267587 ], [ -16.42794942, 28.15276689 ] ] ], [ [ [ -16.42832653, 28.15302199 ], [ -16.42822319, 28.15290844 ], [ -16.42838764, 28.15294554 ], [ -16.42832653, 28.15302199 ] ] ], [ [ [ -16.42822321, 28.1531395 ], [ -16.42813685, 28.15323155 ], [ -16.42811794, 28.15318753 ], [ -16.42822321, 28.1531395 ] ] ], [ [ [ -16.42928299, 28.15411403 ], [ -16.42938542, 28.15408227 ], [ -16.42936705, 28.15415557 ], [ -16.42928299, 28.15411403 ] ] ], [ [ [ -16.43201079, 28.15998101 ], [ -16.43196143, 28.16009795 ], [ -16.43188336, 28.16004732 ], [ -16.43201079, 28.15998101 ] ] ], [ [ [ -16.41344832, 28.21811855 ], [ -16.41328743, 28.21750739 ], [ -16.41370777, 28.21770251 ], [ -16.41344832, 28.21811855 ] ] ], [ [ [ -16.41420633, 28.21880749 ], [ -16.41425772, 28.21884125 ], [ -16.41418151, 28.21885738 ], [ -16.41420633, 28.21880749 ] ] ], [ [ [ -16.40850711, 28.22942521 ], [ -16.40851522, 28.22957766 ], [ -16.40846982, 28.22945718 ], [ -16.40850711, 28.22942521 ] ] ], [ [ [ -16.40744928, 28.23268347 ], [ -16.40736098, 28.23278817 ], [ -16.40740313, 28.23266138 ], [ -16.40744928, 28.23268347 ] ] ], [ [ [ -16.40200966, 28.24275854 ], [ -16.40190324, 28.24280386 ], [ -16.40187931, 28.24268857 ], [ -16.40200966, 28.24275854 ] ] ], [ [ [ -16.3959234, 28.25225245 ], [ -16.39604191, 28.25211676 ], [ -16.39608736, 28.25216323 ], [ -16.3959234, 28.25225245 ] ] ], [ [ [ -16.37781251, 28.28866998 ], [ -16.37770488, 28.28862593 ], [ -16.37811526, 28.28826799 ], [ -16.37781251, 28.28866998 ] ] ], [ [ [ -16.37724816, 28.28958183 ], [ -16.37671118, 28.29048257 ], [ -16.37653187, 28.2904934 ], [ -16.37724816, 28.28958183 ] ] ], [ [ [ -16.37611591, 28.29113208 ], [ -16.37527268, 28.29208555 ], [ -16.37607252, 28.2910883 ], [ -16.37611591, 28.29113208 ] ] ], [ [ [ -16.42940194, 28.49182297 ], [ -16.42950518, 28.49167567 ], [ -16.42950946, 28.49184169 ], [ -16.42940194, 28.49182297 ] ] ], [ [ [ -16.42722676, 28.49430878 ], [ -16.42740983, 28.49424819 ], [ -16.42751709, 28.49439959 ], [ -16.42722676, 28.49430878 ] ] ], [ [ [ -16.4265937, 28.4965356 ], [ -16.42665143, 28.4965738 ], [ -16.42660743, 28.49656885 ], [ -16.4265937, 28.4965356 ] ] ], [ [ [ -16.42612789, 28.49661449 ], [ -16.42596147, 28.49662256 ], [ -16.42595273, 28.49658023 ], [ -16.42612789, 28.49661449 ] ] ], [ [ [ -16.42730037, 28.49681789 ], [ -16.42723518, 28.49683211 ], [ -16.42725306, 28.49679492 ], [ -16.42730037, 28.49681789 ] ] ], [ [ [ -16.42675678, 28.49810245 ], [ -16.42683758, 28.49803301 ], [ -16.42687959, 28.49811831 ], [ -16.42675678, 28.49810245 ] ] ], [ [ [ -16.42687711, 28.49899738 ], [ -16.42676102, 28.49894896 ], [ -16.42689849, 28.49891593 ], [ -16.42687711, 28.49899738 ] ] ], [ [ [ -16.42731783, 28.49917867 ], [ -16.42708743, 28.49921448 ], [ -16.42713793, 28.49909572 ], [ -16.42731783, 28.49917867 ] ] ], [ [ [ -16.42892862, 28.5003675 ], [ -16.42924804, 28.50018905 ], [ -16.42938864, 28.50031212 ], [ -16.42892862, 28.5003675 ] ] ], [ [ [ -16.42641555, 28.50045617 ], [ -16.42646666, 28.50023091 ], [ -16.42663268, 28.50034469 ], [ -16.42641555, 28.50045617 ] ] ], [ [ [ -16.4268584, 28.50064376 ], [ -16.42693543, 28.50059782 ], [ -16.42694649, 28.50066088 ], [ -16.4268584, 28.50064376 ] ] ], [ [ [ -16.4251855, 28.50441034 ], [ -16.42550587, 28.50407395 ], [ -16.42557122, 28.50414727 ], [ -16.4251855, 28.50441034 ] ] ], [ [ [ -16.42361636, 28.50571647 ], [ -16.42382138, 28.50591919 ], [ -16.42358288, 28.50573397 ], [ -16.42361636, 28.50571647 ] ] ], [ [ [ -16.4237228, 28.50611066 ], [ -16.42362011, 28.50614783 ], [ -16.42362483, 28.5061189 ], [ -16.4237228, 28.50611066 ] ] ], [ [ [ -16.42383361, 28.50743889 ], [ -16.42407985, 28.50759154 ], [ -16.42374914, 28.50746324 ], [ -16.42383361, 28.50743889 ] ] ], [ [ [ -16.42349491, 28.50770507 ], [ -16.42371797, 28.50780562 ], [ -16.42369928, 28.50793488 ], [ -16.42349491, 28.50770507 ] ] ], [ [ [ -16.42282044, 28.50952167 ], [ -16.42285295, 28.51004117 ], [ -16.42239322, 28.5095117 ], [ -16.42282044, 28.50952167 ] ] ], [ [ [ -16.42151931, 28.51177351 ], [ -16.42141355, 28.51158238 ], [ -16.42170558, 28.51172012 ], [ -16.42151931, 28.51177351 ] ] ], [ [ [ -16.42211997, 28.5161805 ], [ -16.42205209, 28.5160711 ], [ -16.42222807, 28.51616493 ], [ -16.42211997, 28.5161805 ] ] ], [ [ [ -16.42189704, 28.51631911 ], [ -16.42196561, 28.51625161 ], [ -16.4219822, 28.51634529 ], [ -16.42189704, 28.51631911 ] ] ], [ [ [ -16.42169648, 28.51660279 ], [ -16.42175365, 28.51652277 ], [ -16.4217894, 28.51659821 ], [ -16.42169648, 28.51660279 ] ] ], [ [ [ -16.42216064, 28.51730731 ], [ -16.42210775, 28.51755424 ], [ -16.42199018, 28.51739754 ], [ -16.42216064, 28.51730731 ] ] ], [ [ [ -16.42131864, 28.51806701 ], [ -16.4215157, 28.51782758 ], [ -16.42150064, 28.51800012 ], [ -16.42131864, 28.51806701 ] ] ], [ [ [ -16.42202832, 28.51787908 ], [ -16.42201052, 28.51815182 ], [ -16.42190571, 28.51810779 ], [ -16.42202832, 28.51787908 ] ] ], [ [ [ -16.42029751, 28.51880511 ], [ -16.42029569, 28.5189739 ], [ -16.42016719, 28.51891658 ], [ -16.42029751, 28.51880511 ] ] ], [ [ [ -16.41911162, 28.51937255 ], [ -16.41900434, 28.51922114 ], [ -16.41916541, 28.51934491 ], [ -16.41911162, 28.51937255 ] ] ], [ [ [ -16.41867083, 28.51964971 ], [ -16.41885871, 28.52002048 ], [ -16.41847624, 28.51969235 ], [ -16.41867083, 28.51964971 ] ] ], [ [ [ -16.39852407, 28.53410659 ], [ -16.39859127, 28.53401023 ], [ -16.39865189, 28.5341125 ], [ -16.39852407, 28.53410659 ] ] ], [ [ [ -16.38787144, 28.54420219 ], [ -16.38769507, 28.54400274 ], [ -16.38784118, 28.54399854 ], [ -16.38787144, 28.54420219 ] ] ], [ [ [ -16.38466317, 28.54561129 ], [ -16.3845937, 28.54545767 ], [ -16.38472894, 28.54556007 ], [ -16.38466317, 28.54561129 ] ] ], [ [ [ -16.38443986, 28.54619839 ], [ -16.38429495, 28.5461376 ], [ -16.38433302, 28.54607945 ], [ -16.38443986, 28.54619839 ] ] ], [ [ [ -16.3680527, 28.54676614 ], [ -16.36801699, 28.54669159 ], [ -16.36810845, 28.54665095 ], [ -16.3680527, 28.54676614 ] ] ], [ [ [ -16.38070711, 28.54690066 ], [ -16.38077197, 28.54685758 ], [ -16.38078113, 28.5469333 ], [ -16.38070711, 28.54690066 ] ] ], [ [ [ -16.37238278, 28.54695709 ], [ -16.37234404, 28.5469647 ], [ -16.37236018, 28.54686977 ], [ -16.37238278, 28.54695709 ] ] ], [ [ [ -16.38331588, 28.54739666 ], [ -16.38337028, 28.54725802 ], [ -16.38342812, 28.54730436 ], [ -16.38331588, 28.54739666 ] ] ], [ [ [ -16.37168521, 28.54747135 ], [ -16.37159191, 28.54744883 ], [ -16.3717286, 28.54734907 ], [ -16.37168521, 28.54747135 ] ] ], [ [ [ -16.37032231, 28.54767554 ], [ -16.37027794, 28.54756408 ], [ -16.37037053, 28.54761008 ], [ -16.37032231, 28.54767554 ] ] ], [ [ [ -16.37521827, 28.547756 ], [ -16.37512903, 28.54773163 ], [ -16.37515862, 28.5476492 ], [ -16.37521827, 28.547756 ] ] ], [ [ [ -16.36447426, 28.54787253 ], [ -16.36452803, 28.54760395 ], [ -16.36460594, 28.54785948 ], [ -16.36447426, 28.54787253 ] ] ], [ [ [ -16.3788489, 28.54791863 ], [ -16.37878118, 28.54789856 ], [ -16.37886225, 28.54784539 ], [ -16.3788489, 28.54791863 ] ] ], [ [ [ -16.37739369, 28.54801914 ], [ -16.3774926, 28.54807951 ], [ -16.37747057, 28.54811493 ], [ -16.37739369, 28.54801914 ] ] ], [ [ [ -16.36367506, 28.54811883 ], [ -16.36363197, 28.5480263 ], [ -16.36368543, 28.54805104 ], [ -16.36367506, 28.54811883 ] ] ], [ [ [ -16.37727372, 28.54814671 ], [ -16.3773586, 28.54807184 ], [ -16.3773555, 28.54814768 ], [ -16.37727372, 28.54814671 ] ] ], [ [ [ -16.37138215, 28.54814137 ], [ -16.37150269, 28.54813564 ], [ -16.37141954, 28.54818702 ], [ -16.37138215, 28.54814137 ] ] ], [ [ [ -16.35853974, 28.54882103 ], [ -16.35848736, 28.54872228 ], [ -16.35852529, 28.54873093 ], [ -16.35853974, 28.54882103 ] ] ], [ [ [ -16.36132883, 28.54879761 ], [ -16.36130392, 28.54900724 ], [ -16.36123893, 28.54896096 ], [ -16.36132883, 28.54879761 ] ] ], [ [ [ -16.35854619, 28.54892566 ], [ -16.3585954, 28.54885748 ], [ -16.35858386, 28.54899388 ], [ -16.35854619, 28.54892566 ] ] ], [ [ [ -16.36202129, 28.54923199 ], [ -16.36170157, 28.54924874 ], [ -16.36174356, 28.54901637 ], [ -16.36202129, 28.54923199 ] ] ], [ [ [ -16.35856353, 28.54932079 ], [ -16.35876514, 28.54926101 ], [ -16.35857345, 28.54937755 ], [ -16.35856353, 28.54932079 ] ] ], [ [ [ -16.35722927, 28.55000922 ], [ -16.35742044, 28.5499315 ], [ -16.35736016, 28.55001333 ], [ -16.35722927, 28.55000922 ] ] ], [ [ [ -16.35339611, 28.55319638 ], [ -16.3533318, 28.55328276 ], [ -16.35331644, 28.55312136 ], [ -16.35339611, 28.55319638 ] ] ], [ [ [ -16.34844832, 28.55412197 ], [ -16.34824015, 28.55423053 ], [ -16.34812767, 28.55422714 ], [ -16.34844832, 28.55412197 ] ] ], [ [ [ -16.34765118, 28.55429595 ], [ -16.34772262, 28.55420679 ], [ -16.34770922, 28.55427823 ], [ -16.34765118, 28.55429595 ] ] ], [ [ [ -16.34693942, 28.55475247 ], [ -16.34678937, 28.55492995 ], [ -16.34691155, 28.55465076 ], [ -16.34693942, 28.55475247 ] ] ], [ [ [ -16.3465559, 28.55505772 ], [ -16.3465369, 28.55493065 ], [ -16.34658966, 28.55497976 ], [ -16.3465559, 28.55505772 ] ] ], [ [ [ -16.33242856, 28.56491098 ], [ -16.33247175, 28.56485009 ], [ -16.33250631, 28.56491563 ], [ -16.33242856, 28.56491098 ] ] ], [ [ [ -16.33200121, 28.56531499 ], [ -16.33193602, 28.56525246 ], [ -16.33201811, 28.56527692 ], [ -16.33200121, 28.56531499 ] ] ], [ [ [ -16.33356551, 28.56913986 ], [ -16.33346115, 28.56905243 ], [ -16.33361484, 28.5690798 ], [ -16.33356551, 28.56913986 ] ] ], [ [ [ -16.33383441, 28.57051987 ], [ -16.33396348, 28.57070272 ], [ -16.33365202, 28.57064983 ], [ -16.33383441, 28.57051987 ] ] ], [ [ [ -16.33397451, 28.57092824 ], [ -16.33406276, 28.57087322 ], [ -16.33405903, 28.57090214 ], [ -16.33397451, 28.57092824 ] ] ], [ [ [ -16.3333186, 28.5713688 ], [ -16.33327802, 28.57131234 ], [ -16.33338297, 28.57128423 ], [ -16.3333186, 28.5713688 ] ] ], [ [ [ -16.31626467, 28.57169596 ], [ -16.31613693, 28.57186417 ], [ -16.31607463, 28.57178715 ], [ -16.31626467, 28.57169596 ] ] ], [ [ [ -16.31083601, 28.57194978 ], [ -16.31065315, 28.57196147 ], [ -16.31065777, 28.57192172 ], [ -16.31083601, 28.57194978 ] ] ], [ [ [ -16.33248528, 28.57233366 ], [ -16.33250296, 28.57252031 ], [ -16.33241025, 28.57254559 ], [ -16.33248528, 28.57233366 ] ] ], [ [ [ -16.3329037, 28.57243695 ], [ -16.33301952, 28.57246018 ], [ -16.33289207, 28.5724876 ], [ -16.3329037, 28.57243695 ] ] ], [ [ [ -16.31597951, 28.57268789 ], [ -16.3162104, 28.57275695 ], [ -16.31600807, 28.57276433 ], [ -16.31597951, 28.57268789 ] ] ], [ [ [ -16.30975277, 28.57297739 ], [ -16.30993206, 28.57292511 ], [ -16.30994117, 28.57300084 ], [ -16.30975277, 28.57297739 ] ] ], [ [ [ -16.31617064, 28.57325824 ], [ -16.31621649, 28.57283541 ], [ -16.31642797, 28.57298769 ], [ -16.31617064, 28.57325824 ] ] ], [ [ [ -16.30896187, 28.57325939 ], [ -16.30891211, 28.57336907 ], [ -16.30890136, 28.57324372 ], [ -16.30896187, 28.57325939 ] ] ], [ [ [ -16.30851497, 28.57382777 ], [ -16.30858004, 28.57396343 ], [ -16.30847079, 28.57397531 ], [ -16.30851497, 28.57382777 ] ] ], [ [ [ -16.31616245, 28.57407871 ], [ -16.31603068, 28.57408811 ], [ -16.31599136, 28.57405059 ], [ -16.31616245, 28.57407871 ] ] ], [ [ [ -16.3310612, 28.57420773 ], [ -16.33099311, 28.57432122 ], [ -16.33105055, 28.57417354 ], [ -16.3310612, 28.57420773 ] ] ], [ [ [ -16.33215249, 28.57432157 ], [ -16.33196148, 28.5744164 ], [ -16.33213011, 28.57424869 ], [ -16.33215249, 28.57432157 ] ] ], [ [ [ -16.31624508, 28.57447502 ], [ -16.31639415, 28.57454126 ], [ -16.31625729, 28.57463465 ], [ -16.31624508, 28.57447502 ] ] ], [ [ [ -16.31702016, 28.57448375 ], [ -16.31708324, 28.57462302 ], [ -16.31696362, 28.57454115 ], [ -16.31702016, 28.57448375 ] ] ], [ [ [ -16.31665737, 28.57474268 ], [ -16.3167172, 28.57494968 ], [ -16.3165674, 28.57490691 ], [ -16.31665737, 28.57474268 ] ] ], [ [ [ -16.33022249, 28.57653544 ], [ -16.3302297, 28.57637742 ], [ -16.33029569, 28.5764219 ], [ -16.33022249, 28.57653544 ] ] ], [ [ [ -16.3296475, 28.57666652 ], [ -16.32959685, 28.5766228 ], [ -16.32979033, 28.57664256 ], [ -16.3296475, 28.57666652 ] ] ], [ [ [ -16.31782984, 28.57710403 ], [ -16.31784295, 28.57692611 ], [ -16.31791783, 28.57710949 ], [ -16.31782984, 28.57710403 ] ] ], [ [ [ -16.32596786, 28.57797058 ], [ -16.32602004, 28.57805491 ], [ -16.32595457, 28.57805284 ], [ -16.32596786, 28.57797058 ] ] ], [ [ [ -16.22258212, 28.56580246 ], [ -16.22260731, 28.56577064 ], [ -16.22261784, 28.56579762 ], [ -16.22258212, 28.56580246 ] ] ], [ [ [ -16.22428625, 28.56579522 ], [ -16.2242543, 28.56586139 ], [ -16.22426777, 28.56578907 ], [ -16.22428625, 28.56579522 ] ] ], [ [ [ -16.22479712, 28.5658583 ], [ -16.22476706, 28.56582247 ], [ -16.22481831, 28.56583464 ], [ -16.22479712, 28.5658583 ] ] ], [ [ [ -16.22441253, 28.56592946 ], [ -16.22435974, 28.56587398 ], [ -16.22444162, 28.56588136 ], [ -16.22441253, 28.56592946 ] ] ], [ [ [ -16.22832568, 28.56607912 ], [ -16.22836472, 28.56609591 ], [ -16.22829508, 28.56608571 ], [ -16.22832568, 28.56607912 ] ] ], [ [ [ -16.228487, 28.56614986 ], [ -16.22853054, 28.56611337 ], [ -16.22854513, 28.5661376 ], [ -16.228487, 28.56614986 ] ] ], [ [ [ -16.22660376, 28.56613982 ], [ -16.22648918, 28.56613273 ], [ -16.22648687, 28.56611019 ], [ -16.22660376, 28.56613982 ] ] ], [ [ [ -16.22883955, 28.56613674 ], [ -16.22892907, 28.56618647 ], [ -16.22880509, 28.56616233 ], [ -16.22883955, 28.56613674 ] ] ], [ [ [ -16.22463142, 28.56620457 ], [ -16.22458705, 28.56616887 ], [ -16.22463359, 28.56612693 ], [ -16.22463142, 28.56620457 ] ] ], [ [ [ -16.22770598, 28.56632932 ], [ -16.22767995, 28.56628803 ], [ -16.22773341, 28.56631372 ], [ -16.22770598, 28.56632932 ] ] ], [ [ [ -16.22935973, 28.56629629 ], [ -16.22929456, 28.56631854 ], [ -16.22929239, 28.56630773 ], [ -16.22935973, 28.56629629 ] ] ], [ [ [ -16.22721523, 28.56641408 ], [ -16.22718909, 28.56627623 ], [ -16.22725172, 28.56629913 ], [ -16.22721523, 28.56641408 ] ] ], [ [ [ -16.22909386, 28.56637903 ], [ -16.22912692, 28.56632097 ], [ -16.22914394, 28.56637767 ], [ -16.22909386, 28.56637903 ] ] ], [ [ [ -16.22730457, 28.56636002 ], [ -16.22728687, 28.56642065 ], [ -16.22727007, 28.5663829 ], [ -16.22730457, 28.56636002 ] ] ], [ [ [ -16.22755154, 28.56641104 ], [ -16.22761436, 28.56645018 ], [ -16.22753843, 28.5664265 ], [ -16.22755154, 28.56641104 ] ] ], [ [ [ -16.23070004, 28.56647548 ], [ -16.23054689, 28.56649312 ], [ -16.2305455, 28.56646154 ], [ -16.23070004, 28.56647548 ] ] ], [ [ [ -16.22757615, 28.56659403 ], [ -16.22757153, 28.56654804 ], [ -16.22760376, 28.56659468 ], [ -16.22757615, 28.56659403 ] ] ], [ [ [ -16.22724359, 28.56656726 ], [ -16.22719081, 28.56660022 ], [ -16.22718018, 28.56656512 ], [ -16.22724359, 28.56656726 ] ] ], [ [ [ -16.2217731, 28.56656788 ], [ -16.22181449, 28.56661083 ], [ -16.22175711, 28.56659961 ], [ -16.2217731, 28.56656788 ] ] ], [ [ [ -16.23103282, 28.56660875 ], [ -16.2310077, 28.56664598 ], [ -16.23099917, 28.56661627 ], [ -16.23103282, 28.56660875 ] ] ], [ [ [ -16.23082263, 28.56664405 ], [ -16.23076686, 28.56668336 ], [ -16.23077054, 28.56664813 ], [ -16.23082263, 28.56664405 ] ] ], [ [ [ -16.2309949, 28.56677606 ], [ -16.23091338, 28.56671092 ], [ -16.23100853, 28.56671727 ], [ -16.2309949, 28.56677606 ] ] ], [ [ [ -16.23183348, 28.56671159 ], [ -16.23186091, 28.56678445 ], [ -16.2318426, 28.56679184 ], [ -16.23183348, 28.56671159 ] ] ], [ [ [ -16.22374128, 28.56676134 ], [ -16.22368622, 28.56677357 ], [ -16.22372365, 28.56673984 ], [ -16.22374128, 28.56676134 ] ] ], [ [ [ -16.23353879, 28.56689195 ], [ -16.23355463, 28.56684758 ], [ -16.23358777, 28.56688429 ], [ -16.23353879, 28.56689195 ] ] ], [ [ [ -16.22171371, 28.56691409 ], [ -16.22165716, 28.56688572 ], [ -16.22168777, 28.56688093 ], [ -16.22171371, 28.56691409 ] ] ], [ [ [ -16.23381371, 28.56697249 ], [ -16.23380496, 28.56701047 ], [ -16.23378614, 28.56697454 ], [ -16.23381371, 28.56697249 ] ] ], [ [ [ -16.23286042, 28.56701906 ], [ -16.23275435, 28.56704078 ], [ -16.23275113, 28.56702727 ], [ -16.23286042, 28.56701906 ] ] ], [ [ [ -16.23255928, 28.5670579 ], [ -16.23258757, 28.56702876 ], [ -16.23261435, 28.56704566 ], [ -16.23255928, 28.5670579 ] ] ], [ [ [ -16.23307766, 28.56706221 ], [ -16.23306167, 28.56709395 ], [ -16.23301646, 28.5670745 ], [ -16.23307766, 28.56706221 ] ] ], [ [ [ -16.22113196, 28.5670872 ], [ -16.22121778, 28.56708191 ], [ -16.22113128, 28.56711699 ], [ -16.22113196, 28.5670872 ] ] ], [ [ [ -16.23242781, 28.56709248 ], [ -16.23236056, 28.56711205 ], [ -16.23234897, 28.56708237 ], [ -16.23242781, 28.56709248 ] ] ], [ [ [ -16.23118941, 28.56715066 ], [ -16.23119375, 28.56708383 ], [ -16.23126206, 28.56715541 ], [ -16.23118941, 28.56715066 ] ] ], [ [ [ -16.23058285, 28.56712277 ], [ -16.23051499, 28.56717753 ], [ -16.23050959, 28.56715321 ], [ -16.23058285, 28.56712277 ] ] ], [ [ [ -16.21972309, 28.56725691 ], [ -16.2197452, 28.56722332 ], [ -16.21975279, 28.56726116 ], [ -16.21972309, 28.56725691 ] ] ], [ [ [ -16.22075984, 28.56726564 ], [ -16.22069645, 28.56726441 ], [ -16.22079347, 28.56725631 ], [ -16.22075984, 28.56726564 ] ] ], [ [ [ -16.21966886, 28.56734134 ], [ -16.21966122, 28.56729899 ], [ -16.21969412, 28.56731584 ], [ -16.21966886, 28.56734134 ] ] ], [ [ [ -16.22168206, 28.56736023 ], [ -16.22167137, 28.56731971 ], [ -16.2217279, 28.56734538 ], [ -16.22168206, 28.56736023 ] ] ], [ [ [ -16.21922322, 28.5674383 ], [ -16.21920649, 28.56740596 ], [ -16.21923, 28.56740575 ], [ -16.21922322, 28.5674383 ] ] ], [ [ [ -16.21874251, 28.56759786 ], [ -16.21871251, 28.56756744 ], [ -16.21875156, 28.56758514 ], [ -16.21874251, 28.56759786 ] ] ], [ [ [ -16.21844341, 28.56763665 ], [ -16.21843885, 28.56759607 ], [ -16.21847477, 28.56760748 ], [ -16.21844341, 28.56763665 ] ] ], [ [ [ -16.21849198, 28.56794759 ], [ -16.21842929, 28.56791927 ], [ -16.21848653, 28.56791875 ], [ -16.21849198, 28.56794759 ] ] ], [ [ [ -16.21745748, 28.56795778 ], [ -16.21746591, 28.56797936 ], [ -16.21743526, 28.56798144 ], [ -16.21745748, 28.56795778 ] ] ], [ [ [ -16.21549255, 28.56795914 ], [ -16.21554302, 28.56799209 ], [ -16.21547336, 28.56798007 ], [ -16.21549255, 28.56795914 ] ] ], [ [ [ -16.21379974, 28.56806545 ], [ -16.21375534, 28.56802704 ], [ -16.21381354, 28.56802111 ], [ -16.21379974, 28.56806545 ] ] ], [ [ [ -16.21640547, 28.56804573 ], [ -16.2163412, 28.56805714 ], [ -16.21632967, 28.56803287 ], [ -16.21640547, 28.56804573 ] ] ], [ [ [ -16.21741474, 28.56806376 ], [ -16.21745828, 28.56802726 ], [ -16.21746975, 28.56804702 ], [ -16.21741474, 28.56806376 ] ] ], [ [ [ -16.21713801, 28.56809241 ], [ -16.2170892, 28.56811541 ], [ -16.2170715, 28.56808759 ], [ -16.21713801, 28.56809241 ] ] ], [ [ [ -16.2132272, 28.56824206 ], [ -16.21329306, 28.56819002 ], [ -16.21329838, 28.56829738 ], [ -16.2132272, 28.56824206 ] ] ], [ [ [ -16.21261707, 28.56826015 ], [ -16.2125422, 28.56823915 ], [ -16.21263408, 28.5682284 ], [ -16.21261707, 28.56826015 ] ] ], [ [ [ -16.23470839, 28.5682974 ], [ -16.23465355, 28.56824104 ], [ -16.23471204, 28.56825946 ], [ -16.23470839, 28.5682974 ] ] ], [ [ [ -16.21339557, 28.56830283 ], [ -16.21333677, 28.56834667 ], [ -16.21331908, 28.56831976 ], [ -16.21339557, 28.56830283 ] ] ], [ [ [ -16.21269053, 28.56833621 ], [ -16.21270128, 28.56838214 ], [ -16.21265008, 28.56837538 ], [ -16.21269053, 28.56833621 ] ] ], [ [ [ -16.21302545, 28.56839007 ], [ -16.21300947, 28.56833336 ], [ -16.21304241, 28.56835292 ], [ -16.21302545, 28.56839007 ] ] ], [ [ [ -16.21318155, 28.5683616 ], [ -16.21329927, 28.56837499 ], [ -16.2133108, 28.56839925 ], [ -16.21318155, 28.5683616 ] ] ], [ [ [ -16.21194449, 28.56844937 ], [ -16.21191006, 28.56847856 ], [ -16.21193306, 28.56843323 ], [ -16.21194449, 28.56844937 ] ] ], [ [ [ -16.23563778, 28.56856692 ], [ -16.23561459, 28.56850667 ], [ -16.23571081, 28.56851752 ], [ -16.23563778, 28.56856692 ] ] ], [ [ [ -16.21185368, 28.56855488 ], [ -16.21185433, 28.56852238 ], [ -16.2118658, 28.56854123 ], [ -16.21185368, 28.56855488 ] ] ], [ [ [ -16.21195464, 28.56862167 ], [ -16.21202877, 28.56857768 ], [ -16.21204007, 28.568583 ], [ -16.21195464, 28.56862167 ] ] ], [ [ [ -16.21138808, 28.56878467 ], [ -16.21138052, 28.56874954 ], [ -16.21140717, 28.56875562 ], [ -16.21138808, 28.56878467 ] ] ], [ [ [ -16.21347162, 28.5687832 ], [ -16.21342734, 28.56884407 ], [ -16.21338594, 28.56880021 ], [ -16.21347162, 28.5687832 ] ] ], [ [ [ -16.21347106, 28.56891227 ], [ -16.21337926, 28.56893114 ], [ -16.21341354, 28.56888932 ], [ -16.21347106, 28.56891227 ] ] ], [ [ [ -16.21270868, 28.56902739 ], [ -16.2127142, 28.56897409 ], [ -16.2127676, 28.56899437 ], [ -16.21270868, 28.56902739 ] ] ], [ [ [ -16.21278528, 28.56910974 ], [ -16.21278003, 28.56918741 ], [ -16.21273786, 28.56916522 ], [ -16.21278528, 28.56910974 ] ] ], [ [ [ -16.23583844, 28.56955338 ], [ -16.23567433, 28.56941949 ], [ -16.23585535, 28.56951261 ], [ -16.23583844, 28.56955338 ] ] ], [ [ [ -16.29566554, 28.56964784 ], [ -16.29566108, 28.56978416 ], [ -16.29562368, 28.56965185 ], [ -16.29566554, 28.56964784 ] ] ], [ [ [ -16.23560983, 28.56984969 ], [ -16.23555659, 28.5699305 ], [ -16.23557371, 28.56982023 ], [ -16.23560983, 28.56984969 ] ] ], [ [ [ -16.23568778, 28.56987064 ], [ -16.23577481, 28.56996913 ], [ -16.23575567, 28.56999367 ], [ -16.23568778, 28.56987064 ] ] ], [ [ [ -16.23602118, 28.56988024 ], [ -16.23601233, 28.56999765 ], [ -16.23592224, 28.56990009 ], [ -16.23602118, 28.56988024 ] ] ], [ [ [ -16.23705192, 28.56998457 ], [ -16.23698383, 28.56993284 ], [ -16.23706436, 28.56991225 ], [ -16.23705192, 28.56998457 ] ] ], [ [ [ -16.23656662, 28.56992491 ], [ -16.23665467, 28.57002339 ], [ -16.23661998, 28.57002912 ], [ -16.23656662, 28.56992491 ] ] ], [ [ [ -16.23617744, 28.56995373 ], [ -16.23628387, 28.57005023 ], [ -16.23623896, 28.57005696 ], [ -16.23617744, 28.56995373 ] ] ], [ [ [ -16.23827032, 28.57013771 ], [ -16.23833701, 28.56998367 ], [ -16.23836685, 28.57017474 ], [ -16.23827032, 28.57013771 ] ] ], [ [ [ -16.23766939, 28.57015673 ], [ -16.23767004, 28.57003759 ], [ -16.23772161, 28.57007593 ], [ -16.23766939, 28.57015673 ] ] ], [ [ [ -16.23807954, 28.57025949 ], [ -16.23806642, 28.57018651 ], [ -16.23814666, 28.5702291 ], [ -16.23807954, 28.57025949 ] ] ], [ [ [ -16.23823239, 28.57030413 ], [ -16.23834161, 28.57028869 ], [ -16.23827749, 28.57048783 ], [ -16.23823239, 28.57030413 ] ] ], [ [ [ -16.29814086, 28.57049873 ], [ -16.29818084, 28.5705904 ], [ -16.29810179, 28.57056408 ], [ -16.29814086, 28.57049873 ] ] ], [ [ [ -16.24052594, 28.57120828 ], [ -16.24058428, 28.57112652 ], [ -16.24061006, 28.57123278 ], [ -16.24052594, 28.57120828 ] ] ], [ [ [ -16.24937533, 28.5712733 ], [ -16.24945769, 28.57132128 ], [ -16.24938915, 28.57131739 ], [ -16.24937533, 28.5712733 ] ] ], [ [ [ -16.30198271, 28.57139964 ], [ -16.30224114, 28.57138092 ], [ -16.3019741, 28.57153059 ], [ -16.30198271, 28.57139964 ] ] ], [ [ [ -16.24514023, 28.57149635 ], [ -16.24511145, 28.57139643 ], [ -16.245411, 28.57130884 ], [ -16.24514023, 28.57149635 ] ] ], [ [ [ -16.25854318, 28.57137991 ], [ -16.25857241, 28.57151682 ], [ -16.25848545, 28.57142648 ], [ -16.25854318, 28.57137991 ] ] ], [ [ [ -16.2452313, 28.57167692 ], [ -16.24552862, 28.57157401 ], [ -16.24566526, 28.57162961 ], [ -16.2452313, 28.57167692 ] ] ], [ [ [ -16.29334237, 28.5717043 ], [ -16.29340747, 28.57159357 ], [ -16.29342508, 28.57169629 ], [ -16.29334237, 28.5717043 ] ] ], [ [ [ -16.24945681, 28.57167959 ], [ -16.24933536, 28.57161121 ], [ -16.24944671, 28.57160297 ], [ -16.24945681, 28.57167959 ] ] ], [ [ [ -16.2941362, 28.57191063 ], [ -16.29422323, 28.57192063 ], [ -16.29421727, 28.57201906 ], [ -16.2941362, 28.57191063 ] ] ], [ [ [ -16.24947486, 28.5721686 ], [ -16.24947901, 28.57208733 ], [ -16.24952736, 28.57211216 ], [ -16.24947486, 28.5721686 ] ] ], [ [ [ -16.30381738, 28.57210766 ], [ -16.30376905, 28.57216859 ], [ -16.30376339, 28.57212352 ], [ -16.30381738, 28.57210766 ] ] ], [ [ [ -16.24976504, 28.57223994 ], [ -16.24969884, 28.57217556 ], [ -16.24981866, 28.57219251 ], [ -16.24976504, 28.57223994 ] ] ], [ [ [ -16.27588155, 28.57231456 ], [ -16.27569958, 28.57231537 ], [ -16.27590317, 28.57224215 ], [ -16.27588155, 28.57231456 ] ] ], [ [ [ -16.2606002, 28.57258194 ], [ -16.26074, 28.57247415 ], [ -16.26086086, 28.57266346 ], [ -16.2606002, 28.57258194 ] ] ], [ [ [ -16.29279219, 28.57261207 ], [ -16.29302522, 28.57243927 ], [ -16.29291119, 28.57264523 ], [ -16.29279219, 28.57261207 ] ] ], [ [ [ -16.27582152, 28.57276188 ], [ -16.27587672, 28.57242201 ], [ -16.2759569, 28.57271277 ], [ -16.27582152, 28.57276188 ] ] ], [ [ [ -16.30539543, 28.57264844 ], [ -16.30518855, 28.57270187 ], [ -16.30510559, 28.57269004 ], [ -16.30539543, 28.57264844 ] ] ], [ [ [ -16.27597776, 28.573255 ], [ -16.27656912, 28.5729516 ], [ -16.27676187, 28.57333516 ], [ -16.27597776, 28.573255 ] ] ], [ [ [ -16.28005479, 28.57306677 ], [ -16.27992112, 28.57317273 ], [ -16.27988293, 28.5731424 ], [ -16.28005479, 28.57306677 ] ] ], [ [ [ -16.28078537, 28.57362215 ], [ -16.28074242, 28.57379043 ], [ -16.28065188, 28.57374345 ], [ -16.28078537, 28.57362215 ] ] ], [ [ [ -16.26284359, 28.57380387 ], [ -16.26309895, 28.57369861 ], [ -16.26299661, 28.57386111 ], [ -16.26284359, 28.57380387 ] ] ], [ [ [ -16.30816522, 28.57439884 ], [ -16.30805569, 28.57422209 ], [ -16.30821182, 28.57428106 ], [ -16.30816522, 28.57439884 ] ] ], [ [ [ -16.26446169, 28.57462996 ], [ -16.26474317, 28.57457138 ], [ -16.26472362, 28.57464648 ], [ -16.26446169, 28.57462996 ] ] ], [ [ [ -16.28677526, 28.57485971 ], [ -16.28662977, 28.57508672 ], [ -16.28662339, 28.57489815 ], [ -16.28677526, 28.57485971 ] ] ], [ [ [ -16.28211872, 28.57532166 ], [ -16.28204041, 28.5753558 ], [ -16.2820573, 28.57514625 ], [ -16.28211872, 28.57532166 ] ] ], [ [ [ -16.27279965, 28.57567295 ], [ -16.27251447, 28.57542472 ], [ -16.27291892, 28.57547417 ], [ -16.27279965, 28.57567295 ] ] ], [ [ [ -16.26958422, 28.57644315 ], [ -16.26953539, 28.57629379 ], [ -16.26961613, 28.57637606 ], [ -16.26958422, 28.57644315 ] ] ], [ [ [ -16.14485796, 28.5205889 ], [ -16.14476085, 28.52058701 ], [ -16.14486234, 28.52052207 ], [ -16.14485796, 28.5205889 ] ] ], [ [ [ -16.14100295, 28.52558272 ], [ -16.140681, 28.52586431 ], [ -16.14066294, 28.5254204 ], [ -16.14100295, 28.52558272 ] ] ], [ [ [ -16.13802787, 28.53174961 ], [ -16.13789937, 28.53177506 ], [ -16.13797595, 28.53167333 ], [ -16.13802787, 28.53174961 ] ] ], [ [ [ -16.20815949, 28.56896418 ], [ -16.20810226, 28.56905585 ], [ -16.20807758, 28.56895408 ], [ -16.20815949, 28.56896418 ] ] ], [ [ [ -16.21128596, 28.56906266 ], [ -16.21131419, 28.56911747 ], [ -16.21123538, 28.56911005 ], [ -16.21128596, 28.56906266 ] ] ], [ [ [ -16.21037311, 28.56916197 ], [ -16.21033701, 28.56913431 ], [ -16.21037995, 28.56913483 ], [ -16.21037311, 28.56916197 ] ] ], [ [ [ -16.21048247, 28.56915919 ], [ -16.21042962, 28.56918673 ], [ -16.21043425, 28.56914427 ], [ -16.21048247, 28.56915919 ] ] ], [ [ [ -16.20843353, 28.56932637 ], [ -16.20829858, 28.56905861 ], [ -16.20834532, 28.56903292 ], [ -16.20843353, 28.56932637 ] ] ], [ [ [ -16.21005127, 28.57016305 ], [ -16.21014139, 28.57017578 ], [ -16.21013078, 28.57023184 ], [ -16.21005127, 28.57016305 ] ] ], [ [ [ -16.20655331, 28.57245417 ], [ -16.2066929, 28.57277063 ], [ -16.20641802, 28.57251494 ], [ -16.20655331, 28.57245417 ] ] ], [ [ [ -16.20447075, 28.57272809 ], [ -16.20468999, 28.5724978 ], [ -16.20472296, 28.57252007 ], [ -16.20447075, 28.57272809 ] ] ], [ [ [ -16.20594582, 28.57270687 ], [ -16.20617277, 28.57252525 ], [ -16.20608874, 28.5727769 ], [ -16.20594582, 28.57270687 ] ] ], [ [ [ -16.2056139, 28.57264845 ], [ -16.20519556, 28.57281191 ], [ -16.20522227, 28.5726438 ], [ -16.2056139, 28.57264845 ] ] ], [ [ [ -16.20570957, 28.57278929 ], [ -16.20577217, 28.57263079 ], [ -16.20575395, 28.5728259 ], [ -16.20570957, 28.57278929 ] ] ], [ [ [ -16.20392639, 28.57277895 ], [ -16.20387663, 28.57271893 ], [ -16.20395854, 28.57272903 ], [ -16.20392639, 28.57277895 ] ] ], [ [ [ -16.19380605, 28.57317253 ], [ -16.19374793, 28.57309633 ], [ -16.19386731, 28.57316568 ], [ -16.19380605, 28.57317253 ] ] ], [ [ [ -16.20224533, 28.57338683 ], [ -16.20241104, 28.57303427 ], [ -16.202496, 28.57295319 ], [ -16.20224533, 28.57338683 ] ] ], [ [ [ -16.20086201, 28.57320594 ], [ -16.20116187, 28.57332242 ], [ -16.20119117, 28.57347108 ], [ -16.20086201, 28.57320594 ] ] ], [ [ [ -16.20201935, 28.57365418 ], [ -16.20223556, 28.57351689 ], [ -16.20236877, 28.57381264 ], [ -16.20201935, 28.57365418 ] ] ], [ [ [ -16.19691395, 28.57378777 ], [ -16.19677334, 28.57383052 ], [ -16.19678783, 28.57375548 ], [ -16.19691395, 28.57378777 ] ] ], [ [ [ -16.20250897, 28.57391429 ], [ -16.20250597, 28.57409934 ], [ -16.2024447, 28.57392659 ], [ -16.20250897, 28.57391429 ] ] ], [ [ [ -16.20053355, 28.57444262 ], [ -16.20049294, 28.574378 ], [ -16.20055619, 28.57436571 ], [ -16.20053355, 28.57444262 ] ] ], [ [ [ -16.19111615, 28.57453736 ], [ -16.19110318, 28.57456635 ], [ -16.19108863, 28.57454482 ], [ -16.19111615, 28.57453736 ] ] ], [ [ [ -16.19109647, 28.57460613 ], [ -16.19105367, 28.57461823 ], [ -16.1910513, 28.57458937 ], [ -16.19109647, 28.57460613 ] ] ], [ [ [ -16.2010873, 28.57485741 ], [ -16.20085558, 28.57471054 ], [ -16.20093567, 28.57465026 ], [ -16.2010873, 28.57485741 ] ] ], [ [ [ -16.19166928, 28.5749919 ], [ -16.19151348, 28.57504742 ], [ -16.19157216, 28.57490159 ], [ -16.19166928, 28.5749919 ] ] ], [ [ [ -16.1911159, 28.57533251 ], [ -16.19110158, 28.57542289 ], [ -16.19105189, 28.57536827 ], [ -16.1911159, 28.57533251 ] ] ], [ [ [ -16.19045015, 28.57540965 ], [ -16.1904264, 28.57547935 ], [ -16.19042251, 28.57540628 ], [ -16.19045015, 28.57540965 ] ] ], [ [ [ -16.1892511, 28.57552306 ], [ -16.18918231, 28.57549748 ], [ -16.18921139, 28.57544669 ], [ -16.1892511, 28.57552306 ] ] ], [ [ [ -16.18903699, 28.57557638 ], [ -16.18911424, 28.57562624 ], [ -16.18907141, 28.57563655 ], [ -16.18903699, 28.57557638 ] ] ], [ [ [ -16.19048613, 28.5756088 ], [ -16.19057021, 28.57562972 ], [ -16.19056573, 28.57568572 ], [ -16.19048613, 28.5756088 ] ] ], [ [ [ -16.19016278, 28.57567571 ], [ -16.19030106, 28.57569797 ], [ -16.19028202, 28.57573243 ], [ -16.19016278, 28.57567571 ] ] ], [ [ [ -16.1916766, 28.57564077 ], [ -16.19180591, 28.57577501 ], [ -16.19166074, 28.57568513 ], [ -16.1916766, 28.57564077 ] ] ], [ [ [ -16.18680967, 28.57571592 ], [ -16.18677639, 28.57584798 ], [ -16.18671443, 28.57579347 ], [ -16.18680967, 28.57571592 ] ] ], [ [ [ -16.20421016, 28.57605989 ], [ -16.20406846, 28.57573804 ], [ -16.2044664, 28.57602603 ], [ -16.20421016, 28.57605989 ] ] ], [ [ [ -16.19114164, 28.57598302 ], [ -16.19119061, 28.57606472 ], [ -16.19108516, 28.5760521 ], [ -16.19114164, 28.57598302 ] ] ], [ [ [ -16.18964215, 28.5761108 ], [ -16.18952688, 28.57622553 ], [ -16.18944894, 28.57620455 ], [ -16.18964215, 28.5761108 ] ] ], [ [ [ -16.18956746, 28.57628835 ], [ -16.18952992, 28.57640511 ], [ -16.18945975, 28.57634706 ], [ -16.18956746, 28.57628835 ] ] ], [ [ [ -16.18738649, 28.57636792 ], [ -16.18752763, 28.57664558 ], [ -16.18737656, 28.57666766 ], [ -16.18738649, 28.57636792 ] ] ], [ [ [ -16.18886484, 28.57663296 ], [ -16.18879426, 28.57672113 ], [ -16.18881874, 28.57662524 ], [ -16.18886484, 28.57663296 ] ] ], [ [ [ -16.18741925, 28.57700935 ], [ -16.18749659, 28.57679477 ], [ -16.18751717, 28.57698864 ], [ -16.18741925, 28.57700935 ] ] ], [ [ [ -16.18435493, 28.57764174 ], [ -16.18449348, 28.57787068 ], [ -16.18431219, 28.57784248 ], [ -16.18435493, 28.57764174 ] ] ], [ [ [ -16.18226737, 28.57848939 ], [ -16.18225427, 28.5784155 ], [ -16.18230754, 28.57842406 ], [ -16.18226737, 28.57848939 ] ] ], [ [ [ -16.18122699, 28.57953909 ], [ -16.1812573, 28.57941518 ], [ -16.18138867, 28.57945916 ], [ -16.18122699, 28.57953909 ] ] ], [ [ [ -16.17570796, 28.58213493 ], [ -16.17548657, 28.58208721 ], [ -16.17573215, 28.58210313 ], [ -16.17570796, 28.58213493 ] ] ], [ [ [ -16.13567873, 28.5831276 ], [ -16.13560876, 28.58308666 ], [ -16.13561977, 28.58306491 ], [ -16.13567873, 28.5831276 ] ] ], [ [ [ -16.13637883, 28.58328871 ], [ -16.13657069, 28.58306326 ], [ -16.13652523, 28.5834003 ], [ -16.13637883, 28.58328871 ] ] ], [ [ [ -16.13801499, 28.58339683 ], [ -16.13820801, 28.58347013 ], [ -16.1380132, 28.58342032 ], [ -16.13801499, 28.58339683 ] ] ], [ [ [ -16.13844845, 28.58386343 ], [ -16.13845003, 28.58344102 ], [ -16.13865101, 28.58368302 ], [ -16.13844845, 28.58386343 ] ] ], [ [ [ -16.13784867, 28.58380889 ], [ -16.13791892, 28.58368556 ], [ -16.13797049, 28.58372754 ], [ -16.13784867, 28.58380889 ] ] ], [ [ [ -16.17361128, 28.58383273 ], [ -16.17340561, 28.58381917 ], [ -16.17335444, 28.58372304 ], [ -16.17361128, 28.58383273 ] ] ], [ [ [ -16.13892768, 28.58411754 ], [ -16.139015, 28.58396517 ], [ -16.13910987, 28.58403929 ], [ -16.13892768, 28.58411754 ] ] ], [ [ [ -16.13844535, 28.58471456 ], [ -16.13827152, 28.58424038 ], [ -16.13842817, 28.58425892 ], [ -16.13844535, 28.58471456 ] ] ], [ [ [ -16.13672363, 28.58482919 ], [ -16.13673605, 28.58493829 ], [ -16.13665977, 28.58488117 ], [ -16.13672363, 28.58482919 ] ] ], [ [ [ -16.17347728, 28.5849332 ], [ -16.17369458, 28.58516508 ], [ -16.17335784, 28.58531871 ], [ -16.17347728, 28.5849332 ] ] ], [ [ [ -16.14031555, 28.58518894 ], [ -16.140275, 28.58503224 ], [ -16.14036094, 28.58503603 ], [ -16.14031555, 28.58518894 ] ] ], [ [ [ -16.17300016, 28.58533715 ], [ -16.1733507, 28.58513646 ], [ -16.17309821, 28.58541934 ], [ -16.17300016, 28.58533715 ] ] ], [ [ [ -16.17167648, 28.58528902 ], [ -16.1715797, 28.58541351 ], [ -16.17145748, 28.58536492 ], [ -16.17167648, 28.58528902 ] ] ], [ [ [ -16.172002, 28.58587467 ], [ -16.17242693, 28.58528164 ], [ -16.17292822, 28.58512026 ], [ -16.172002, 28.58587467 ] ] ], [ [ [ -16.17171731, 28.5856515 ], [ -16.17223513, 28.5853212 ], [ -16.17174162, 28.58572349 ], [ -16.17171731, 28.5856515 ] ] ], [ [ [ -16.14326648, 28.58555942 ], [ -16.14348397, 28.58572005 ], [ -16.14322615, 28.58561211 ], [ -16.14326648, 28.58555942 ] ] ], [ [ [ -16.14706111, 28.58565555 ], [ -16.1471407, 28.58563953 ], [ -16.14717472, 28.58566542 ], [ -16.14706111, 28.58565555 ] ] ], [ [ [ -16.14781553, 28.5857304 ], [ -16.14779007, 28.5858335 ], [ -16.14773711, 28.58575904 ], [ -16.14781553, 28.5857304 ] ] ], [ [ [ -16.14482489, 28.58603817 ], [ -16.14470068, 28.58599319 ], [ -16.14471348, 28.58594795 ], [ -16.14482489, 28.58603817 ] ] ], [ [ [ -16.14836005, 28.58653177 ], [ -16.14831048, 28.58658093 ], [ -16.14828137, 28.58653695 ], [ -16.14836005, 28.58653177 ] ] ], [ [ [ -16.1518313, 28.58669458 ], [ -16.15174582, 28.58673231 ], [ -16.15176159, 28.58667893 ], [ -16.1518313, 28.58669458 ] ] ], [ [ [ -16.14850422, 28.58671918 ], [ -16.14847332, 28.58679255 ], [ -16.14843489, 28.58673782 ], [ -16.14850422, 28.58671918 ] ] ], [ [ [ -16.15240483, 28.58677816 ], [ -16.15235084, 28.58679667 ], [ -16.15237269, 28.58673782 ], [ -16.15240483, 28.58677816 ] ] ], [ [ [ -16.15199738, 28.58682765 ], [ -16.15205507, 28.58686687 ], [ -16.15198961, 28.58686562 ], [ -16.15199738, 28.58682765 ] ] ], [ [ [ -16.15225808, 28.58682363 ], [ -16.15227797, 28.58686588 ], [ -16.15224425, 28.58686797 ], [ -16.15225808, 28.58682363 ] ] ], [ [ [ -16.15258758, 28.5868461 ], [ -16.15253768, 28.58686458 ], [ -16.1525118, 28.58683501 ], [ -16.15258758, 28.5868461 ] ] ], [ [ [ -16.15293748, 28.58686299 ], [ -16.15298336, 28.58685086 ], [ -16.15297353, 28.58688705 ], [ -16.15293748, 28.58686299 ] ] ], [ [ [ -16.15301591, 28.58692911 ], [ -16.15304283, 28.5868657 ], [ -16.15306759, 28.58688625 ], [ -16.15301591, 28.58692911 ] ] ], [ [ [ -16.1523385, 28.58688432 ], [ -16.15241151, 28.58692161 ], [ -16.152344, 28.58691948 ], [ -16.1523385, 28.58688432 ] ] ], [ [ [ -16.15342916, 28.58694184 ], [ -16.15349517, 28.58690067 ], [ -16.15348218, 28.58692785 ], [ -16.15342916, 28.58694184 ] ] ], [ [ [ -16.14870983, 28.5869151 ], [ -16.14861074, 28.58692406 ], [ -16.14860018, 28.58689256 ], [ -16.14870983, 28.5869151 ] ] ], [ [ [ -16.15162303, 28.58691296 ], [ -16.15167481, 28.58697209 ], [ -16.15156728, 28.58695766 ], [ -16.15162303, 28.58691296 ] ] ], [ [ [ -16.15266161, 28.58697635 ], [ -16.15267322, 28.58691578 ], [ -16.15269189, 28.58693999 ], [ -16.15266161, 28.58697635 ] ] ], [ [ [ -16.1489691, 28.58696706 ], [ -16.14894617, 28.58692664 ], [ -16.14898325, 28.58695159 ], [ -16.1489691, 28.58696706 ] ] ], [ [ [ -16.15113325, 28.58700828 ], [ -16.15119327, 28.58697979 ], [ -16.15120172, 28.58700409 ], [ -16.15113325, 28.58700828 ] ] ], [ [ [ -16.15182241, 28.587099 ], [ -16.15178097, 28.58704971 ], [ -16.1518535, 28.58704278 ], [ -16.15182241, 28.587099 ] ] ], [ [ [ -16.15107355, 28.58706565 ], [ -16.15108117, 28.587108 ], [ -16.15106257, 28.58709011 ], [ -16.15107355, 28.58706565 ] ] ], [ [ [ -16.14954239, 28.58712195 ], [ -16.14950392, 28.58706361 ], [ -16.14957279, 28.58709642 ], [ -16.14954239, 28.58712195 ] ] ], [ [ [ -16.15428379, 28.58710967 ], [ -16.15420214, 28.5871239 ], [ -16.15426491, 28.5870656 ], [ -16.15428379, 28.58710967 ] ] ], [ [ [ -16.14941815, 28.58716904 ], [ -16.14945022, 28.5871092 ], [ -16.14946208, 28.58716505 ], [ -16.14941815, 28.58716904 ] ] ], [ [ [ -16.15114407, 28.5871562 ], [ -16.15103558, 28.5871472 ], [ -16.15102927, 28.587131 ], [ -16.15114407, 28.5871562 ] ] ], [ [ [ -16.1522885, 28.58717537 ], [ -16.15232756, 28.58719399 ], [ -16.15229489, 28.58719878 ], [ -16.1522885, 28.58717537 ] ] ], [ [ [ -16.14961963, 28.58717274 ], [ -16.14962116, 28.58721966 ], [ -16.14959522, 28.58718468 ], [ -16.14961963, 28.58717274 ] ] ], [ [ [ -16.15290836, 28.58728653 ], [ -16.15289843, 28.58722073 ], [ -16.15293455, 28.58725021 ], [ -16.15290836, 28.58728653 ] ] ], [ [ [ -16.15255703, 28.58732562 ], [ -16.15256029, 28.58724978 ], [ -16.15260482, 28.58730175 ], [ -16.15255703, 28.58732562 ] ] ], [ [ [ -16.15087663, 28.58748069 ], [ -16.15093122, 28.58742336 ], [ -16.15093567, 28.58745672 ], [ -16.15087663, 28.58748069 ] ] ], [ [ [ -16.17190292, 28.58745138 ], [ -16.17214688, 28.58750523 ], [ -16.17187907, 28.58751386 ], [ -16.17190292, 28.58745138 ] ] ], [ [ [ -16.15053528, 28.58749802 ], [ -16.15059775, 28.58750652 ], [ -16.15058377, 28.58753732 ], [ -16.15053528, 28.58749802 ] ] ], [ [ [ -16.15068103, 28.58754823 ], [ -16.15071038, 28.58752 ], [ -16.15070361, 28.58755616 ], [ -16.15068103, 28.58754823 ] ] ], [ [ [ -16.16625564, 28.58747298 ], [ -16.16626431, 28.58761009 ], [ -16.16605536, 28.58757759 ], [ -16.16625564, 28.58747298 ] ] ], [ [ [ -16.15046582, 28.58759879 ], [ -16.1504479, 28.58754931 ], [ -16.15049105, 28.58756789 ], [ -16.15046582, 28.58759879 ] ] ], [ [ [ -16.1499815, 28.58763269 ], [ -16.14994069, 28.58754639 ], [ -16.15003221, 28.58759435 ], [ -16.1499815, 28.58763269 ] ] ], [ [ [ -16.15020625, 28.58761273 ], [ -16.15029189, 28.58758944 ], [ -16.1502783, 28.58765634 ], [ -16.15020625, 28.58761273 ] ] ], [ [ [ -16.16582737, 28.5879523 ], [ -16.16566007, 28.58771005 ], [ -16.16586568, 28.58762435 ], [ -16.16582737, 28.5879523 ] ] ], [ [ [ -16.15597219, 28.58787329 ], [ -16.15595537, 28.58783191 ], [ -16.15601989, 28.58784039 ], [ -16.15597219, 28.58787329 ] ] ], [ [ [ -16.16615683, 28.58778521 ], [ -16.1660906, 28.58799156 ], [ -16.1660218, 28.58796507 ], [ -16.16615683, 28.58778521 ] ] ], [ [ [ -16.15556552, 28.58790202 ], [ -16.1555856, 28.58786756 ], [ -16.15562279, 28.58790244 ], [ -16.15556552, 28.58790202 ] ] ], [ [ [ -16.15646691, 28.5879494 ], [ -16.15654352, 28.58794152 ], [ -16.15646615, 28.58797377 ], [ -16.15646691, 28.5879494 ] ] ], [ [ [ -16.15871723, 28.59109093 ], [ -16.16115874, 28.59328671 ], [ -16.15869805, 28.59447024 ], [ -16.15871723, 28.59109093 ] ] ], [ [ [ -16.15739971, 28.60393102 ], [ -16.1546724, 28.60498228 ], [ -16.15748254, 28.60178406 ], [ -16.15739971, 28.60393102 ] ] ], [ [ [ -15.6962915, 27.77081104 ], [ -15.69718805, 27.77199089 ], [ -15.69567554, 27.77162117 ], [ -15.6962915, 27.77081104 ] ] ], [ [ [ -15.416033573, 28.0475568 ], [ -15.367115551, 27.992019484 ], [ -15.3810806, 27.950123992 ], [ -15.358514089, 27.93120928 ], [ -15.384640943, 27.926352346 ], [ -15.385433516, 27.857483567 ], [ -15.414195883, 27.846630575 ], [ -15.422565098, 27.810596776 ], [ -15.433330071, 27.799340549 ], [ -15.560042924, 27.763077142 ], [ -15.576041952, 27.7359564 ], [ -15.685554598, 27.756157525 ], [ -15.689992256, 27.77131204 ], [ -15.787350027, 27.834190742 ], [ -15.834560341, 27.915290146 ], [ -15.834383056, 27.971179943 ], [ -15.823128898, 27.987790247 ], [ -15.817349739, 28.005153433 ], [ -15.822988021, 28.013417194 ], [ -15.798118746, 28.016804468 ], [ -15.780449456, 28.024826957 ], [ -15.707070294, 28.089498817 ], [ -15.696232509, 28.151653876 ], [ -15.706491783, 28.1574624 ], [ -15.708675798, 28.166019262 ], [ -15.666299687, 28.158141301 ], [ -15.637253043, 28.171961375 ], [ -15.599907119, 28.144341024 ], [ -15.526814543, 28.155074793 ], [ -15.467489483, 28.126127628 ], [ -15.44570211, 28.131227315 ], [ -15.431601691, 28.145638863 ], [ -15.432966251, 28.157255859 ], [ -15.442439256, 28.162133538 ], [ -15.439432759, 28.169195958 ], [ -15.407231918, 28.178187931 ], [ -15.405046156, 28.166130804 ], [ -15.39814478, 28.161743488 ], [ -15.404564445, 28.121307751 ], [ -15.406909711, 28.158186974 ], [ -15.411977092, 28.12812942 ], [ -15.417638883, 28.146611907 ], [ -15.428902755, 28.130579245 ], [ -15.41114573, 28.100800538 ], [ -15.416033573, 28.0475568 ] ] ], [ [ [ -15.82245813, 27.99427098 ], [ -15.82260685, 27.99416989 ], [ -15.82278736, 27.99437011 ], [ -15.82245813, 27.99427098 ] ] ], [ [ [ -15.82148018, 27.99606142 ], [ -15.82126294, 27.99611236 ], [ -15.82126113, 27.99600857 ], [ -15.82148018, 27.99606142 ] ] ], [ [ [ -15.79432727, 28.01881413 ], [ -15.79384123, 28.01925384 ], [ -15.79412176, 28.01867089 ], [ -15.79432727, 28.01881413 ] ] ], [ [ [ -15.7781243, 28.02854023 ], [ -15.77821373, 28.02895224 ], [ -15.77778648, 28.02881204 ], [ -15.7781243, 28.02854023 ] ] ], [ [ [ -15.70897742, 28.09812039 ], [ -15.70928441, 28.0977469 ], [ -15.70907666, 28.09819751 ], [ -15.70897742, 28.09812039 ] ] ], [ [ [ -15.70946793, 28.09825506 ], [ -15.70951093, 28.09782877 ], [ -15.70981467, 28.09804294 ], [ -15.70946793, 28.09825506 ] ] ], [ [ [ -15.463664, 28.12826015 ], [ -15.46376938, 28.12837534 ], [ -15.46372256, 28.12837911 ], [ -15.463664, 28.12826015 ] ] ], [ [ [ -15.46029905, 28.12834461 ], [ -15.46006196, 28.12838242 ], [ -15.46013085, 28.12830184 ], [ -15.46029905, 28.12834461 ] ] ], [ [ [ -15.46469124, 28.12845346 ], [ -15.46444111, 28.12853826 ], [ -15.46468661, 28.12832529 ], [ -15.46469124, 28.12845346 ] ] ], [ [ [ -15.46372608, 28.12919784 ], [ -15.46379447, 28.12900082 ], [ -15.46384178, 28.12910899 ], [ -15.46372608, 28.12919784 ] ] ], [ [ [ -15.46301328, 28.12919393 ], [ -15.46281556, 28.12915217 ], [ -15.4629792, 28.12908302 ], [ -15.46301328, 28.12919393 ] ] ], [ [ [ -15.45752766, 28.12961315 ], [ -15.45682958, 28.1299576 ], [ -15.45755464, 28.129493 ], [ -15.45752766, 28.12961315 ] ] ], [ [ [ -15.44954376, 28.13261575 ], [ -15.44961207, 28.13214613 ], [ -15.44982653, 28.13229527 ], [ -15.44954376, 28.13261575 ] ] ], [ [ [ -15.44150371, 28.13718245 ], [ -15.44149395, 28.13778188 ], [ -15.44127901, 28.13776542 ], [ -15.44150371, 28.13718245 ] ] ], [ [ [ -15.4405869, 28.13810164 ], [ -15.44096776, 28.13835227 ], [ -15.44041851, 28.13826286 ], [ -15.4405869, 28.13810164 ] ] ], [ [ [ -15.43945447, 28.13909283 ], [ -15.43982102, 28.13908082 ], [ -15.43950582, 28.13920008 ], [ -15.43945447, 28.13909283 ] ] ], [ [ [ -15.43901373, 28.14014498 ], [ -15.43681716, 28.14391895 ], [ -15.43456579, 28.1462677 ], [ -15.43901373, 28.14014498 ] ] ], [ [ [ -15.49653846, 28.14532778 ], [ -15.49649534, 28.14547326 ], [ -15.49639617, 28.14539058 ], [ -15.49653846, 28.14532778 ] ] ], [ [ [ -15.4968737, 28.14691169 ], [ -15.49669913, 28.14659999 ], [ -15.49708688, 28.14676287 ], [ -15.4968737, 28.14691169 ] ] ], [ [ [ -15.49601128, 28.14673156 ], [ -15.49637163, 28.1464739 ], [ -15.49621855, 28.14706842 ], [ -15.49601128, 28.14673156 ] ] ], [ [ [ -15.43419778, 28.15425772 ], [ -15.4344116, 28.15398985 ], [ -15.43447774, 28.15422614 ], [ -15.43419778, 28.15425772 ] ] ], [ [ [ -15.66884676, 28.1594152 ], [ -15.66903011, 28.15925453 ], [ -15.66906995, 28.15943668 ], [ -15.66884676, 28.1594152 ] ] ], [ [ [ -15.41258949, 28.17927137 ], [ -15.41249665, 28.17950274 ], [ -15.41245909, 28.17927086 ], [ -15.41258949, 28.17927137 ] ] ], [ [ [ -16.12765162, 28.53609265 ], [ -16.12749472, 28.53594684 ], [ -16.12767569, 28.53604913 ], [ -16.12765162, 28.53609265 ] ] ], [ [ [ -16.12802582, 28.53764015 ], [ -16.12813776, 28.53778633 ], [ -16.12790269, 28.53778648 ], [ -16.12802582, 28.53764015 ] ] ], [ [ [ -16.1283139, 28.53800961 ], [ -16.12805206, 28.53837642 ], [ -16.12796321, 28.53838257 ], [ -16.1283139, 28.53800961 ] ] ], [ [ [ -16.12555727, 28.5436735 ], [ -16.12539791, 28.54358637 ], [ -16.12566579, 28.54359408 ], [ -16.12555727, 28.5436735 ] ] ], [ [ [ -16.1258385, 28.54753143 ], [ -16.12592225, 28.54733308 ], [ -16.12603055, 28.54742514 ], [ -16.1258385, 28.54753143 ] ] ], [ [ [ -16.12644616, 28.54767441 ], [ -16.12630281, 28.5477469 ], [ -16.12626978, 28.54762082 ], [ -16.12644616, 28.54767441 ] ] ], [ [ [ -16.12389272, 28.5491126 ], [ -16.12386015, 28.54922208 ], [ -16.12378405, 28.54917848 ], [ -16.12389272, 28.5491126 ] ] ], [ [ [ -16.12206964, 28.5505086 ], [ -16.12221786, 28.5504126 ], [ -16.12224463, 28.55062358 ], [ -16.12206964, 28.5505086 ] ] ], [ [ [ -16.119655, 28.55087512 ], [ -16.11967367, 28.55080366 ], [ -16.11974154, 28.55084191 ], [ -16.119655, 28.55087512 ] ] ], [ [ [ -16.12052976, 28.55114138 ], [ -16.12018847, 28.55115322 ], [ -16.12013929, 28.55104622 ], [ -16.12052976, 28.55114138 ] ] ], [ [ [ -16.12084505, 28.55128048 ], [ -16.12080044, 28.55121947 ], [ -16.12087738, 28.55124501 ], [ -16.12084505, 28.55128048 ] ] ], [ [ [ -16.11949899, 28.5512979 ], [ -16.11957587, 28.5514155 ], [ -16.11937114, 28.55148398 ], [ -16.11949899, 28.5512979 ] ] ], [ [ [ -16.11966091, 28.5520132 ], [ -16.11967655, 28.55194538 ], [ -16.11972908, 28.55198376 ], [ -16.11966091, 28.5520132 ] ] ], [ [ [ -16.11866543, 28.55686275 ], [ -16.11857107, 28.55683375 ], [ -16.11862138, 28.55675752 ], [ -16.11866543, 28.55686275 ] ] ], [ [ [ -16.11989549, 28.55901424 ], [ -16.11981038, 28.55918282 ], [ -16.11956565, 28.5592417 ], [ -16.11989549, 28.55901424 ] ] ], [ [ [ -16.12036248, 28.55976854 ], [ -16.12026352, 28.55988398 ], [ -16.12022198, 28.55982295 ], [ -16.12036248, 28.55976854 ] ] ], [ [ [ -16.12168227, 28.55986685 ], [ -16.12159118, 28.56004992 ], [ -16.12156659, 28.56004471 ], [ -16.12168227, 28.55986685 ] ] ], [ [ [ -16.12303515, 28.5602898 ], [ -16.12297794, 28.56038955 ], [ -16.122696, 28.56040903 ], [ -16.12303515, 28.5602898 ] ] ], [ [ [ -16.12378782, 28.56089189 ], [ -16.12367502, 28.56085853 ], [ -16.12378598, 28.56081429 ], [ -16.12378782, 28.56089189 ] ] ], [ [ [ -16.12298022, 28.56079659 ], [ -16.12280927, 28.56087201 ], [ -16.12279747, 28.56081976 ], [ -16.12298022, 28.56079659 ] ] ], [ [ [ -16.12275059, 28.56121818 ], [ -16.12266153, 28.56120718 ], [ -16.12269983, 28.56115542 ], [ -16.12275059, 28.56121818 ] ] ], [ [ [ -16.12467217, 28.56195591 ], [ -16.12448685, 28.5621208 ], [ -16.12433061, 28.56204087 ], [ -16.12467217, 28.56195591 ] ] ], [ [ [ -16.12372355, 28.56234825 ], [ -16.12381102, 28.56220944 ], [ -16.1238713, 28.5623028 ], [ -16.12372355, 28.56234825 ] ] ], [ [ [ -16.12586096, 28.56463026 ], [ -16.12582106, 28.56472356 ], [ -16.12577232, 28.56465898 ], [ -16.12586096, 28.56463026 ] ] ], [ [ [ -16.12666555, 28.56559203 ], [ -16.12662143, 28.56567273 ], [ -16.12656468, 28.56552788 ], [ -16.12666555, 28.56559203 ] ] ], [ [ [ -16.12580153, 28.56567411 ], [ -16.12566004, 28.56563648 ], [ -16.12575986, 28.56560135 ], [ -16.12580153, 28.56567411 ] ] ], [ [ [ -16.1257759, 28.56634042 ], [ -16.12562691, 28.56636602 ], [ -16.12562246, 28.56633176 ], [ -16.1257759, 28.56634042 ] ] ], [ [ [ -16.12523573, 28.56640176 ], [ -16.12530343, 28.56642286 ], [ -16.12523399, 28.56642975 ], [ -16.12523573, 28.56640176 ] ] ], [ [ [ -16.12531471, 28.56748327 ], [ -16.12530873, 28.56740119 ], [ -16.12534169, 28.56742438 ], [ -16.12531471, 28.56748327 ] ] ], [ [ [ -16.12531839, 28.56763668 ], [ -16.12520366, 28.56761506 ], [ -16.12525003, 28.56755331 ], [ -16.12531839, 28.56763668 ] ] ], [ [ [ -16.12545599, 28.5676933 ], [ -16.12541169, 28.56775775 ], [ -16.12538713, 28.56765957 ], [ -16.12545599, 28.5676933 ] ] ], [ [ [ -16.12558188, 28.56789894 ], [ -16.12546238, 28.56790986 ], [ -16.12541834, 28.56780643 ], [ -16.12558188, 28.56789894 ] ] ], [ [ [ -16.12377048, 28.56840134 ], [ -16.12370503, 28.56849574 ], [ -16.12365157, 28.56837163 ], [ -16.12377048, 28.56840134 ] ] ], [ [ [ -16.12591093, 28.56855688 ], [ -16.12585016, 28.56851407 ], [ -16.12590925, 28.56849462 ], [ -16.12591093, 28.56855688 ] ] ], [ [ [ -16.12620483, 28.5688893 ], [ -16.12612565, 28.5689423 ], [ -16.12615627, 28.56884186 ], [ -16.12620483, 28.5688893 ] ] ], [ [ [ -16.12611217, 28.56911661 ], [ -16.12602086, 28.56908668 ], [ -16.1260747, 28.56905464 ], [ -16.12611217, 28.56911661 ] ] ], [ [ [ -16.12618939, 28.56926399 ], [ -16.12627651, 28.56918835 ], [ -16.12630966, 28.56922869 ], [ -16.12618939, 28.56926399 ] ] ], [ [ [ -16.1264274, 28.57020428 ], [ -16.12638008, 28.57027327 ], [ -16.12635418, 28.57024099 ], [ -16.1264274, 28.57020428 ] ] ], [ [ [ -16.12681656, 28.57132113 ], [ -16.12664697, 28.57123769 ], [ -16.12687432, 28.57127281 ], [ -16.12681656, 28.57132113 ] ] ], [ [ [ -16.12689366, 28.5713611 ], [ -16.12681429, 28.57139606 ], [ -16.12681296, 28.57136719 ], [ -16.12689366, 28.5713611 ] ] ], [ [ [ -16.12651086, 28.57141663 ], [ -16.12664625, 28.57136135 ], [ -16.12668606, 28.57145128 ], [ -16.12651086, 28.57141663 ] ] ], [ [ [ -16.12703354, 28.57143936 ], [ -16.12696225, 28.57146523 ], [ -16.12696418, 28.57135871 ], [ -16.12703354, 28.57143936 ] ] ], [ [ [ -16.12706088, 28.57151044 ], [ -16.12711757, 28.57145762 ], [ -16.12707933, 28.5715148 ], [ -16.12706088, 28.57151044 ] ] ], [ [ [ -16.12972301, 28.57378892 ], [ -16.12978363, 28.57391207 ], [ -16.12974207, 28.57394581 ], [ -16.12972301, 28.57378892 ] ] ], [ [ [ -16.13057425, 28.57403455 ], [ -16.13059176, 28.5738557 ], [ -16.13061419, 28.57404053 ], [ -16.13057425, 28.57403455 ] ] ], [ [ [ -16.13085266, 28.57396815 ], [ -16.13082987, 28.57403603 ], [ -16.13081367, 28.57395493 ], [ -16.13085266, 28.57396815 ] ] ], [ [ [ -16.13131602, 28.57475131 ], [ -16.13127825, 28.57466137 ], [ -16.13137089, 28.57472017 ], [ -16.13131602, 28.57475131 ] ] ], [ [ [ -16.13442435, 28.57552773 ], [ -16.13435338, 28.57548862 ], [ -16.13444106, 28.57546532 ], [ -16.13442435, 28.57552773 ] ] ], [ [ [ -16.13391903, 28.57626845 ], [ -16.13398735, 28.5763464 ], [ -16.13386275, 28.57635917 ], [ -16.13391903, 28.57626845 ] ] ], [ [ [ -16.13395708, 28.57676544 ], [ -16.13383145, 28.57649121 ], [ -16.13385224, 28.57642785 ], [ -16.13395708, 28.57676544 ] ] ], [ [ [ -16.13457394, 28.57793902 ], [ -16.13453968, 28.57789057 ], [ -16.1345671, 28.57787319 ], [ -16.13457394, 28.57793902 ] ] ], [ [ [ -16.13421785, 28.57867577 ], [ -16.1343407, 28.57840398 ], [ -16.13444866, 28.57874605 ], [ -16.13421785, 28.57867577 ] ] ], [ [ [ -16.13339377, 28.58020437 ], [ -16.13358622, 28.58003399 ], [ -16.13366428, 28.5801624 ], [ -16.13339377, 28.58020437 ] ] ], [ [ [ -16.13237893, 28.58120385 ], [ -16.13264921, 28.58047233 ], [ -16.13354207, 28.58087554 ], [ -16.13237893, 28.58120385 ] ] ], [ [ [ -16.13345377, 28.58131762 ], [ -16.13349531, 28.58118731 ], [ -16.13358997, 28.58124248 ], [ -16.13345377, 28.58131762 ] ] ], [ [ [ -16.13379397, 28.58119564 ], [ -16.13393616, 28.58129735 ], [ -16.13370023, 28.58122621 ], [ -16.13379397, 28.58119564 ] ] ], [ [ [ -16.13181585, 28.5816147 ], [ -16.13199161, 28.5813181 ], [ -16.13200017, 28.58164024 ], [ -16.13181585, 28.5816147 ] ] ], [ [ [ -16.13489063, 28.5820087 ], [ -16.13481611, 28.58211493 ], [ -16.1347895, 28.58201767 ], [ -16.13489063, 28.5820087 ] ] ], [ [ [ -16.131041, 28.58258961 ], [ -16.13112617, 28.58271345 ], [ -16.13101158, 28.58261152 ], [ -16.131041, 28.58258961 ] ] ], [ [ [ -16.1350705, 28.58266697 ], [ -16.13521704, 28.5827921 ], [ -16.13504699, 28.58276283 ], [ -16.1350705, 28.58266697 ] ] ], [ [ [ -15.38194044, 27.861821 ], [ -15.38120326, 27.86102322 ], [ -15.38220618, 27.86142216 ], [ -15.38194044, 27.861821 ] ] ], [ [ [ -15.35966515, 27.93964588 ], [ -15.35881176, 27.93916786 ], [ -15.35934266, 27.93894982 ], [ -15.35966515, 27.93964588 ] ] ], [ [ [ -15.36495288, 27.99313009 ], [ -15.36290227, 27.99302178 ], [ -15.36352395, 27.99220047 ], [ -15.36495288, 27.99313009 ] ] ], [ [ [ -15.38504556, 28.02777484 ], [ -15.38575393, 28.02757787 ], [ -15.38479686, 28.02792629 ], [ -15.38504556, 28.02777484 ] ] ], [ [ [ -15.38654248, 28.02989563 ], [ -15.38688826, 28.02929525 ], [ -15.38699237, 28.02967681 ], [ -15.38654248, 28.02989563 ] ] ], [ [ [ -14.51266066, 28.06787506 ], [ -14.51269213, 28.06856844 ], [ -14.51202214, 28.06887208 ], [ -14.51266066, 28.06787506 ] ] ], [ [ [ -14.51140315, 28.06937449 ], [ -14.51173782, 28.0691816 ], [ -14.51153068, 28.0695284 ], [ -14.51140315, 28.06937449 ] ] ], [ [ [ -14.51139103, 28.0700289 ], [ -14.51159533, 28.0700856 ], [ -14.51155312, 28.07019287 ], [ -14.51139103, 28.0700289 ] ] ], [ [ [ -14.50102644, 28.09036376 ], [ -14.50134282, 28.09018256 ], [ -14.50107786, 28.09047046 ], [ -14.50102644, 28.09036376 ] ] ], [ [ [ -14.50073337, 28.09122477 ], [ -14.50098971, 28.09082219 ], [ -14.50098133, 28.09131413 ], [ -14.50073337, 28.09122477 ] ] ], [ [ [ -14.43529708, 28.10209673 ], [ -14.43500121, 28.10241507 ], [ -14.43463339, 28.10228266 ], [ -14.43529708, 28.10209673 ] ] ], [ [ [ -14.47699943, 28.10416947 ], [ -14.47655305, 28.10385002 ], [ -14.47673239, 28.1038164 ], [ -14.47699943, 28.10416947 ] ] ], [ [ [ -14.47474044, 28.10479814 ], [ -14.47507586, 28.10490594 ], [ -14.47463135, 28.10503965 ], [ -14.47474044, 28.10479814 ] ] ], [ [ [ -15.40339662, 28.17064102 ], [ -15.40256014, 28.17086916 ], [ -15.40338251, 28.17040907 ], [ -15.40339662, 28.17064102 ] ] ], [ [ [ -15.40236272, 28.17228426 ], [ -15.40199007, 28.1723323 ], [ -15.40228693, 28.17217435 ], [ -15.40236272, 28.17228426 ] ] ], [ [ [ -14.322724522, 28.049256669 ], [ -14.477632853, 28.077841124 ], [ -14.5100396, 28.068217782 ], [ -14.491241814, 28.111009505 ], [ -14.481206471, 28.100237059 ], [ -14.450285955, 28.10011573 ], [ -14.424638236, 28.103134764 ], [ -14.373489783, 28.116666694 ], [ -14.222911918, 28.215250174 ], [ -14.208355352, 28.260066357 ], [ -14.203924385, 28.328093557 ], [ -14.162259449, 28.368727858 ], [ -14.147018192, 28.438464645 ], [ -14.098079421, 28.478862169 ], [ -14.033336532, 28.593062335 ], [ -14.038638494, 28.615239417 ], [ -14.031665169, 28.624887077 ], [ -14.032405577, 28.631936072 ], [ -14.026391053, 28.635397692 ], [ -14.02497669, 28.646185915 ], [ -14.01901602, 28.650562777 ], [ -14.00889301, 28.677273708 ], [ -14.017426286, 28.714782455 ], [ -13.926594539, 28.751414251 ], [ -13.865280365, 28.745285156 ], [ -13.830894502, 28.693860933 ], [ -13.82550349, 28.555271974 ], [ -13.84272353, 28.503774556 ], [ -13.867572617, 28.480674175 ], [ -13.849878072, 28.400604751 ], [ -13.917251819, 28.251958497 ], [ -14.012667956, 28.207675272 ], [ -14.218641838, 28.164992939 ], [ -14.322724522, 28.049256669 ] ] ], [ [ [ -14.20983424, 28.25776504 ], [ -14.20987025, 28.25799632 ], [ -14.2097332, 28.25805691 ], [ -14.20983424, 28.25776504 ] ] ], [ [ [ -14.2091477, 28.25975953 ], [ -14.20929818, 28.25912313 ], [ -14.20963163, 28.25924963 ], [ -14.2091477, 28.25975953 ] ] ], [ [ [ -14.21155178, 28.26776817 ], [ -14.21188029, 28.26787658 ], [ -14.21167411, 28.26804689 ], [ -14.21155178, 28.26776817 ] ] ], [ [ [ -14.16173428, 28.39268935 ], [ -14.16120333, 28.39271136 ], [ -14.16169935, 28.39232899 ], [ -14.16173428, 28.39268935 ] ] ], [ [ [ -14.15873231, 28.40768328 ], [ -14.15862242, 28.4075084 ], [ -14.15873644, 28.40741884 ], [ -14.15873231, 28.40768328 ] ] ], [ [ [ -14.15882986, 28.40838612 ], [ -14.15905316, 28.40854998 ], [ -14.15891996, 28.40861234 ], [ -14.15882986, 28.40838612 ] ] ], [ [ [ -14.15880585, 28.41129693 ], [ -14.15851598, 28.41115885 ], [ -14.1589086, 28.41082459 ], [ -14.15880585, 28.41129693 ] ] ], [ [ [ -14.15797845, 28.41109776 ], [ -14.15825742, 28.4109343 ], [ -14.15804251, 28.41138789 ], [ -14.15797845, 28.41109776 ] ] ], [ [ [ -14.15824948, 28.41219702 ], [ -14.15843462, 28.41163583 ], [ -14.15855037, 28.41171598 ], [ -14.15824948, 28.41219702 ] ] ], [ [ [ -14.08982143, 28.49849652 ], [ -14.08983362, 28.49826644 ], [ -14.08997155, 28.49826736 ], [ -14.08982143, 28.49849652 ] ] ], [ [ [ -14.0895656, 28.49854264 ], [ -14.08961032, 28.49833264 ], [ -14.08974687, 28.49837417 ], [ -14.0895656, 28.49854264 ] ] ], [ [ [ -14.08696143, 28.50646896 ], [ -14.08729698, 28.50606685 ], [ -14.08736151, 28.50616747 ], [ -14.08696143, 28.50646896 ] ] ], [ [ [ -14.07438786, 28.52755973 ], [ -14.07397788, 28.528512784 ], [ -14.074203024, 28.527192016 ], [ -14.07438786, 28.52755973 ] ] ], [ [ [ -14.07321768, 28.52849225 ], [ -14.07334042, 28.52859779 ], [ -14.07322633, 28.52867103 ], [ -14.07321768, 28.52849225 ] ] ], [ [ [ -14.0711543, 28.53209666 ], [ -14.07114251, 28.5322762 ], [ -14.07109298, 28.53221358 ], [ -14.0711543, 28.53209666 ] ] ], [ [ [ -14.070234668, 28.537079007 ], [ -14.069780819, 28.53708312 ], [ -14.070270582, 28.536946572 ], [ -14.070234668, 28.537079007 ] ] ], [ [ [ -14.069683929, 28.540898621 ], [ -14.069798762, 28.540276618 ], [ -14.070233887, 28.539961886 ], [ -14.069683929, 28.540898621 ] ] ], [ [ [ -14.06882869, 28.54156338 ], [ -14.06877426, 28.54124349 ], [ -14.06886813, 28.54114575 ], [ -14.06882869, 28.54156338 ] ] ], [ [ [ -14.069319253, 28.541686794 ], [ -14.069303347, 28.54140327 ], [ -14.069382372, 28.541366806 ], [ -14.069319253, 28.541686794 ] ] ], [ [ [ -14.06582675, 28.54711266 ], [ -14.0660584, 28.54738864 ], [ -14.06577588, 28.54743363 ], [ -14.06582675, 28.54711266 ] ] ], [ [ [ -14.035501108, 28.620421398 ], [ -14.035405498, 28.620138211 ], [ -14.035544306, 28.620059771 ], [ -14.035501108, 28.620421398 ] ] ], [ [ [ -14.035990394, 28.620272343 ], [ -14.036051757, 28.620497521 ], [ -14.03584361, 28.620552001 ], [ -14.035990394, 28.620272343 ] ] ], [ [ [ -14.035619171, 28.620262482 ], [ -14.035772308, 28.620519001 ], [ -14.03563722, 28.620638082 ], [ -14.035619171, 28.620262482 ] ] ], [ [ [ -14.032334695, 28.625053421 ], [ -14.03238874, 28.625406714 ], [ -14.031998517, 28.625458985 ], [ -14.032334695, 28.625053421 ] ] ], [ [ [ -14.032839421, 28.631368741 ], [ -14.033136418, 28.631779728 ], [ -14.032802771, 28.631572462 ], [ -14.032839421, 28.631368741 ] ] ], [ [ [ -14.033818333, 28.631380237 ], [ -14.033488592, 28.631751552 ], [ -14.033410293, 28.631476611 ], [ -14.033818333, 28.631380237 ] ] ], [ [ [ -13.816751991, 28.734949368 ], [ -13.817097669, 28.735169 ], [ -13.816874766, 28.735231129 ], [ -13.816751991, 28.734949368 ] ] ], [ [ [ -13.814663217, 28.7362984 ], [ -13.814410052, 28.736682462 ], [ -13.814128319, 28.736694431 ], [ -13.814663217, 28.7362984 ] ] ], [ [ [ -13.818252056, 28.73668361 ], [ -13.818012515, 28.737223032 ], [ -13.817883193, 28.736157821 ], [ -13.818252056, 28.73668361 ] ] ], [ [ [ -13.816958782, 28.737590169 ], [ -13.815965628, 28.737124796 ], [ -13.817483541, 28.737002702 ], [ -13.816958782, 28.737590169 ] ] ], [ [ [ -13.81444623, 28.73937321 ], [ -13.83571513, 28.75239205 ], [ -13.81428346, 28.76529502 ], [ -13.81444623, 28.73937321 ] ] ], [ [ [ -13.829515603, 28.756464852 ], [ -13.829443211, 28.75689473 ], [ -13.829255618, 28.756358809 ], [ -13.829515603, 28.756464852 ] ] ], [ [ [ -13.60568232, 28.940908088 ], [ -13.643547724, 28.919199884 ], [ -13.736613009, 28.906448813 ], [ -13.787202638, 28.838401982 ], [ -13.800695446, 28.858331833 ], [ -13.876885573, 28.859637841 ], [ -13.881772833, 28.886057363 ], [ -13.829172946, 28.930347013 ], [ -13.833863544, 28.989937532 ], [ -13.815180577, 29.033305899 ], [ -13.760810615, 29.067384695 ], [ -13.756187563, 29.077605769 ], [ -13.70689105, 29.080000572 ], [ -13.651977779, 29.113895844 ], [ -13.657795316, 29.123799032 ], [ -13.632939634, 29.11611351 ], [ -13.601749847, 29.136280787 ], [ -13.543553163, 29.12091954 ], [ -13.524665281, 29.141254166 ], [ -13.497032341, 29.218259113 ], [ -13.46984353, 29.240877153 ], [ -13.41915368, 29.197508906 ], [ -13.428911234, 29.154475851 ], [ -13.464224323, 29.127910657 ], [ -13.447430348, 29.091247317 ], [ -13.466407109, 29.055340145 ], [ -13.464786434, 29.019128289 ], [ -13.52812471, 28.96416385 ], [ -13.60568232, 28.940908088 ] ] ], [ [ [ -13.834589548, 28.941635623 ], [ -13.83478423, 28.941842177 ], [ -13.834550368, 28.941744487 ], [ -13.834589548, 28.941635623 ] ] ], [ [ [ -13.834090295, 28.942790115 ], [ -13.834168079, 28.942899089 ], [ -13.834024773, 28.942868967 ], [ -13.834090295, 28.942790115 ] ] ], [ [ [ -13.554715848, 28.955295106 ], [ -13.553972781, 28.953905472 ], [ -13.555077232, 28.954910935 ], [ -13.554715848, 28.955295106 ] ] ], [ [ [ -13.543667047, 28.953828602 ], [ -13.549784005, 28.955773575 ], [ -13.547336996, 28.958111587 ], [ -13.543667047, 28.953828602 ] ] ], [ [ [ -13.834873958, 28.970855714 ], [ -13.834286771, 28.970227901 ], [ -13.834975839, 28.970556064 ], [ -13.834873958, 28.970855714 ] ] ], [ [ [ -13.759590902, 29.071877681 ], [ -13.759939102, 29.072139007 ], [ -13.759555936, 29.072052438 ], [ -13.759590902, 29.071877681 ] ] ], [ [ [ -13.759435347, 29.072171352 ], [ -13.759662429, 29.072510075 ], [ -13.759124332, 29.072150428 ], [ -13.759435347, 29.072171352 ] ] ], [ [ [ -13.540174927, 29.13678739 ], [ -13.539845635, 29.136668292 ], [ -13.540195104, 29.136741586 ], [ -13.540174927, 29.13678739 ] ] ], [ [ [ -13.538276634, 29.136919206 ], [ -13.538486198, 29.136927809 ], [ -13.538264869, 29.136951565 ], [ -13.538276634, 29.136919206 ] ] ], [ [ [ -13.53883125, 29.137022717 ], [ -13.538845976, 29.136926318 ], [ -13.538872486, 29.137014142 ], [ -13.53883125, 29.137022717 ] ] ], [ [ [ -13.539561977, 29.137101974 ], [ -13.539568342, 29.137160701 ], [ -13.539527705, 29.137126868 ], [ -13.539561977, 29.137101974 ] ] ], [ [ [ -13.538641122, 29.137165933 ], [ -13.538850515, 29.137114071 ], [ -13.538862605, 29.137131349 ], [ -13.538641122, 29.137165933 ] ] ], [ [ [ -13.538202388, 29.137153929 ], [ -13.538143929, 29.137362653 ], [ -13.538060907, 29.13727331 ], [ -13.538202388, 29.137153929 ] ] ], [ [ [ -13.537639635, 29.13762517 ], [ -13.537517248, 29.137484862 ], [ -13.537799712, 29.137426579 ], [ -13.537639635, 29.13762517 ] ] ], [ [ [ -13.539018438, 29.137595991 ], [ -13.539177805, 29.13766541 ], [ -13.539131315, 29.13768205 ], [ -13.539018438, 29.137595991 ] ] ], [ [ [ -13.539213392, 29.138492418 ], [ -13.539179195, 29.138366608 ], [ -13.539231328, 29.13838703 ], [ -13.539213392, 29.138492418 ] ] ], [ [ [ -13.524529754, 29.144696305 ], [ -13.524669589, 29.144622042 ], [ -13.524684808, 29.144707939 ], [ -13.524529754, 29.144696305 ] ] ], [ [ [ -13.524490193, 29.146529584 ], [ -13.524183202, 29.146503643 ], [ -13.524514864, 29.146457662 ], [ -13.524490193, 29.146529584 ] ] ], [ [ [ -13.52265019, 29.155145446 ], [ -13.523268283, 29.155775831 ], [ -13.522251303, 29.155648204 ], [ -13.52265019, 29.155145446 ] ] ], [ [ [ -13.523653742, 29.158008149 ], [ -13.523575084, 29.158332152 ], [ -13.522891847, 29.158014187 ], [ -13.523653742, 29.158008149 ] ] ], [ [ [ -13.426745917, 29.162926325 ], [ -13.426836302, 29.162963228 ], [ -13.426747201, 29.16296381 ], [ -13.426745917, 29.162926325 ] ] ], [ [ [ -13.426414277, 29.164224085 ], [ -13.426407629, 29.164181324 ], [ -13.426455632, 29.164188746 ], [ -13.426414277, 29.164224085 ] ] ], [ [ [ -13.439653359, 29.219466464 ], [ -13.441208072, 29.221478875 ], [ -13.44070387, 29.222642497 ], [ -13.43958388, 29.221674706 ], [ -13.439251654, 29.220111499 ], [ -13.439653359, 29.219466464 ] ] ], [ [ [ -13.4733486, 29.270763893 ], [ -13.501473248, 29.226589396 ], [ -13.547625857, 29.222502545 ], [ -13.51120863, 29.290724413 ], [ -13.4733486, 29.270763893 ] ] ], [ [ [ -13.33495836, 29.277407355 ], [ -13.339650315, 29.275388516 ], [ -13.337534489, 29.277790455 ], [ -13.33495836, 29.277407355 ] ] ], [ [ [ -13.539677454, 29.303059633 ], [ -13.531302665, 29.290294459 ], [ -13.540285621, 29.289474286 ], [ -13.539677454, 29.303059633 ] ] ], [ [ [ -13.527243447, 29.310107975 ], [ -13.526992133, 29.31190639 ], [ -13.526371752, 29.31144293 ], [ -13.527243447, 29.310107975 ] ] ], [ [ [ -13.52322383, 29.38267555 ], [ -13.51858797, 29.41014237 ], [ -13.50572976, 29.41601134 ], [ -13.48620954, 29.40338687 ], [ -13.52322383, 29.38267555 ] ] ], [ [ [ -13.53162751, 29.40073315 ], [ -13.53162259, 29.40050208 ], [ -13.53170845, 29.40069433 ], [ -13.53162751, 29.40073315 ] ] ], [ [ [ -13.52917549, 29.40283845 ], [ -13.52938337, 29.40314485 ], [ -13.5291528, 29.40312606 ], [ -13.52917549, 29.40283845 ] ] ], [ [ [ -13.48598643, 29.40363068 ], [ -13.48598562, 29.4037543 ], [ -13.48586933, 29.40360499 ], [ -13.48598643, 29.40363068 ] ] ], [ [ [ -13.52685587, 29.40525919 ], [ -13.52665196, 29.40553578 ], [ -13.52661369, 29.40533051 ], [ -13.52685587, 29.40525919 ] ] ], [ [ [ -13.524605171, 29.410179365 ], [ -13.524548042, 29.410352892 ], [ -13.524498227, 29.410234128 ], [ -13.524605171, 29.410179365 ] ] ], [ [ [ -13.52420838, 29.41025077 ], [ -13.52421895, 29.41037542 ], [ -13.52415107, 29.41029435 ], [ -13.52420838, 29.41025077 ] ] ], [ [ [ -13.518442803, 29.4114817 ], [ -13.519007782, 29.411468129 ], [ -13.518219036, 29.411774291 ], [ -13.518442803, 29.4114817 ] ] ], [ [ [ -13.522623804, 29.411854794 ], [ -13.522254703, 29.411721659 ], [ -13.52258178, 29.411411257 ], [ -13.522623804, 29.411854794 ] ] ], [ [ [ -13.51890676, 29.4121095 ], [ -13.51911299, 29.41224445 ], [ -13.51896639, 29.41226177 ], [ -13.51890676, 29.4121095 ] ] ], [ [ [ -13.51613747, 29.41239181 ], [ -13.51598931, 29.41230353 ], [ -13.51623167, 29.41236399 ], [ -13.51613747, 29.41239181 ] ] ], [ [ [ -13.516503875, 29.412781213 ], [ -13.515451859, 29.412904851 ], [ -13.514858131, 29.412839579 ], [ -13.516503875, 29.412781213 ] ] ], [ [ [ -13.497691062, 29.414016003 ], [ -13.49758275, 29.413532009 ], [ -13.498076441, 29.413881382 ], [ -13.497691062, 29.414016003 ] ] ], [ [ [ -13.501250725, 29.413817871 ], [ -13.501607479, 29.414299243 ], [ -13.501427591, 29.41440731 ], [ -13.501250725, 29.413817871 ] ] ], [ [ [ -13.51181916, 29.41514735 ], [ -13.51181987, 29.41502824 ], [ -13.51189437, 29.4150787 ], [ -13.51181916, 29.41514735 ] ] ], [ [ [ -13.511399669, 29.415643483 ], [ -13.511580372, 29.415196116 ], [ -13.511805263, 29.415676891 ], [ -13.511399669, 29.415643483 ] ] ], [ [ [ -13.503613974, 29.416210479 ], [ -13.503424231, 29.416076599 ], [ -13.503579309, 29.415973666 ], [ -13.503613974, 29.416210479 ] ] ], [ [ [ -13.504718272, 29.416038793 ], [ -13.504701361, 29.416419408 ], [ -13.504638157, 29.416160618 ], [ -13.504718272, 29.416038793 ] ] ] ] } }
]
}
